unitid,name,state_abbr,enrollment,sector,pct_exclusively_online,housing_capacity,rape_2022,rape_2023,rape_2024
102845,Charter College,AK,2157,"Private for-profit, 4-year or above",29.6,0,0,0,0
102553,University of Alaska Anchorage,AK,10493,"Public, 4-year or above",33.2,996,5,6,8
102614,University of Alaska Fairbanks,AK,6893,"Public, 4-year or above",46.2,1746,10,14,5
102632,University of Alaska Southeast,AK,2000,"Public, 4-year or above",49.0,275,0,1,0
100654,Alabama A & M University,AL,7295,"Public, 4-year or above",6.1,3620,4,6,7
100724,Alabama State University,AL,4081,"Public, 4-year or above",13.0,2079,1,1,0
100812,Athens State University,AL,2986,"Public, 4-year or above",70.4,0,0,0,0
100858,Auburn University,AL,34145,"Public, 4-year or above",10.0,4598,12,10,3
100830,Auburn University at Montgomery,AL,5217,"Public, 4-year or above",20.5,1200,1,2,1
102429,Bevill State Community College,AL,4378,"Public, 2-year",23.5,60,0,0,0
102030,Bishop State Community College,AL,4001,"Public, 2-year",19.9,0,0,0,0
100760,Central Alabama Community College,AL,2140,"Public, 2-year",17.4,0,0,0,0
101028,Chattahoochee Valley Community College,AL,1705,"Public, 2-year",15.3,0,0,0,0
101161,Coastal Alabama Community College,AL,7553,"Public, 2-year",28.9,572,0,0,0
450933,Columbia Southern University,AL,17763,"Private for-profit, 4-year or above",100.0,0,0,0,0
101143,Enterprise State Community College,AL,2699,"Public, 2-year",29.0,0,0,0,0
101189,Faulkner University,AL,3086,"Private nonprofit, 4-year or above",41.9,694,0,0,0
101240,Gadsden State Community College,AL,5071,"Public, 2-year",24.3,110,0,0,0
101286,George C Wallace Community College-Dothan,AL,4044,"Public, 2-year",18.2,0,0,0,0
101295,George C Wallace State Community College-Hanceville,AL,6424,"Public, 2-year",21.4,180,0,0,0
101301,George C Wallace State Community College-Selma,AL,1925,"Public, 2-year",42.2,0,0,0,0
102313,H Councill Trenholm State Community College,AL,2046,"Public, 2-year",34.0,0,0,0,0
101462,J. F. Drake State Community and Technical College,AL,1187,"Public, 2-year",12.0,0,0,0,0
101480,Jacksonville State University,AL,9955,"Public, 4-year or above",22.4,2607,2,4,4
101505,Jefferson State Community College,AL,9240,"Public, 2-year",35.0,0,0,0,0
101514,John C Calhoun State Community College,AL,9119,"Public, 2-year",35.4,0,0,0,0
101569,Lawson State Community College,AL,3453,"Public, 2-year",16.9,156,1,1,0
101602,Lurleen B Wallace Community College,AL,2062,"Public, 2-year",26.7,94,0,0,0
101675,Miles College,AL,1180,"Private nonprofit, 4-year or above",8.5,882,1,0,0
101897,Northeast Alabama Community College,AL,3208,"Public, 2-year",32.8,0,0,0,0
101736,Northwest Shoals Community College,AL,4665,"Public, 2-year",18.5,0,0,0,0
101912,Oakwood University,AL,1226,"Private nonprofit, 4-year or above",6.2,1266,0,0,0
102049,Samford University,AL,6097,"Private nonprofit, 4-year or above",1.1,2375,2,1,2
102067,Shelton State Community College,AL,4601,"Public, 2-year",35.5,0,0,0,0
102076,Snead State Community College,AL,2917,"Public, 2-year",52.4,87,0,0,0
251260,Southern Union State Community College,AL,5063,"Public, 2-year",14.7,460,1,0,0
450377,Strayer University-Alabama,AL,1329,"Private for-profit, 4-year or above",99.8,0,0,0,0
100751,The University of Alabama,AL,40846,"Public, 4-year or above",15.1,9294,27,31,16
102368,Troy University,AL,13658,"Public, 4-year or above",51.3,1976,2,2,1
102377,Tuskegee University,AL,3121,"Private nonprofit, 4-year or above",0.9,1500,1,1,0
100663,University of Alabama at Birmingham,AL,20905,"Public, 4-year or above",27.4,3480,4,8,6
100706,University of Alabama in Huntsville,AL,8564,"Public, 4-year or above",9.8,2148,3,6,2
101693,University of Mobile,AL,1545,"Private nonprofit, 4-year or above",7.8,687,0,0,0
101709,University of Montevallo,AL,3088,"Public, 4-year or above",21.7,1373,1,1,1
101879,University of North Alabama,AL,10204,"Public, 4-year or above",33.7,2441,8,2,6
102094,University of South Alabama,AL,14003,"Public, 4-year or above",28.8,3405,4,5,3
101587,University of West Alabama,AL,6820,"Public, 4-year or above",74.7,920,1,0,2
107327,Arkansas Northeastern College,AR,1461,"Public, 2-year",54.3,0,0,0,0
106458,Arkansas State University,AR,15726,"Public, 4-year or above",46.9,3491,5,5,7
107318,Arkansas State University Mid-South,AR,1022,"Public, 2-year",20.3,0,0,0,0
107521,Arkansas State University Three Rivers,AR,1983,"Public, 2-year",7.0,0,0,0,0
106449,Arkansas State University-Beebe,AR,3277,"Public, 2-year",24.1,248,0,0,0
420538,Arkansas State University-Mountain Home,AR,1315,"Public, 2-year",30.9,0,0,0,0
440402,Arkansas State University-Newport,AR,1868,"Public, 2-year",31.5,34,0,0,0
106467,Arkansas Tech University,AR,8746,"Public, 4-year or above",25.7,2058,6,4,2
106625,Black River Technical College,AR,1705,"Public, 2-year",35.9,0,0,0,0
106795,Cossatot Community College of the University of Arkansas,AR,1312,"Public, 2-year",23.4,0,0,0,0
106883,East Arkansas Community College,AR,1401,"Public, 2-year",37.8,0,0,0,0
107044,Harding University,AR,4696,"Private nonprofit, 4-year or above",12.3,2687,2,1,2
107071,Henderson State University,AR,2055,"Public, 4-year or above",33.9,2061,0,0,2
107080,Hendrix College,AR,1110,"Private nonprofit, 4-year or above",0.0,1258,3,1,0
107141,John Brown University,AR,2350,"Private nonprofit, 4-year or above",16.4,1145,0,0,1
106980,National Park College,AR,1805,"Public, 2-year",21.5,180,0,1,0
107460,North Arkansas College,AR,2089,"Public, 2-year",21.6,64,0,0,0
367459,NorthWest Arkansas Community College,AR,8412,"Public, 2-year",28.5,0,0,0,0
107512,Ouachita Baptist University,AR,1858,"Private nonprofit, 4-year or above",2.1,1661,0,1,0
107549,Ozarka College,AR,1069,"Public, 2-year",37.2,32,0,0,0
107619,Phillips Community College of the University of Arkansas,AR,1199,"Public, 2-year",8.4,0,0,0,0
107974,South Arkansas College,AR,1207,"Public, 2-year",30.3,0,0,0,0
107983,Southern Arkansas University Main Campus,AR,4732,"Public, 4-year or above",29.6,2141,2,0,2
106397,University of Arkansas,AR,33610,"Public, 4-year or above",10.1,6900,14,9,6
106999,University of Arkansas Community College-Batesville,AR,1192,"Public, 2-year",29.3,0,0,0,0
107585,University of Arkansas Community College-Morrilton,AR,2248,"Public, 2-year",11.8,0,0,0,0
107725,University of Arkansas Hope-Texarkana,AR,1305,"Public, 2-year",24.3,0,0,0,0
106245,University of Arkansas at Little Rock,AR,8216,"Public, 4-year or above",38.0,1395,0,2,2
106485,University of Arkansas at Monticello,AR,2856,"Public, 4-year or above",26.9,725,1,0,0
106412,University of Arkansas at Pine Bluff,AR,2005,"Public, 4-year or above",8.1,1418,2,0,0
106263,University of Arkansas for Medical Sciences,AR,3485,"Public, 4-year or above",33.9,177,0,2,0
108092,University of Arkansas-Fort Smith,AR,5496,"Public, 4-year or above",18.6,918,4,2,1
107664,University of Arkansas-Pulaski Technical College,AR,4478,"Public, 2-year",46.0,0,0,0,0
106704,University of Central Arkansas,AR,10112,"Public, 4-year or above",13.9,3435,2,4,2
105899,Arizona Christian University,AZ,1421,"Private nonprofit, 4-year or above",13.9,650,0,0,0
495457,Arizona College of Nursing-Phoenix,AZ,1229,"Private for-profit, 4-year or above",0.0,0,0,0,0
421708,Arizona College of Nursing-Tempe,AZ,1202,"Private for-profit, 4-year or above",0.0,0,0,0,0
104151,Arizona State University Campus Immersion,AZ,79818,"Public, 4-year or above",5.0,16179,28,20,27
104160,Arizona Western College,AZ,8964,"Public, 2-year",30.8,262,0,0,0
454829,Aspen University,AZ,3511,"Private for-profit, 4-year or above",94.6,0,0,0,0
110219,Bryan University,AZ,2519,"Private for-profit, 4-year or above",100.0,0,0,0,0
103893,Carrington College-Phoenix North,AZ,1080,"Private for-profit, 2-year",17.4,0,0,0,0
104346,Central Arizona College,AZ,5053,"Public, 2-year",11.1,250,0,0,1
364025,Chandler-Gilbert Community College,AZ,15085,"Public, 2-year",18.4,35,0,0,0
104425,Cochise County Community College District,AZ,3905,"Public, 4-year or above",31.3,201,1,0,0
404426,Coconino Community College,AZ,2524,"Public, 2-year",23.1,0,0,0,0
105297,Dine College,AZ,1434,"Public, 4-year or above",64.6,153,0,0,0
104577,Eastern Arizona College,AZ,5213,"Public, 4-year or above",8.7,421,0,0,0
104586,Embry-Riddle Aeronautical University-Prescott,AZ,3264,"Private nonprofit, 4-year or above",0.5,1474,1,0,0
384333,Estrella Mountain Community College,AZ,10109,"Public, 2-year",30.0,0,0,0,0
105145,GateWay Community College,AZ,5553,"Public, 4-year or above",29.0,0,0,0,0
104708,Glendale Community College,AZ,13914,"Public, 4-year or above",22.2,0,0,0,0
104717,Grand Canyon University,AZ,113257,"Private for-profit, 4-year or above",77.4,18485,33,13,13
105154,Mesa Community College,AZ,17077,"Public, 4-year or above",25.6,0,0,1,0
423643,Midwestern University-Glendale,AZ,3738,"Private nonprofit, 4-year or above",0.4,560,0,0,0
105206,Mohave Community College,AZ,4619,"Public, 2-year",27.8,0,0,0,0
105330,Northern Arizona University,AZ,28467,"Public, 4-year or above",18.1,10274,27,20,18
105349,Northland Pioneer College,AZ,3158,"Public, 4-year or above",28.8,0,0,0,0
364016,Paradise Valley Community College,AZ,6148,"Public, 4-year or above",25.8,0,0,0,0
105428,Phoenix College,AZ,10660,"Public, 4-year or above",27.5,0,0,0,1
105525,Pima Community College,AZ,16283,"Public, 2-year",31.5,0,2,0,0
105534,Pima Medical Institute-Tucson,AZ,2676,"Private for-profit, 4-year or above",69.0,0,0,0,0
105659,Refrigeration School Inc,AZ,1417,"Private for-profit, 2-year",0.0,0,0,0,0
105668,Rio Salado College,AZ,18841,"Public, 4-year or above",40.4,0,0,0,0
105747,Scottsdale Community College,AZ,7065,"Public, 4-year or above",27.3,0,0,0,0
105792,South Mountain Community College,AZ,4516,"Public, 4-year or above",29.6,0,0,0,0
442781,Tohono O'odham Community College,AZ,1165,"Public, 2-year",89.1,36,0,0,0
487481,UEI College-Phoenix,AZ,1234,"Private for-profit, less-than 2-year",0.0,0,0,1,0
106041,Universal Technical Institute of Arizona Inc,AZ,1957,"Private for-profit, 2-year",0.0,0,0,0,0
104179,University of Arizona,AZ,56365,"Public, 4-year or above",20.6,7619,83,26,36
484613,University of Phoenix-Arizona,AZ,111248,"Private for-profit, 4-year or above",99.8,0,0,0,0
106148,Yavapai College,AZ,7428,"Public, 4-year or above",28.8,216,0,0,0
108232,Academy of Art University,CA,5498,"Private for-profit, 4-year or above",54.1,1488,2,0,0
108807,Allan Hancock College,CA,11463,"Public, 2-year",12.4,0,0,1,0
110468,Alliant International University-San Diego,CA,4530,"Private for-profit, 4-year or above",66.0,0,0,0,0
441052,American Career College-Anaheim,CA,1644,"Private for-profit, 2-year",0.0,0,0,0,0
109040,American Career College-Los Angeles,CA,2168,"Private for-profit, 2-year",0.0,0,0,0,0
447768,American Career College-Ontario,CA,2242,"Private for-profit, 2-year",0.0,0,0,0,0
109208,American River College,CA,30462,"Public, 2-year",43.4,0,0,0,0
109350,Antelope Valley Community College District,CA,13532,"Public, 4-year or above",24.4,0,0,0,2
109651,Art Center College of Design,CA,2308,"Private nonprofit, 4-year or above",1.8,0,0,0,0
109785,Azusa Pacific University,CA,6272,"Private nonprofit, 4-year or above",10.0,2106,1,0,4
109819,Bakersfield College,CA,30746,"Public, 4-year or above",24.0,0,0,0,0
109907,Barstow Community College,CA,3226,"Public, 2-year",84.9,0,0,0,0
125170,Berkeley City College,CA,6278,"Public, 2-year",55.5,0,0,0,0
110097,Biola University,CA,5434,"Private nonprofit, 4-year or above",19.0,2773,2,0,2
110246,Butte College,CA,10968,"Public, 2-year",26.7,0,0,0,1
439367,CBD College,CA,1581,"Private nonprofit, 4-year or above",41.5,0,0,0,0
110334,Cabrillo College,CA,9457,"Public, 2-year",22.3,0,0,0,1
110361,California Baptist University,CA,11902,"Private nonprofit, 4-year or above",23.9,3670,6,0,5
110370,California College of the Arts,CA,1308,"Private nonprofit, 4-year or above",0.1,732,0,1,0
490285,California Institute of Arts & Technology,CA,2112,"Private for-profit, 4-year or above",100.0,0,0,0,0
110316,California Institute of Integral Studies,CA,1874,"Private nonprofit, 4-year or above",52.1,0,0,0,0
110404,California Institute of Technology,CA,2430,"Private nonprofit, 4-year or above",0.0,1575,5,3,1
111081,California Institute of the Arts,CA,1277,"Private nonprofit, 4-year or above",0.0,486,1,0,0
110413,California Lutheran University,CA,3351,"Private nonprofit, 4-year or above",4.7,1517,2,0,2
110422,California Polytechnic State University-San Luis Obispo,CA,23069,"Public, 4-year or above",0.5,8820,20,15,11
115755,California State Polytechnic University-Humboldt,CA,6237,"Public, 4-year or above",9.1,2191,7,7,27
110529,California State Polytechnic University-Pomona,CA,27636,"Public, 4-year or above",3.2,4149,7,4,1
110486,California State University-Bakersfield,CA,10419,"Public, 4-year or above",15.1,500,0,1,1
441937,California State University-Channel Islands,CA,5592,"Public, 4-year or above",15.3,1528,7,4,2
110538,California State University-Chico,CA,15257,"Public, 4-year or above",14.8,1758,1,3,6
110547,California State University-Dominguez Hills,CA,15182,"Public, 4-year or above",13.3,1167,0,1,1
110574,California State University-East Bay,CA,12326,"Public, 4-year or above",32.9,1416,4,4,2
110556,California State University-Fresno,CA,24427,"Public, 4-year or above",4.0,1228,1,1,5
110565,California State University-Fullerton,CA,43662,"Public, 4-year or above",8.9,2278,7,5,5
110583,California State University-Long Beach,CA,42003,"Public, 4-year or above",5.2,3216,1,5,5
110592,California State University-Los Angeles,CA,23163,"Public, 4-year or above",4.9,2483,4,1,1
409698,California State University-Monterey Bay,CA,7713,"Public, 4-year or above",8.0,3376,6,6,5
110608,California State University-Northridge,CA,38313,"Public, 4-year or above",7.7,3253,6,3,8
110617,California State University-Sacramento,CA,31943,"Public, 4-year or above",6.7,3280,6,15,11
110510,California State University-San Bernardino,CA,18492,"Public, 4-year or above",11.1,1486,1,2,3
366711,California State University-San Marcos,CA,16237,"Public, 4-year or above",5.7,1954,5,11,8
110495,California State University-Stanislaus,CA,9724,"Public, 4-year or above",13.1,722,2,1,4
111434,Canada College,CA,6625,"Public, 2-year",8.2,0,0,0,0
433013,Career Networks Institute,CA,1133,"Private for-profit, 4-year or above",0.0,0,0,0,0
125532,Carrington College-Sacramento,CA,2207,"Private for-profit, 4-year or above",56.7,0,0,0,0
111887,Cerritos College,CA,21859,"Public, 2-year",34.6,0,0,0,0
111896,Cerro Coso Community College,CA,5549,"Public, 2-year",46.9,0,0,0,0
111920,Chabot College,CA,12842,"Public, 2-year",37.6,0,0,0,0
111939,Chaffey College,CA,22460,"Public, 2-year",54.4,0,0,0,0
111948,Chapman University,CA,9760,"Private nonprofit, 4-year or above",0.0,3714,8,6,4
112172,Citrus College,CA,10429,"Public, 2-year",29.5,0,0,0,0
112190,City College of San Francisco,CA,19267,"Public, 2-year",22.7,0,0,1,0
112251,Claremont Graduate University,CA,1771,"Private nonprofit, 4-year or above",13.6,0,0,1,0
112260,Claremont McKenna College,CA,1393,"Private nonprofit, 4-year or above",0.0,1244,2,4,4
489201,Clovis Community College,CA,10358,"Public, 2-year",52.2,0,0,1,1
125462,Coalinga College,CA,4175,"Public, 2-year",38.9,160,0,0,0
112385,Coastline Community College,CA,9008,"Public, 2-year",91.5,0,18,9,0
108667,College of Alameda,CA,6141,"Public, 2-year",72.0,0,0,0,0
118347,College of Marin,CA,4838,"Public, 2-year",12.4,0,0,0,0
122791,College of San Mateo,CA,9901,"Public, 2-year",26.9,0,0,0,0
111461,College of the Canyons,CA,18075,"Public, 2-year",36.7,0,0,0,0
113573,College of the Desert,CA,12861,"Public, 2-year",33.8,0,0,0,0
121707,College of the Redwoods,CA,4706,"Public, 2-year",24.7,170,0,0,0
123217,College of the Sequoias,CA,14494,"Public, 2-year",16.0,0,0,0,0
123484,College of the Siskiyous,CA,1575,"Public, 2-year",36.8,153,0,0,0
112561,Columbia College,CA,2828,"Public, 2-year",35.0,0,0,0,0
112686,Compton College,CA,5225,"Public, 2-year",30.1,0,0,0,0
112075,Concordia University-Irvine,CA,3658,"Private nonprofit, 4-year or above",42.6,960,1,0,0
112826,Contra Costa College,CA,6538,"Public, 2-year",46.8,0,0,0,0
395362,Copper Mountain Community College,CA,2019,"Public, 2-year",39.7,0,0,0,0
113096,Cosumnes River College,CA,15744,"Public, 2-year",52.3,0,0,0,0
113111,Crafton Hills College,CA,6768,"Public, 4-year or above",32.1,0,0,0,0
113193,Cuesta College,CA,11283,"Public, 2-year",30.9,0,0,0,0
113218,Cuyamaca College,CA,8905,"Public, 2-year",50.9,0,0,0,0
113236,Cypress College,CA,15924,"Public, 4-year or above",25.0,0,0,0,0
113333,De Anza College,CA,17425,"Public, 2-year",41.1,0,0,0,0
482431,DeVry University-California,CA,2403,"Private for-profit, 4-year or above",73.3,0,0,0,0
113634,Diablo Valley College,CA,17228,"Public, 2-year",33.9,0,1,1,0
113698,Dominican University of California,CA,1900,"Private nonprofit, 4-year or above",16.1,535,2,0,1
113856,East Los Angeles College,CA,33677,"Public, 2-year",41.1,0,0,0,0
113980,El Camino Community College District,CA,21664,"Public, 2-year",28.0,0,0,1,1
114266,Evergreen Valley College,CA,9336,"Public, 2-year",40.7,0,1,0,0
114433,Feather River Community College District,CA,2055,"Public, 4-year or above",59.3,219,0,0,0
444219,Folsom Lake College,CA,11098,"Public, 2-year",59.0,0,0,0,0
114716,Foothill College,CA,12949,"Public, 4-year or above",42.0,0,0,0,0
114789,Fresno City College,CA,28071,"Public, 4-year or above",31.4,0,0,0,0
114813,Fresno Pacific University,CA,2879,"Private nonprofit, 4-year or above",19.7,371,0,1,0
114840,Fuller Theological Seminary,CA,1890,"Private nonprofit, 4-year or above",60.2,228,0,0,1
114859,Fullerton College,CA,19521,"Public, 2-year",30.8,0,0,0,0
114938,Gavilan College,CA,6083,"Public, 2-year",32.0,0,0,0,0
115001,Glendale Community College,CA,12075,"Public, 2-year",31.5,0,0,0,0
115083,Golden Gate University,CA,3098,"Private nonprofit, 4-year or above",77.8,0,0,0,0
115126,Golden West College,CA,10721,"Public, 2-year",39.8,0,6,3,0
115296,Grossmont College,CA,14440,"Public, 2-year",36.8,0,0,0,0
459213,Gurnick Academy of Medical Arts,CA,3437,"Private for-profit, 4-year or above",17.1,0,0,0,0
115393,Hartnell College,CA,11273,"Public, 2-year",18.6,0,0,0,0
484002,High Desert Medical College,CA,2280,"Private for-profit, 2-year",0.8,0,0,0,0
120537,Hope International University,CA,1025,"Private nonprofit, 4-year or above",42.5,416,0,0,0
115861,Imperial Valley College,CA,8873,"Public, 2-year",25.3,26,0,0,0
431141,Institute of Technology,CA,1377,"Private for-profit, 2-year",0.0,0,0,0,0
116439,Irvine Valley College,CA,13018,"Public, 2-year",38.2,0,0,0,0
117627,La Sierra University,CA,1574,"Private nonprofit, 4-year or above",0.0,850,0,0,0
117195,Lake Tahoe Community College,CA,4040,"Public, 2-year",40.9,30,0,0,0
117247,Laney College,CA,9328,"Public, 2-year",41.0,0,0,0,0
366401,Las Positas College,CA,8103,"Public, 2-year",10.0,0,0,0,0
117274,Lassen Community College,CA,2038,"Public, 2-year",45.0,114,0,0,0
454786,Laurus College,CA,1116,"Private for-profit, 4-year or above",19.3,0,0,0,0
448594,Lemoore College,CA,4404,"Public, 2-year",46.3,0,0,0,0
117636,Loma Linda University,CA,4210,"Private nonprofit, 4-year or above",14.0,510,0,0,0
117645,Long Beach City College,CA,24985,"Public, 2-year",28.4,0,0,0,0
117788,Los Angeles City College,CA,14611,"Public, 2-year",53.3,0,0,0,0
436429,Los Angeles Film School,CA,5472,"Private for-profit, 4-year or above",73.2,0,0,0,0
117690,Los Angeles Harbor College,CA,9463,"Public, 2-year",61.3,0,0,0,0
117867,Los Angeles Mission College,CA,10690,"Public, 4-year or above",57.9,0,0,0,0
474863,Los Angeles Pacific University,CA,1881,"Private nonprofit, 4-year or above",100.0,0,0,0,0
117706,Los Angeles Pierce College,CA,16906,"Public, 2-year",44.8,0,0,0,0
117715,Los Angeles Southwest College,CA,5371,"Public, 2-year",66.7,0,0,0,0
117724,Los Angeles Trade Technical College,CA,12519,"Public, 2-year",29.3,0,0,0,0
117733,Los Angeles Valley College,CA,15999,"Public, 4-year or above",57.1,0,0,0,0
117894,Los Medanos College,CA,8455,"Public, 2-year",36.0,0,0,0,0
117946,Loyola Marymount University,CA,10179,"Private nonprofit, 4-year or above",7.0,3685,3,11,7
118198,MTI College,CA,2000,"Private for-profit, 2-year",44.3,0,0,0,0
497046,Madera Community College,CA,6636,"Public, 2-year",49.0,0,0,0,0
118684,Mendocino College,CA,4225,"Public, 2-year",34.8,0,0,0,0
118718,Merced College,CA,12472,"Public, 2-year",40.6,0,1,0,0
118772,Merritt College,CA,7022,"Public, 2-year",57.0,0,0,0,0
118912,MiraCosta College,CA,11478,"Public, 4-year or above",49.2,0,0,1,1
118930,Mission College,CA,6909,"Public, 2-year",33.9,0,0,0,0
118976,Modesto Junior College,CA,18258,"Public, 4-year or above",36.9,0,0,0,0
119067,Monterey Peninsula College,CA,7173,"Public, 2-year",24.0,0,0,1,0
119137,Moorpark College,CA,14583,"Public, 4-year or above",51.8,0,0,0,0
460394,Moreno Valley College,CA,11920,"Public, 2-year",44.5,0,0,0,0
119173,Mount Saint Mary's University,CA,2312,"Private nonprofit, 4-year or above",3.9,601,0,0,3
119164,Mt San Antonio College,CA,29971,"Public, 2-year",23.6,0,3,2,0
119216,Mt San Jacinto Community College District,CA,17627,"Public, 2-year",1.0,0,1,0,0
119331,Napa Valley College,CA,4844,"Public, 2-year",38.5,0,0,1,0
119553,National Holistic Institute,CA,1258,"Private for-profit, less-than 2-year",13.4,0,0,0,0
119605,National University,CA,22115,"Private nonprofit, 4-year or above",83.2,0,0,0,0
461148,New York Film Academy,CA,1132,"Private for-profit, 4-year or above",0.6,110,1,0,0
460464,Norco College,CA,11351,"Public, 2-year",44.7,0,0,0,0
120254,Occidental College,CA,1881,"Private nonprofit, 4-year or above",0.0,1650,5,4,2
120290,Ohlone College,CA,9061,"Public, 2-year",34.2,0,0,0,0
120342,Orange Coast College,CA,17096,"Public, 2-year",13.2,800,6,6,0
120403,Otis College of Art and Design,CA,1267,"Private nonprofit, 4-year or above",0.0,407,1,0,0
120421,Oxnard College,CA,7361,"Public, 2-year",48.3,0,0,0,0
120768,Pacific Oaks College,CA,1068,"Private nonprofit, 4-year or above",61.5,0,0,0,0
120698,Palo Alto University,CA,1065,"Private nonprofit, 4-year or above",45.7,0,0,0,0
120953,Palo Verde College,CA,3833,"Public, 2-year",66.6,0,0,0,0
120971,Palomar College,CA,19550,"Public, 2-year",26.5,0,0,0,0
121044,Pasadena City College,CA,24597,"Public, 2-year",25.9,0,1,0,1
121150,Pepperdine University,CA,8976,"Private nonprofit, 4-year or above",29.4,2545,3,16,8
121257,Pitzer College,CA,1242,"Private nonprofit, 4-year or above",0.0,987,4,1,2
121309,Point Loma Nazarene University,CA,4757,"Private nonprofit, 4-year or above",21.1,1859,2,1,0
121345,Pomona College,CA,1700,"Private nonprofit, 4-year or above",0.0,1609,2,4,1
121363,Porterville College,CA,4784,"Public, 2-year",38.3,0,0,0,0
117052,Reedley College,CA,8796,"Public, 2-year",35.4,140,0,2,0
121886,Rio Hondo College,CA,17441,"Public, 4-year or above",27.2,0,0,0,0
121901,Riverside City College,CA,21730,"Public, 2-year",34.0,0,0,0,0
122180,Sacramento City College,CA,19920,"Public, 2-year",58.0,0,0,0,0
122205,Saddleback College,CA,20764,"Public, 2-year",50.0,0,0,0,1
123554,Saint Mary's College of California,CA,2734,"Private nonprofit, 4-year or above",4.8,1511,4,1,2
122296,Samuel Merritt University,CA,1926,"Private nonprofit, 4-year or above",20.0,0,0,0,0
123527,San Bernardino Valley College,CA,14055,"Public, 2-year",45.5,0,0,0,0
122339,San Diego City College,CA,13242,"Public, 2-year",38.2,0,0,0,2
122375,San Diego Mesa College,CA,19212,"Public, 4-year or above",39.8,0,0,1,1
122384,San Diego Miramar College,CA,14257,"Public, 2-year",38.3,0,0,0,0
122409,San Diego State University,CA,41137,"Public, 4-year or above",6.2,8664,14,13,3
122597,San Francisco State University,CA,22563,"Public, 4-year or above",8.2,4596,5,7,11
122658,San Joaquin Delta College,CA,20969,"Public, 2-year",49.7,0,0,0,0
122685,San Joaquin Valley College-Visalia,CA,2318,"Private for-profit, 4-year or above",59.5,0,0,0,0
122746,San Jose City College,CA,8609,"Public, 2-year",38.4,0,0,0,0
122755,San Jose State University,CA,37661,"Public, 4-year or above",14.9,4261,28,16,5
121619,Santa Ana College,CA,27248,"Public, 4-year or above",28.5,0,0,0,0
122889,Santa Barbara City College,CA,12334,"Public, 2-year",31.0,0,0,0,1
122931,Santa Clara University,CA,9728,"Private nonprofit, 4-year or above",4.1,3797,5,2,3
122977,Santa Monica College,CA,23453,"Public, 4-year or above",38.3,0,1,0,0
123013,Santa Rosa Junior College,CA,17854,"Public, 2-year",29.6,0,0,4,1
399212,Santiago Canyon College,CA,11897,"Public, 2-year",34.4,0,0,0,0
123095,Saybrook University,CA,1057,"Private nonprofit, 4-year or above",33.2,0,0,1,0
123165,Scripps College,CA,1137,"Private nonprofit, 4-year or above",0.0,1046,2,0,2
123299,Shasta College,CA,9073,"Public, 4-year or above",41.1,126,0,1,1
123341,Sierra College,CA,19125,"Public, 2-year",38.7,120,0,0,2
123509,Skyline College,CA,9572,"Public, 4-year or above",39.5,0,0,0,0
441229,Smith Chason College,CA,2447,"Private for-profit, 4-year or above",0.0,0,0,0,0
110778,Sofia University,CA,1145,"Private for-profit, 4-year or above",4.1,0,0,0,0
123563,Solano Community College,CA,9282,"Public, 4-year or above",35.4,0,0,0,0
123572,Sonoma State University,CA,5891,"Public, 4-year or above",4.4,3258,13,5,2
117672,Southern California University of Health Sciences,CA,2008,"Private nonprofit, 4-year or above",51.8,0,0,0,0
123800,Southwestern College,CA,20986,"Public, 2-year",26.8,0,0,0,1
123970,Southwestern Law School,CA,1006,"Private nonprofit, 4-year or above",0.1,153,1,0,0
446561,Stanbridge University,CA,2928,"Private for-profit, 4-year or above",0.2,0,0,0,0
243744,Stanford University,CA,18625,"Private nonprofit, 4-year or above",1.2,14415,33,31,27
124113,Taft College,CA,4464,"Public, 4-year or above",25.2,118,0,0,0
455664,The Chicago School at Los Angeles,CA,3344,"Private nonprofit, 4-year or above",81.8,0,0,0,0
117751,The Master's University and Seminary,CA,2860,"Private nonprofit, 4-year or above",28.2,869,0,0,0
459736,Touro University California,CA,1144,"Private nonprofit, 4-year or above",11.4,0,0,0,0
459727,Touro University Worldwide,CA,2358,"Private nonprofit, 4-year or above",98.1,0,0,0,0
482291,UEI College-Bakersfield,CA,1415,"Private for-profit, less-than 2-year",0.0,0,0,0,0
447607,UEI College-Chula Vista,CA,1373,"Private for-profit, less-than 2-year",0.0,0,0,0,0
397942,UEI College-Fresno,CA,1009,"Private for-profit, less-than 2-year",0.0,0,0,0,0
468909,UEI College-Garden Grove,CA,1073,"Private for-profit, less-than 2-year",0.0,0,0,0,0
393649,UEI College-Gardena,CA,1332,"Private for-profit, 2-year",22.8,0,0,0,0
124681,UEI College-Huntington Park,CA,1079,"Private for-profit, less-than 2-year",0.0,0,0,0,0
384236,UEI College-Ontario,CA,1045,"Private for-profit, less-than 2-year",0.0,0,0,0,0
384245,UEI College-Reseda,CA,1201,"Private for-profit, less-than 2-year",0.0,0,0,0,0
470038,UEI College-Riverside,CA,1616,"Private for-profit, less-than 2-year",0.0,0,0,0,0
494357,UEI College-Sacramento,CA,1217,"Private for-profit, less-than 2-year",0.0,0,0,0,0
447050,United States University,CA,2454,"Private for-profit, 4-year or above",16.5,0,0,0,0
459204,Unitek College,CA,5725,"Private for-profit, 4-year or above",18.1,0,0,0,0
438504,Universal Technical Institute of California Inc,CA,1553,"Private for-profit, 2-year",0.0,0,0,0,0
448433,Universal Technical Institute of Northern California Inc,CA,1214,"Private for-profit, 2-year",0.0,0,0,0,0
487597,Universal Technical Institute-Southern California,CA,1701,"Private for-profit, 2-year",0.0,0,0,0,0
110398,University of California College of the Law-San Francisco,CA,1195,"Public, 4-year or above",4.7,656,0,0,0
110635,University of California-Berkeley,CA,45882,"Public, 4-year or above",3.8,9899,28,75,31
110644,University of California-Davis,CA,40065,"Public, 4-year or above",0.9,16548,34,15,17
110653,University of California-Irvine,CA,37297,"Public, 4-year or above",1.7,15544,28,28,20
110662,University of California-Los Angeles,CA,47335,"Public, 4-year or above",1.4,23912,23,72,52
445188,University of California-Merced,CA,9110,"Public, 4-year or above",0.0,4341,4,9,6
110671,University of California-Riverside,CA,26384,"Public, 4-year or above",1.1,8700,12,14,5
110680,University of California-San Diego,CA,44256,"Public, 4-year or above",0.7,19711,19,27,35
110699,University of California-San Francisco,CA,3007,"Public, 4-year or above",0.4,2821,8,15,7
110705,University of California-Santa Barbara,CA,26133,"Public, 4-year or above",0.1,11432,30,28,43
110714,University of California-Santa Cruz,CA,19938,"Public, 4-year or above",1.0,9524,25,27,46
117140,University of La Verne,CA,5021,"Private nonprofit, 4-year or above",22.8,934,2,2,0
121691,University of Redlands,CA,3087,"Private nonprofit, 4-year or above",6.0,1477,2,4,1
122436,University of San Diego,CA,9714,"Private nonprofit, 4-year or above",11.9,3064,8,2,5
122612,University of San Francisco,CA,8913,"Private nonprofit, 4-year or above",6.3,2715,4,10,6
123961,University of Southern California,CA,46566,"Private nonprofit, 4-year or above",12.4,8500,43,27,17
120883,University of the Pacific,CA,6944,"Private nonprofit, 4-year or above",1.1,2100,5,6,1
123651,Vanguard University of Southern California,CA,2246,"Private nonprofit, 4-year or above",11.9,1020,0,0,0
125028,Ventura College,CA,12222,"Public, 2-year",54.3,0,0,0,0
125091,Victor Valley College,CA,8423,"Public, 2-year",33.0,0,0,0,0
443331,West Coast University-Los Angeles,CA,2673,"Private for-profit, 4-year or above",1.7,0,0,0,0
458229,West Coast University-Ontario,CA,2671,"Private for-profit, 4-year or above",0.6,0,0,0,0
458210,West Coast University-Orange County,CA,4586,"Private for-profit, 4-year or above",35.9,0,0,0,0
125471,West Los Angeles College,CA,9255,"Public, 4-year or above",69.8,0,0,0,0
125499,West Valley College,CA,7655,"Public, 2-year",38.9,0,0,2,0
490133,Westcliff University,CA,7686,"Private for-profit, 4-year or above",30.7,0,0,0,0
433387,Western Governors University,CA,210208,"Private nonprofit, 4-year or above",100.0,0,0,0,0
112525,Western University of Health Sciences,CA,3665,"Private nonprofit, 4-year or above",0.1,0,0,0,0
125727,Westmont College,CA,1310,"Private nonprofit, 4-year or above",0.0,1207,0,0,0
122728,William Jessup University,CA,1865,"Private nonprofit, 4-year or above",20.4,583,0,3,1
455512,Woodland Community College,CA,4128,"Public, 2-year",53.7,0,0,0,0
126119,Yuba College,CA,6320,"Public, 2-year",50.2,0,0,0,0
126182,Adams State University,CO,2901,"Public, 4-year or above",30.9,950,5,2,3
126207,Aims Community College,CO,8542,"Public, 4-year or above",13.1,0,0,0,0
126289,Arapahoe Community College,CO,15012,"Public, 4-year or above",15.9,0,1,0,0
454810,Auguste Escoffier School of Culinary Arts-Boulder,CO,8504,"Private for-profit, 2-year",0.0,0,0,0,0
126669,Colorado Christian University,CO,9951,"Private nonprofit, 4-year or above",67.8,1152,0,0,0
126678,Colorado College,CO,2056,"Private nonprofit, 4-year or above",0.0,1766,3,2,7
127556,Colorado Mesa University,CO,9785,"Public, 4-year or above",7.5,2679,4,2,3
126711,Colorado Mountain College,CO,5494,"Public, 4-year or above",8.7,755,0,0,0
126748,Colorado Northwestern Community College,CO,1271,"Public, 4-year or above",11.8,311,0,0,0
126775,Colorado School of Mines,CO,8044,"Public, 4-year or above",2.9,2280,1,0,4
128106,Colorado State University Pueblo,CO,6851,"Public, 4-year or above",33.2,699,4,0,1
126818,Colorado State University-Fort Collins,CO,34096,"Public, 4-year or above",13.4,8361,28,20,24
126827,Colorado Technical University-Colorado Springs,CO,31830,"Private for-profit, 4-year or above",99.1,0,0,0,0
126863,Community College of Aurora,CO,8833,"Public, 2-year",11.4,0,0,0,0
126942,Community College of Denver,CO,7965,"Public, 4-year or above",26.6,0,6,7,0
127158,Emily Griffith Technical College,CO,6123,"Public, less-than 2-year",0.0,0,0,0,0
127185,Fort Lewis College,CO,3544,"Public, 4-year or above",0.1,1637,8,3,2
127200,Front Range Community College,CO,21970,"Public, 4-year or above",17.7,0,0,0,0
128188,Intellitec College-Grand Junction,CO,1077,"Private for-profit, 2-year",0.0,0,0,0,0
126951,Lincoln College of Technology-Denver,CO,1212,"Private for-profit, 2-year",0.0,0,0,0,0
127565,Metropolitan State University of Denver,CO,18453,"Public, 4-year or above",23.4,0,6,6,3
127617,Morgan Community College,CO,1626,"Public, 4-year or above",23.4,0,0,0,0
127653,Naropa University,CO,1094,"Private nonprofit, 4-year or above",33.9,103,1,1,0
127732,Northeastern Junior College,CO,1684,"Public, 2-year",11.2,578,1,1,1
128151,Pickens Technical College,CO,1060,"Public, 2-year",0.0,0,0,0,0
127820,Pikes Peak State College,CO,12556,"Public, 4-year or above",28.4,0,0,0,0
127884,Pueblo Community College,CO,7284,"Public, 4-year or above",20.1,0,0,0,0
127909,Red Rocks Community College,CO,8419,"Public, 4-year or above",19.9,0,0,0,0
127918,Regis University,CO,4605,"Private nonprofit, 4-year or above",27.7,1047,3,1,3
127945,Rocky Mountain College of Art and Design,CO,2061,"Private for-profit, 4-year or above",74.1,0,0,0,0
480790,Rocky Vista University,CO,1903,"Private for-profit, 4-year or above",0.0,0,0,0,0
128258,Trinidad State College,CO,1613,"Public, 4-year or above",14.1,277,0,1,1
126614,University of Colorado Boulder,CO,38799,"Public, 4-year or above",10.0,7550,24,36,96
126580,University of Colorado Colorado Springs,CO,11354,"Public, 4-year or above",15.4,1719,7,4,16
126562,University of Colorado Denver/Anschutz Medical Campus,CO,23124,"Public, 4-year or above",19.8,1250,6,7,12
127060,University of Denver,CO,12813,"Private nonprofit, 4-year or above",22.3,2647,14,7,7
127741,University of Northern Colorado,CO,8869,"Public, 4-year or above",15.9,3542,16,8,5
128391,Western Colorado University,CO,3568,"Public, 4-year or above",28.2,1263,2,3,1
128498,Albertus Magnus College,CT,1239,"Private nonprofit, 4-year or above",38.4,352,1,1,0
128771,Central Connecticut State University,CT,9997,"Public, 4-year or above",3.9,2364,8,3,4
128780,Charter Oak State College,CT,2012,"Public, 4-year or above",100.0,0,0,0,0
128902,Connecticut College,CT,1990,"Private nonprofit, 4-year or above",0.0,1947,7,8,9
129367,Connecticut State Community College,CT,36315,"Public, 2-year",21.7,0,0,2,0
129215,Eastern Connecticut State University,CT,4355,"Public, 4-year or above",1.4,2385,2,6,2
129242,Fairfield University,CT,6864,"Private nonprofit, 4-year or above",6.1,3959,2,3,2
129154,Goodwin University,CT,2970,"Private nonprofit, 4-year or above",57.3,80,0,0,0
129181,Lincoln Technical Institute-East Windsor,CT,1008,"Private for-profit, less-than 2-year",0.0,0,0,0,0
130174,Porter & Chester Institute,CT,1373,"Private for-profit, less-than 2-year",6.0,0,0,0,0
130183,Post University,CT,16178,"Private for-profit, 4-year or above",94.4,474,2,1,1
130226,Quinnipiac University,CT,9424,"Private nonprofit, 4-year or above",12.5,4697,4,2,0
130253,Sacred Heart University,CT,11022,"Private nonprofit, 4-year or above",10.7,3619,9,10,4
130493,Southern Connecticut State University,CT,9377,"Public, 4-year or above",10.6,2291,2,2,1
130590,Trinity College,CT,2238,"Private nonprofit, 4-year or above",0.0,1919,1,0,3
128744,University of Bridgeport,CT,3838,"Private nonprofit, 4-year or above",22.7,833,0,1,2
129020,University of Connecticut,CT,28306,"Public, 4-year or above",5.5,12170,9,8,8
463056,University of Connecticut-Hartford Campus,CT,1544,"Public, 4-year or above",0.7,0,0,0,0
436836,University of Connecticut-Stamford,CT,2482,"Public, 4-year or above",1.5,462,1,0,0
129525,University of Hartford,CT,6015,"Private nonprofit, 4-year or above",18.2,3009,8,9,5
129941,University of New Haven,CT,9229,"Private nonprofit, 4-year or above",10.3,2800,3,1,2
130314,University of Saint Joseph,CT,1952,"Private nonprofit, 4-year or above",18.5,398,1,0,3
130697,Wesleyan University,CT,4011,"Private nonprofit, 4-year or above",2.0,2989,5,1,2
130776,Western Connecticut State University,CT,4169,"Public, 4-year or above",7.3,1590,0,2,1
130794,Yale University,CT,15564,"Private nonprofit, 4-year or above",0.4,5576,41,56,19
131159,American University,DC,12321,"Private nonprofit, 4-year or above",8.6,4246,2,0,4
131450,Gallaudet University,DC,1335,"Private nonprofit, 4-year or above",13.6,893,8,12,12
131469,George Washington University,DC,25374,"Private nonprofit, 4-year or above",17.6,7274,14,8,17
131496,Georgetown University,DC,20031,"Private nonprofit, 4-year or above",14.4,5340,10,7,8
131520,Howard University,DC,14890,"Private nonprofit, 4-year or above",8.5,6051,6,7,4
131283,The Catholic University of America,DC,5243,"Private nonprofit, 4-year or above",8.7,1988,4,5,0
131876,Trinity Washington University,DC,1948,"Private nonprofit, 4-year or above",15.5,240,0,0,0
131399,University of the District of Columbia,DC,4202,"Public, 4-year or above",0.6,0,0,0,0
384412,University of the Potomac-Washington DC Campus,DC,1241,"Private for-profit, 4-year or above",15.5,0,0,0,0
130934,Delaware State University,DE,5327,"Public, 4-year or above",10.7,3230,10,11,5
130907,Delaware Technical Community College-Terry,DE,13337,"Public, 4-year or above",22.2,0,0,0,0
130989,Goldey-Beacom College,DE,1001,"Private nonprofit, 4-year or above",19.2,325,2,0,0
130943,University of Delaware,DE,24412,"Public, 4-year or above",7.0,7191,15,6,10
131113,Wilmington University,DE,13746,"Private nonprofit, 4-year or above",74.5,0,1,1,0
133872,AdventHealth University,FL,1861,"Private nonprofit, 4-year or above",32.6,174,0,0,0
483595,Ana G. Mendez University,FL,8378,"Private nonprofit, 4-year or above",81.6,0,0,0,0
132374,Atlantic Technical College,FL,3304,"Public, 2-year",2.4,0,0,0,0
446048,Ave Maria University,FL,1423,"Private nonprofit, 4-year or above",3.0,1133,0,0,0
132471,Barry University,FL,6825,"Private nonprofit, 4-year or above",14.1,1263,1,0,1
132602,Bethune-Cookman University,FL,2853,"Private nonprofit, 4-year or above",2.0,2200,0,2,0
132709,Broward College,FL,30728,"Public, 4-year or above",28.2,0,0,0,0
454865,Cambridge College of Healthcare & Technology,FL,1315,"Private for-profit, 4-year or above",22.8,0,0,0,0
133021,Chipola College,FL,1934,"Public, 4-year or above",20.8,99,0,0,0
132851,College of Central Florida,FL,5928,"Public, 4-year or above",23.6,0,1,1,0
133386,Daytona State College,FL,12820,"Public, 4-year or above",31.1,252,0,0,2
132693,Eastern Florida State College,FL,14053,"Public, 4-year or above",33.5,192,0,0,0
133492,Eckerd College,FL,1893,"Private nonprofit, 4-year or above",0.0,1843,9,10,3
133526,Edward Waters University,FL,1177,"Private nonprofit, 4-year or above",5.3,596,4,1,1
133553,Embry-Riddle Aeronautical University-Daytona Beach,FL,11426,"Private nonprofit, 4-year or above",0.7,3517,2,2,0
385619,Everglades University,FL,3242,"Private nonprofit, 4-year or above",43.2,0,0,0,0
133711,Flagler College,FL,2425,"Private nonprofit, 4-year or above",1.4,1250,3,3,0
133650,Florida Agricultural and Mechanical University,FL,9313,"Public, 4-year or above",1.2,2679,4,2,3
133669,Florida Atlantic University,FL,31607,"Public, 4-year or above",20.1,5200,6,7,3
135160,Florida Gateway College,FL,2921,"Public, 4-year or above",46.6,75,0,0,0
433660,Florida Gulf Coast University,FL,16612,"Public, 4-year or above",14.3,4748,8,4,2
133881,Florida Institute of Technology,FL,8992,"Private nonprofit, 4-year or above",41.6,2034,7,8,5
133951,Florida International University,FL,54723,"Public, 4-year or above",25.4,4403,8,3,9
133979,Florida Memorial University,FL,1277,"Private nonprofit, 4-year or above",1.2,900,0,0,0
408844,Florida National University-Main Campus,FL,2750,"Private for-profit, 4-year or above",16.4,0,0,0,0
482936,Florida Polytechnic University,FL,1769,"Public, 4-year or above",0.0,1381,1,0,1
133508,Florida SouthWestern State College,FL,14301,"Public, 4-year or above",30.4,402,0,0,0
134079,Florida Southern College,FL,3211,"Private nonprofit, 4-year or above",7.5,2267,0,3,1
133702,Florida State College at Jacksonville,FL,23556,"Public, 4-year or above",41.0,55,1,0,1
134097,Florida State University,FL,43889,"Public, 4-year or above",12.3,6709,11,13,9
134237,Full Sail University,FL,27169,"Private for-profit, 4-year or above",82.8,0,0,0,0
406024,Galen College of Nursing-Tampa Bay,FL,1465,"Private for-profit, 4-year or above",0.0,0,0,0,0
134307,George T Baker Aviation Technical College,FL,1040,"Public, less-than 2-year",0.0,0,0,0,0
134343,Gulf Coast State College,FL,5426,"Public, 4-year or above",24.4,0,0,0,0
134495,Hillsborough Community College,FL,21483,"Public, 4-year or above",41.5,420,2,0,1
134608,Indian River State College,FL,15429,"Public, 4-year or above",31.4,0,0,0,0
134945,Jacksonville University,FL,4247,"Private nonprofit, 4-year or above",11.3,1454,9,0,0
135081,Keiser University-Ft Lauderdale,FL,20888,"Private nonprofit, 4-year or above",49.2,734,0,1,0
135188,Lake-Sumter State College,FL,5810,"Public, 4-year or above",43.1,0,0,3,0
135276,Lively Technical College,FL,1349,"Public, less-than 2-year",0.0,0,0,0,0
132657,Lynn University,FL,3514,"Private nonprofit, 4-year or above",20.7,1574,5,4,1
135407,Manatee Technical College,FL,1486,"Public, 2-year",1.4,0,0,0,0
135717,Miami Dade College,FL,58941,"Public, 4-year or above",33.5,0,0,0,0
136145,North Florida College,FL,1268,"Public, 4-year or above",41.0,0,0,0,0
136233,Northwest Florida State College,FL,4752,"Public, 4-year or above",33.0,0,0,0,0
136215,Nova Southeastern University,FL,20910,"Private nonprofit, 4-year or above",25.9,2736,6,5,6
138488,Orange Technical College-East Campus,FL,2912,"Public, 2-year",0.0,0,0,1,0
135735,Orange Technical College-South Campus,FL,3608,"Public, 2-year",0.0,0,0,0,0
138372,Orange Technical College-West Campus,FL,1266,"Public, 2-year",0.0,0,0,0,0
427991,Osceola Technical College,FL,1155,"Public, less-than 2-year",0.0,0,0,0,0
136330,Palm Beach Atlantic University,FL,4147,"Private nonprofit, 4-year or above",5.6,1456,0,1,0
136358,Palm Beach State College,FL,25916,"Public, 4-year or above",47.1,0,0,0,0
136400,Pasco-Hernando State College,FL,9410,"Public, 4-year or above",26.9,0,0,0,0
136473,Pensacola State College,FL,9491,"Public, 4-year or above",26.5,0,0,0,0
136491,Pinellas Technical College-Clearwater,FL,1126,"Public, less-than 2-year",6.3,0,0,0,0
137087,Pinellas Technical College-St. Petersburg,FL,1463,"Public, less-than 2-year",10.9,0,0,0,0
136516,Polk State College,FL,10318,"Public, 4-year or above",41.1,0,0,0,0
138309,Rasmussen University-Florida,FL,3121,"Private for-profit, 4-year or above",26.2,0,0,0,0
136774,Ringling College of Art and Design,FL,1666,"Private nonprofit, 4-year or above",0.1,1280,4,0,0
136826,Robert Morgan Educational Center and Technical College,FL,1045,"Public, 2-year",0.0,0,0,0,0
136950,Rollins College,FL,3046,"Private nonprofit, 4-year or above",0.0,1662,7,10,9
137281,Saint Johns River State College,FL,7927,"Public, 4-year or above",33.7,0,0,0,0
137032,Saint Leo University,FL,9692,"Private nonprofit, 4-year or above",71.9,1546,5,0,3
137096,Santa Fe College,FL,12758,"Public, 4-year or above",20.7,0,0,0,0
137209,Seminole State College of Florida,FL,15390,"Public, 4-year or above",41.9,0,0,0,0
137245,Sheridan Technical College,FL,1573,"Public, 2-year",11.6,0,0,0,0
443252,South Florida Institute of Technology,FL,9747,"Private for-profit, less-than 2-year",0.0,0,0,0,0
137315,South Florida State College,FL,2880,"Public, 4-year or above",28.9,0,0,0,0
137564,Southeastern University,FL,11510,"Private nonprofit, 4-year or above",34.8,1806,1,3,2
446552,Southern Technical College,FL,1875,"Private for-profit, 2-year",0.2,0,0,0,0
137078,St Petersburg College,FL,23936,"Public, 4-year or above",42.2,0,0,0,0
137476,St. Thomas University,FL,7652,"Private nonprofit, 4-year or above",28.9,870,0,1,1
135391,State College of Florida-Manatee-Sarasota,FL,8750,"Public, 4-year or above",38.7,0,0,0,0
137546,Stetson University,FL,3775,"Private nonprofit, 4-year or above",5.5,1942,1,1,1
449038,Strayer University-Florida,FL,1303,"Private for-profit, 4-year or above",99.8,0,0,0,0
137120,Suncoast Technical College,FL,1116,"Public, 2-year",0.1,0,0,0,0
137759,Tallahassee State College,FL,12455,"Public, 4-year or above",35.4,0,0,0,0
133960,The College of the Florida Keys,FL,1025,"Public, 4-year or above",32.7,0,0,0,0
137847,The University of Tampa,FL,11433,"Private nonprofit, 4-year or above",0.3,4544,8,5,8
441371,Ultimate Medical Academy,FL,8932,"Private nonprofit, 2-year",98.5,0,0,0,0
132903,University of Central Florida,FL,69713,"Public, 4-year or above",20.0,7582,14,12,19
134130,University of Florida,FL,56311,"Public, 4-year or above",14.8,11668,20,18,10
135726,University of Miami,FL,19852,"Private nonprofit, 4-year or above",5.0,4668,9,6,7
136172,University of North Florida,FL,16154,"Public, 4-year or above",14.8,3780,11,6,1
137351,University of South Florida,FL,49622,"Public, 4-year or above",15.8,7429,7,4,7
367954,University of St. Augustine for Health Sciences,FL,4370,"Private for-profit, 4-year or above",12.4,0,0,0,0
138354,University of West Florida,FL,14822,"Public, 4-year or above",49.2,1534,11,4,3
138187,Valencia College,FL,47425,"Public, 4-year or above",45.0,0,2,1,2
138558,Abraham Baldwin Agricultural College,GA,3825,"Public, 4-year or above",10.6,1324,0,2,2
138600,Agnes Scott College,GA,1079,"Private nonprofit, 4-year or above",2.9,783,1,1,2
138716,Albany State University,GA,6768,"Public, 4-year or above",33.5,2415,0,4,5
138682,Albany Technical College,GA,2719,"Public, 2-year",53.5,0,0,0,1
246813,Athens Technical College,GA,4459,"Public, 2-year",19.7,0,0,0,0
138901,Atlanta Metropolitan State College,GA,1549,"Public, 4-year or above",57.0,0,0,0,0
138840,Atlanta Technical College,GA,4498,"Public, 2-year",38.2,0,0,0,0
138956,Augusta Technical College,GA,4455,"Public, 2-year",22.7,0,0,0,0
482149,Augusta University,GA,10900,"Public, 4-year or above",17.6,1228,5,1,2
139144,Berry College,GA,2484,"Private nonprofit, 4-year or above",4.3,1979,3,5,1
139199,Brenau University,GA,2436,"Private nonprofit, 4-year or above",40.3,447,1,1,1
139205,Brewton-Parker College,GA,1338,"Private nonprofit, 4-year or above",18.6,594,0,0,0
483045,Central Georgia Technical College,GA,11527,"Public, 2-year",31.8,0,0,0,0
475732,Chamberlain University-Georgia,GA,1940,"Private for-profit, 4-year or above",12.9,0,0,0,0
140331,Chattahoochee Technical College,GA,11156,"Public, 2-year",33.6,0,0,0,0
138947,Clark Atlanta University,GA,4252,"Private nonprofit, 4-year or above",3.5,2650,3,0,3
139311,Clayton  State University,GA,6163,"Public, 4-year or above",38.5,1246,2,4,7
485458,Coastal Pines Technical College,GA,4130,"Public, 2-year",23.4,0,0,0,0
139250,College of Coastal Georgia,GA,3468,"Public, 4-year or above",25.1,654,1,0,0
139366,Columbus State University,GA,7913,"Public, 4-year or above",29.0,1392,3,3,5
139357,Columbus Technical College,GA,3307,"Public, 2-year",32.1,0,0,0,0
139393,Covenant College,GA,1100,"Private nonprofit, 4-year or above",0.0,902,0,3,0
139463,Dalton State College,GA,5135,"Public, 4-year or above",13.0,365,3,3,2
139621,East Georgia State College,GA,1820,"Public, 4-year or above",28.6,412,25,8,8
139658,Emory University,GA,15175,"Private nonprofit, 4-year or above",5.3,4813,14,13,13
139719,Fort Valley State University,GA,2897,"Public, 4-year or above",12.3,1400,0,1,1
139861,Georgia College & State University,GA,7097,"Public, 4-year or above",12.0,2237,7,2,1
447689,Georgia Gwinnett College,GA,12230,"Public, 4-year or above",14.1,990,0,3,2
139700,Georgia Highlands College,GA,5382,"Public, 4-year or above",47.4,0,0,0,0
139755,Georgia Institute of Technology-Main Campus,GA,53363,"Public, 4-year or above",43.7,8805,5,2,8
485111,Georgia Military College,GA,6575,"Public, 4-year or above",51.0,270,0,0,1
139384,Georgia Northwestern Technical College,GA,7282,"Public, 2-year",42.4,0,0,0,0
244446,Georgia Piedmont Technical College,GA,3282,"Public, 2-year",41.9,0,0,0,0
139931,Georgia Southern University,GA,27423,"Public, 4-year or above",19.6,5722,21,8,8
139764,Georgia Southwestern State University,GA,3700,"Public, 4-year or above",40.2,952,0,1,0
139940,Georgia State University,GA,34944,"Public, 4-year or above",13.2,5271,9,6,8
244437,Georgia State University-Perimeter College,GA,17437,"Public, 2-year",38.6,0,0,0,1
139968,Gordon State College,GA,3179,"Public, 4-year or above",31.9,782,3,3,1
140012,Gwinnett Technical College,GA,11166,"Public, 2-year",34.3,0,0,0,0
486840,Kennesaw State University,GA,47764,"Public, 4-year or above",20.7,5912,11,8,10
140243,Lanier Technical College,GA,6908,"Public, 2-year",31.1,0,0,0,0
140252,Life University,GA,2714,"Private nonprofit, 4-year or above",9.3,661,0,3,0
140447,Mercer University,GA,9196,"Private nonprofit, 4-year or above",21.3,3205,13,7,16
482158,Middle Georgia State University,GA,8363,"Public, 4-year or above",45.8,1738,2,2,2
140553,Morehouse College,GA,2847,"Private nonprofit, 4-year or above",11.4,1544,1,1,2
140678,North Georgia Technical College,GA,2599,"Public, 2-year",26.6,172,0,1,1
420431,Oconee Fall Line Technical College,GA,2108,"Public, 2-year",34.8,0,0,0,0
366465,Ogeechee Technical College,GA,2300,"Public, 2-year",25.5,0,0,0,0
140696,Oglethorpe University,GA,1425,"Private nonprofit, 4-year or above",0.1,824,0,0,1
140818,Piedmont University,GA,1857,"Private nonprofit, 4-year or above",29.0,1023,1,0,1
138868,Point University,GA,2260,"Private nonprofit, 4-year or above",51.9,328,0,0,0
140872,Reinhardt University,GA,1233,"Private nonprofit, 4-year or above",12.7,715,0,1,0
140951,Savannah College of Art and Design,GA,18550,"Private nonprofit, 4-year or above",9.9,7000,6,11,5
140960,Savannah State University,GA,3193,"Public, 4-year or above",14.3,1803,2,3,6
140942,Savannah Technical College,GA,3942,"Public, 2-year",26.3,0,0,0,0
140988,Shorter University,GA,1318,"Private nonprofit, 4-year or above",27.9,760,0,2,0
482699,South Georgia State College,GA,1893,"Public, 4-year or above",37.9,547,0,0,0
141006,South Georgia Technical College,GA,1795,"Public, 2-year",27.5,246,0,0,0
368911,Southeastern Technical College,GA,1903,"Public, 2-year",34.6,0,0,0,0
139986,Southern Crescent Technical College,GA,6185,"Public, 2-year",51.4,0,0,0,1
487162,Southern Regional Technical College,GA,5381,"Public, 2-year",32.7,0,0,0,0
141060,Spelman College,GA,3417,"Private nonprofit, 4-year or above",28.8,1398,0,0,0
458919,Strayer University-Georgia,GA,4916,"Private for-profit, 4-year or above",99.7,0,0,0,0
141167,Thomas University,GA,1471,"Private nonprofit, 4-year or above",27.2,220,0,0,0
141185,Toccoa Falls College,GA,3067,"Private nonprofit, 4-year or above",58.6,518,0,0,0
141237,Truett McConnell University,GA,2615,"Private nonprofit, 4-year or above",45.5,694,0,0,0
413893,United Education Institute-Morrow,GA,1160,"Private for-profit, less-than 2-year",0.0,0,0,0,0
139959,University of Georgia,GA,43146,"Public, 4-year or above",3.2,10759,14,11,7
482680,University of North Georgia,GA,19291,"Public, 4-year or above",17.6,2789,4,2,12
141334,University of West Georgia,GA,14337,"Public, 4-year or above",48.5,2835,1,0,0
141264,Valdosta State University,GA,10262,"Public, 4-year or above",41.8,2320,4,2,7
139278,West Georgia Technical College,GA,6940,"Public, 2-year",35.2,0,0,0,0
141255,Wiregrass Georgia Technical College,GA,4466,"Public, 2-year",29.7,0,0,0,0
141361,Young Harris College,GA,1457,"Private nonprofit, 4-year or above",4.8,1040,1,4,3
230047,Brigham Young University-Hawaii,HI,2906,"Private nonprofit, 4-year or above",0.1,2070,2,1,2
141486,Chaminade University of Honolulu,HI,2709,"Private nonprofit, 4-year or above",36.2,296,0,0,0
383190,Hawaii Community College,HI,2289,"Public, 2-year",50.3,47,0,0,0
141644,Hawaii Pacific University,HI,4921,"Private nonprofit, 4-year or above",17.3,712,3,1,3
141680,Honolulu Community College,HI,3342,"Public, 2-year",47.8,0,0,0,0
141796,Kapiolani Community College,HI,5914,"Public, 2-year",51.3,0,0,0,0
141802,Kauai Community College,HI,1335,"Public, 2-year",39.8,0,0,0,0
141811,Leeward Community College,HI,6471,"Public, 2-year",59.5,0,0,1,0
141839,University of Hawaii Maui College,HI,2792,"Public, 4-year or above",47.4,0,0,0,0
141565,University of Hawaii at Hilo,HI,2668,"Public, 4-year or above",19.1,744,0,1,0
141574,University of Hawaii at Manoa,HI,20028,"Public, 4-year or above",8.3,3091,4,5,6
141981,University of Hawaii-West Oahu,HI,2814,"Public, 4-year or above",53.9,0,0,0,0
141990,Windward Community College,HI,2765,"Public, 2-year",51.4,0,1,0,0
153001,Buena Vista University,IA,1890,"Private nonprofit, 4-year or above",59.0,770,0,0,2
153108,Central College,IA,1084,"Private nonprofit, 4-year or above",0.0,1405,4,4,5
153144,Coe College,IA,1195,"Private nonprofit, 4-year or above",0.0,1347,3,4,5
153162,Cornell College,IA,1094,"Private nonprofit, 4-year or above",0.2,1062,3,4,2
153214,Des Moines Area Community College,IA,23697,"Public, 2-year",22.2,224,0,0,0
154156,Des Moines University-Osteopathic Medical Center,IA,1534,"Private nonprofit, 4-year or above",7.2,0,0,0,0
153250,Dordt University,IA,1952,"Private nonprofit, 4-year or above",17.7,1509,1,0,0
153269,Drake University,IA,4345,"Private nonprofit, 4-year or above",9.1,1758,2,3,3
153311,Eastern Iowa Community College District,IA,7426,"Public, 2-year",28.8,60,0,0,0
153366,Graceland University-Lamoni,IA,1102,"Private nonprofit, 4-year or above",26.2,768,2,1,3
153375,Grand View University,IA,1856,"Private nonprofit, 4-year or above",15.3,894,4,1,1
153384,Grinnell College,IA,1788,"Private nonprofit, 4-year or above",0.0,1450,5,2,1
153445,Hawkeye Community College,IA,5120,"Public, 2-year",19.5,0,0,0,0
153472,Indian Hills Community College,IA,3184,"Public, 2-year",13.1,670,1,0,1
153524,Iowa Central Community College,IA,4949,"Public, 2-year",10.9,1265,2,1,2
153533,Iowa Lakes Community College,IA,1945,"Public, 2-year",7.2,507,1,0,0
153603,Iowa State University,IA,30380,"Public, 4-year or above",3.3,10465,18,12,11
153630,Iowa Western Community College,IA,5540,"Public, 2-year",30.2,1191,2,3,2
153737,Kirkwood Community College,IA,12763,"Public, 2-year",22.1,0,0,0,0
153825,Loras College,IA,1189,"Private nonprofit, 4-year or above",2.3,898,3,1,3
153834,Luther College,IA,1384,"Private nonprofit, 4-year or above",0.0,2156,7,2,1
153861,Maharishi International University,IA,2592,"Private nonprofit, 4-year or above",59.6,906,0,0,1
153922,Marshalltown Community College,IA,1857,"Public, 2-year",25.7,156,0,1,0
154004,Morningside University,IA,2056,"Private nonprofit, 4-year or above",47.8,860,0,1,0
154013,Mount Mercy University,IA,1417,"Private nonprofit, 4-year or above",13.7,553,0,0,0
154059,North Iowa Area Community College,IA,2662,"Public, 2-year",18.9,400,0,0,0
154110,Northeast Iowa Community College,IA,4808,"Public, 2-year",20.6,0,0,0,0
154129,Northwest Iowa Community College,IA,1907,"Public, 2-year",38.2,178,0,0,0
154101,Northwestern College,IA,1705,"Private nonprofit, 4-year or above",34.2,998,0,0,1
154174,Palmer College of Chiropractic,IA,2161,"Private nonprofit, 4-year or above",0.3,412,0,0,0
154235,Saint Ambrose University,IA,2498,"Private nonprofit, 4-year or above",8.7,1601,0,4,4
154350,Simpson College,IA,1251,"Private nonprofit, 4-year or above",5.2,1282,3,5,0
154378,Southeastern Community College,IA,3028,"Public, 2-year",34.3,240,0,0,0
154396,Southwestern Community College,IA,1566,"Public, 2-year",40.6,243,1,0,0
153278,University of Dubuque,IA,1757,"Private nonprofit, 4-year or above",3.3,911,1,5,6
153658,University of Iowa,IA,30779,"Public, 4-year or above",10.2,6553,13,56,19
154095,University of Northern Iowa,IA,9278,"Public, 4-year or above",14.1,3594,7,8,9
154493,Upper Iowa University,IA,3941,"Private nonprofit, 4-year or above",75.1,752,3,2,1
154518,Waldorf University,IA,2225,"Private for-profit, 4-year or above",75.0,588,2,3,3
154527,Wartburg College,IA,1483,"Private nonprofit, 4-year or above",1.5,1263,3,0,0
154572,Western Iowa Tech Community College,IA,5482,"Public, 2-year",33.9,450,0,2,3
154590,William Penn University,IA,1425,"Private nonprofit, 4-year or above",24.2,834,0,0,0
142115,Boise State University,ID,27198,"Public, 4-year or above",18.1,2906,7,9,4
142522,Brigham Young University-Idaho,ID,45585,"Private nonprofit, 4-year or above",53.8,1162,15,0,13
142179,College of Eastern Idaho,ID,3013,"Public, 2-year",24.6,0,0,0,0
142559,College of Southern Idaho,ID,8446,"Public, 4-year or above",18.3,512,0,0,1
455114,College of Western Idaho,ID,11015,"Public, 2-year",22.5,0,0,0,0
142276,Idaho State University,ID,13061,"Public, 4-year or above",19.6,1213,1,10,1
142328,Lewis-Clark State College,ID,3801,"Public, 4-year or above",20.8,457,1,0,0
142443,North Idaho College,ID,4585,"Public, 2-year",28.7,198,0,0,0
142461,Northwest Nazarene University,ID,1635,"Private nonprofit, 4-year or above",26.2,843,0,0,0
142294,The College of Idaho,ID,1090,"Private nonprofit, 4-year or above",0.0,659,3,1,1
142285,University of Idaho,ID,12286,"Public, 4-year or above",11.8,2498,3,9,9
142832,Adler University,IL,1631,"Private nonprofit, 4-year or above",25.6,0,0,0,0
143084,Augustana College,IL,2570,"Private nonprofit, 4-year or above",0.0,1730,6,4,3
143118,Aurora University,IL,5923,"Private nonprofit, 4-year or above",29.8,789,1,0,2
145619,Benedictine University,IL,2917,"Private nonprofit, 4-year or above",35.1,498,3,3,0
143279,Black Hawk College,IL,4001,"Public, 2-year",13.7,0,0,0,1
143358,Bradley University,IL,4777,"Private nonprofit, 4-year or above",15.4,2007,8,3,3
143613,Carl Sandburg College,IL,1603,"Public, 2-year",29.3,0,1,0,0
454227,Chamberlain University-Illinois,IL,32944,"Private for-profit, 4-year or above",91.2,0,0,0,0
144005,Chicago State University,IL,2238,"Public, 4-year or above",17.6,275,0,2,0
144209,City Colleges of Chicago-Harold Washington College,IL,6121,"Public, 2-year",37.0,0,0,1,0
144184,City Colleges of Chicago-Harry S Truman College,IL,6839,"Public, 2-year",26.6,0,0,0,0
144157,City Colleges of Chicago-Kennedy-King College,IL,3274,"Public, 2-year",27.3,0,0,0,0
144166,City Colleges of Chicago-Malcolm X College,IL,9303,"Public, 2-year",31.1,0,0,1,0
144175,City Colleges of Chicago-Olive-Harvey College,IL,3137,"Public, 2-year",25.0,0,0,0,0
144193,City Colleges of Chicago-Richard J Daley College,IL,6296,"Public, 2-year",19.3,0,0,0,0
144218,City Colleges of Chicago-Wilbur Wright College,IL,7798,"Public, 2-year",23.3,0,1,0,0
144865,College of DuPage,IL,26224,"Public, 2-year",19.0,0,0,0,0
146472,College of Lake County,IL,12530,"Public, 2-year",25.6,0,0,0,0
144281,Columbia College Chicago,IL,5570,"Private nonprofit, 4-year or above",0.8,2158,1,10,6
144351,Concordia University-Chicago,IL,4770,"Private nonprofit, 4-year or above",69.7,651,1,2,1
144564,Danville Area Community College,IL,2297,"Public, 2-year",19.9,0,0,0,0
144740,DePaul University,IL,21210,"Private nonprofit, 4-year or above",13.9,2736,7,4,8
482477,DeVry University-Illinois,IL,31296,"Private for-profit, 4-year or above",96.2,0,0,0,0
148496,Dominican University,IL,3803,"Private nonprofit, 4-year or above",20.4,520,0,1,0
144892,Eastern Illinois University,IL,8505,"Public, 4-year or above",14.8,4304,6,9,4
144944,Elgin Community College,IL,10251,"Public, 2-year",14.3,0,0,1,0
144962,Elmhurst University,IL,3997,"Private nonprofit, 4-year or above",16.8,972,5,1,4
145336,Governors State University,IL,4397,"Public, 4-year or above",36.1,280,2,0,0
145372,Greenville University,IL,1104,"Private nonprofit, 4-year or above",22.5,801,0,0,0
384342,Heartland Community College,IL,4855,"Public, 2-year",22.3,0,0,0,0
145521,Highland Community College,IL,1360,"Public, 2-year",11.5,0,0,0,0
145682,Illinois Central College,IL,7906,"Public, 2-year",19.2,0,1,0,0
145707,Illinois Eastern Community Colleges,IL,3726,"Public, 2-year",11.6,0,1,0,0
145725,Illinois Institute of Technology,IL,8834,"Private nonprofit, 4-year or above",15.1,1722,3,1,4
145813,Illinois State University,IL,21546,"Public, 4-year or above",5.5,6578,17,13,10
145831,Illinois Valley Community College,IL,2720,"Public, 2-year",10.7,0,0,0,0
145646,Illinois Wesleyan University,IL,1582,"Private nonprofit, 4-year or above",0.0,1336,2,3,3
146205,John A Logan College,IL,3224,"Public, 2-year",11.3,0,0,0,1
146278,John Wood Community College,IL,1856,"Public, 2-year",30.2,0,0,0,0
146296,Joliet Junior College,IL,14414,"Public, 2-year",17.6,0,0,1,0
146348,Kankakee Community College,IL,2564,"Public, 2-year",9.6,0,0,0,0
146366,Kaskaskia College,IL,3669,"Public, 2-year",12.2,0,0,0,0
146418,Kishwaukee College,IL,2969,"Public, 2-year",16.9,0,0,0,0
146427,Knox College,IL,1136,"Private nonprofit, 4-year or above",0.0,1186,3,2,1
146481,Lake Forest College,IL,1837,"Private nonprofit, 4-year or above",0.0,1335,3,0,4
146506,Lake Land College,IL,3960,"Public, 2-year",12.9,0,0,0,0
146612,Lewis University,IL,7011,"Private nonprofit, 4-year or above",20.3,1093,0,2,0
146603,Lewis and Clark Community College,IL,4606,"Public, 2-year",6.3,0,0,0,0
146700,Lincoln College of Technology-Melrose Park,IL,1539,"Private for-profit, 2-year",0.0,0,0,0,0
146685,Lincoln Land Community College,IL,5677,"Public, 2-year",22.7,0,0,0,0
146719,Loyola University Chicago,IL,17384,"Private nonprofit, 4-year or above",7.8,4989,4,7,5
147004,McHenry County College,IL,9399,"Public, 2-year",11.8,0,0,0,0
147013,McKendree University,IL,2392,"Private nonprofit, 4-year or above",27.5,1056,3,3,0
437556,Midwest Technical Institute-Illinois,IL,1326,"Private for-profit, less-than 2-year",0.0,0,0,0,0
143853,Midwestern University-Downers Grove,IL,2567,"Private nonprofit, 4-year or above",0.0,180,0,0,0
147244,Millikin University,IL,1586,"Private nonprofit, 4-year or above",3.9,833,3,0,0
147369,Moody Bible Institute,IL,2202,"Private nonprofit, 4-year or above",33.3,1095,1,0,1
147378,Moraine Valley Community College,IL,11296,"Public, 2-year",12.4,0,0,0,2
147411,Morton College,IL,3562,"Public, 2-year",0.9,0,0,0,0
147536,National Louis University,IL,8915,"Private nonprofit, 4-year or above",54.6,0,0,0,0
147660,North Central College,IL,3003,"Private nonprofit, 4-year or above",7.2,1417,7,5,0
147679,North Park University,IL,2557,"Private nonprofit, 4-year or above",9.1,935,0,0,0
147776,Northeastern Illinois University,IL,5734,"Public, 4-year or above",18.4,426,2,2,1
147703,Northern Illinois University,IL,15414,"Public, 4-year or above",14.2,4500,20,19,13
147767,Northwestern University,IL,23856,"Private nonprofit, 4-year or above",4.1,4488,10,10,10
147800,Oakton College,IL,8329,"Public, 2-year",28.6,0,0,0,0
147828,Olivet Nazarene University,IL,3339,"Private nonprofit, 4-year or above",23.7,2690,0,2,0
147916,Parkland College,IL,6014,"Public, 2-year",17.8,0,0,0,0
148007,Prairie State College,IL,2953,"Public, 2-year",14.3,0,0,0,0
148131,Quincy University,IL,1210,"Private nonprofit, 4-year or above",5.6,745,0,0,0
448673,Rasmussen University-Illinois,IL,1145,"Private for-profit, 2-year",24.6,0,0,0,0
148256,Rend Lake College,IL,2015,"Public, 2-year",6.8,0,0,0,0
148292,Richland Community College,IL,2388,"Public, 2-year",17.9,0,0,0,0
148380,Rock Valley College,IL,5978,"Public, 2-year",18.3,0,0,0,0
148405,Rockford University,IL,1241,"Private nonprofit, 4-year or above",22.7,411,3,0,0
148487,Roosevelt University,IL,4281,"Private nonprofit, 4-year or above",9.8,855,1,1,1
145558,Rosalind Franklin University of Medicine and Science,IL,2021,"Private nonprofit, 4-year or above",1.9,582,0,0,0
148511,Rush University,IL,2769,"Private nonprofit, 4-year or above",36.8,0,2,0,1
148627,Saint Xavier University,IL,3485,"Private nonprofit, 4-year or above",6.6,510,1,1,3
148672,Sauk Valley Community College,IL,1467,"Public, 2-year",14.4,0,0,0,0
143048,School of the Art Institute of Chicago,IL,3394,"Private nonprofit, 4-year or above",2.2,1032,0,0,0
148821,Shawnee Community College,IL,1156,"Public, 2-year",17.7,0,0,0,0
149365,South Suburban College,IL,3818,"Public, 2-year",20.3,0,0,0,0
148937,Southeastern Illinois College,IL,1446,"Public, 2-year",8.8,0,0,0,0
149231,Southern Illinois University Edwardsville,IL,11893,"Public, 4-year or above",16.1,3070,1,2,4
149222,Southern Illinois University-Carbondale,IL,11790,"Public, 4-year or above",17.7,4492,2,4,9
143215,Southwestern Illinois College,IL,8492,"Public, 2-year",15.3,0,0,0,1
148991,Spoon River College,IL,1247,"Public, 2-year",33.5,0,0,0,0
143978,The Chicago School at Chicago,IL,1100,"Private nonprofit, 4-year or above",7.7,0,0,0,0
149532,Triton College,IL,9842,"Public, 2-year",9.1,0,0,0,0
366191,Universal Technical Institute of Illinois Inc,IL,1156,"Private for-profit, 2-year",0.0,0,0,0,0
144050,University of Chicago,IL,18566,"Private nonprofit, 4-year or above",0.5,4568,3,5,1
145600,University of Illinois Chicago,IL,33906,"Public, 4-year or above",11.7,3489,6,14,10
148654,University of Illinois Springfield,IL,4628,"Public, 4-year or above",46.4,1048,9,4,2
145637,University of Illinois Urbana-Champaign,IL,59238,"Public, 4-year or above",15.9,15766,37,25,30
148584,University of St Francis,IL,3074,"Private nonprofit, 4-year or above",50.3,442,0,0,0
149727,Waubonsee Community College,IL,8305,"Public, 2-year",14.8,0,0,0,0
149772,Western Illinois University,IL,6332,"Public, 4-year or above",22.6,3083,5,4,1
149781,Wheaton College,IL,2874,"Private nonprofit, 4-year or above",6.6,2116,2,2,0
149842,William Rainey Harper College,IL,13988,"Public, 2-year",16.6,0,0,0,0
150066,Anderson University,IN,1228,"Private nonprofit, 4-year or above",10.8,910,0,0,0
150136,Ball State University,IN,21089,"Public, 4-year or above",26.3,7046,18,9,11
150145,Bethel University,IN,1167,"Private nonprofit, 4-year or above",20.5,723,0,0,0
150163,Butler University,IN,5746,"Private nonprofit, 4-year or above",11.7,2459,10,10,7
150400,DePauw University,IN,1917,"Private nonprofit, 4-year or above",0.0,1286,7,5,5
150677,Grace College and Theological Seminary,IN,2304,"Private nonprofit, 4-year or above",17.3,1127,1,2,2
150756,Hanover College,IN,1243,"Private nonprofit, 4-year or above",0.0,1150,3,4,0
150941,Huntington University,IN,1776,"Private nonprofit, 4-year or above",7.4,870,0,0,0
151290,Indiana Institute of Technology,IN,2770,"Private nonprofit, 4-year or above",22.2,688,1,0,5
492962,Indiana Institute of Technology-College of Professional Studies,IN,2779,"Private nonprofit, 4-year or above",96.8,0,0,0,0
151324,Indiana State University,IN,7895,"Public, 4-year or above",28.1,3743,10,9,13
151351,Indiana University-Bloomington,IN,48424,"Public, 4-year or above",7.1,12496,43,32,43
151388,Indiana University-East,IN,3203,"Public, 4-year or above",69.2,0,0,0,0
151111,Indiana University-Indianapolis,IN,22534,"Public, 4-year or above",12.4,2464,94,71,99
151333,Indiana University-Kokomo,IN,2921,"Public, 4-year or above",24.9,0,0,0,0
151360,Indiana University-Northwest,IN,3041,"Public, 4-year or above",25.1,0,0,0,0
151342,Indiana University-South Bend,IN,4631,"Public, 4-year or above",15.0,386,0,0,1
151379,Indiana University-Southeast,IN,3736,"Public, 4-year or above",29.2,395,0,3,0
151801,Indiana Wesleyan University-Marion,IN,2204,"Private nonprofit, 4-year or above",0.7,2440,0,0,1
488679,Indiana Wesleyan University-National & Global,IN,14331,"Private nonprofit, 4-year or above",77.0,0,0,0,0
150987,Ivy Tech Community College,IN,110710,"Public, 2-year",15.8,0,0,1,0
151661,Lincoln College of Technology-Indianapolis,IN,1052,"Private for-profit, 2-year",0.0,0,0,0,0
151777,Manchester University,IN,1276,"Private nonprofit, 4-year or above",6.2,790,2,1,3
151786,Marian University,IN,3486,"Private nonprofit, 4-year or above",16.9,1204,1,2,1
451228,MyComputerCareer at Indianapolis,IN,1144,"Private for-profit, 2-year",96.2,0,0,0,0
151102,Purdue University Fort Wayne,IN,7206,"Public, 4-year or above",7.5,1595,1,1,3
490805,Purdue University Northwest,IN,9051,"Public, 4-year or above",8.2,776,0,0,1
243780,Purdue University-Main Campus,IN,58658,"Public, 4-year or above",8.4,16270,26,17,21
152318,Rose-Hulman Institute of Technology,IN,2334,"Private nonprofit, 4-year or above",0.2,1297,0,1,0
152390,Saint Mary's College,IN,1601,"Private nonprofit, 4-year or above",3.4,1395,0,1,1
152381,Saint Mary-of-the-Woods College,IN,1159,"Private nonprofit, 4-year or above",26.3,449,0,0,0
152530,Taylor University,IN,2548,"Private nonprofit, 4-year or above",15.5,1745,0,1,0
152567,Trine University,IN,4646,"Private nonprofit, 4-year or above",7.4,1663,1,2,3
414878,Trine University-Regional/Non-Traditional Campuses,IN,9868,"Private nonprofit, 4-year or above",10.8,0,0,0,0
150534,University of Evansville,IN,2114,"Private nonprofit, 4-year or above",3.6,1260,2,2,1
151263,University of Indianapolis,IN,5000,"Private nonprofit, 4-year or above",13.4,2757,0,0,0
152080,University of Notre Dame,IN,13042,"Private nonprofit, 4-year or above",2.0,6934,4,5,5
152336,University of Saint Francis-Fort Wayne,IN,1763,"Private nonprofit, 4-year or above",12.0,435,0,1,0
151306,University of Southern Indiana,IN,9488,"Public, 4-year or above",23.8,2284,3,2,2
152600,Valparaiso University,IN,2579,"Private nonprofit, 4-year or above",2.5,1660,1,0,3
152637,Vincennes University,IN,19795,"Public, 4-year or above",5.2,1313,2,2,2
154642,Allen County Community College,KS,1855,"Public, 2-year",61.7,276,0,0,0
154688,Baker University,KS,2017,"Private nonprofit, 4-year or above",33.1,576,2,0,1
154697,Barton County Community College,KS,5092,"Public, 2-year",51.9,431,1,0,1
154712,Benedictine College,KS,2535,"Private nonprofit, 4-year or above",2.4,1628,1,2,1
154800,Butler Community College,KS,6841,"Public, 2-year",33.2,367,0,2,0
154907,Cloud County Community College,KS,1715,"Public, 2-year",23.3,304,1,0,0
154925,Coffeyville Community College,KS,1466,"Public, 2-year",8.2,593,0,2,0
154934,Colby Community College,KS,1409,"Public, 2-year",45.6,276,0,0,0
154952,Cowley County Community College,KS,2235,"Public, 2-year",33.5,516,1,0,0
154998,Dodge City Community College,KS,1655,"Public, 2-year",19.5,370,0,0,0
155025,Emporia State University,KS,4557,"Public, 4-year or above",47.2,933,1,0,1
155052,Flint Hills Technical College,KS,1794,"Public, 2-year",32.3,0,0,0,0
155061,Fort Hays State University,KS,12878,"Public, 4-year or above",46.7,1731,6,2,2
155098,Fort Scott Community College,KS,1376,"Public, 2-year",7.9,357,0,0,0
155089,Friends University,KS,1961,"Private nonprofit, 4-year or above",11.7,462,1,0,0
155104,Garden City Community College,KS,2079,"Public, 2-year",20.9,540,1,0,0
155186,Highland Community College,KS,2190,"Public, 2-year",28.5,400,0,0,2
155195,Hutchinson Community College,KS,5119,"Public, 2-year",24.8,528,2,0,0
155210,Johnson County Community College,KS,18743,"Public, 2-year",19.1,0,0,0,0
155292,Kansas City Kansas Community College,KS,5014,"Public, 2-year",19.5,258,2,1,1
155399,Kansas State University,KS,20295,"Public, 4-year or above",15.0,5696,15,10,17
155414,Kansas Wesleyan University,KS,1021,"Private nonprofit, 4-year or above",7.0,571,0,0,0
155450,Labette Community College,KS,1426,"Public, 2-year",29.0,0,0,0,0
155520,MidAmerica Nazarene University,KS,1538,"Private nonprofit, 4-year or above",9.3,628,0,1,0
155566,Neosho County Community College,KS,1813,"Public, 2-year",13.7,293,0,0,3
155335,Newman University,KS,2939,"Private nonprofit, 4-year or above",9.1,453,0,0,0
155681,Pittsburg State University,KS,5755,"Public, 4-year or above",17.2,1150,1,2,5
155715,Pratt Community College,KS,1322,"Public, 2-year",30.1,344,1,0,0
155830,Salina Area Technical College,KS,1016,"Public, 2-year",15.4,0,0,0,0
155858,Seward County Community College,KS,2092,"Public, 2-year",13.0,240,0,0,1
155900,Southwestern College,KS,1041,"Private nonprofit, 4-year or above",48.1,630,3,0,1
155317,University of Kansas,KS,29792,"Public, 4-year or above",10.1,6208,31,12,40
155812,University of Saint Mary,KS,1462,"Private nonprofit, 4-year or above",7.5,395,0,0,0
155423,Washburn Institute of Technology,KS,1341,"Public, less-than 2-year",2.4,0,0,0,0
156082,Washburn University,KS,6033,"Public, 4-year or above",12.5,852,0,2,2
156125,Wichita State University,KS,16689,"Public, 4-year or above",25.1,1396,0,3,7
156107,Wichita State University-Campus of Applied Sciences and Technology,KS,6106,"Public, 2-year",14.4,0,2,0,0
156222,Asbury Theological Seminary,KY,1689,"Private nonprofit, 4-year or above",36.7,307,0,0,0
156213,Asbury University,KY,2100,"Private nonprofit, 4-year or above",30.9,1120,0,0,0
156231,Ashland Community and Technical College,KY,2552,"Public, 2-year",34.3,0,0,0,0
156286,Bellarmine University,KY,2886,"Private nonprofit, 4-year or above",8.3,1119,1,2,3
156295,Berea College,KY,1527,"Private nonprofit, 4-year or above",0.0,1520,3,1,4
157553,Big Sandy Community and Technical College,KY,2618,"Public, 2-year",43.7,0,0,0,0
156392,Bluegrass Community and Technical College,KY,12965,"Public, 2-year",36.6,0,10,16,27
156365,Campbellsville University,KY,10836,"Private nonprofit, 4-year or above",10.7,1313,1,1,1
156408,Centre College,KY,1404,"Private nonprofit, 4-year or above",0.0,1360,4,4,0
156620,Eastern Kentucky University,KY,15673,"Public, 4-year or above",31.2,4688,15,7,10
156648,Elizabethtown Community and Technical College,KY,6420,"Public, 2-year",37.1,0,0,0,0
156727,Frontier Nursing University,KY,2664,"Private nonprofit, 4-year or above",100.0,0,0,0,0
156471,Galen College of Nursing-Louisville,KY,5585,"Private for-profit, 4-year or above",67.9,0,0,0,0
157438,Gateway Community and Technical College,KY,5320,"Public, 2-year",42.3,0,0,0,0
156745,Georgetown College,KY,1345,"Private nonprofit, 4-year or above",18.0,1555,0,0,0
156790,Hazard Community and Technical College,KY,3134,"Public, 2-year",36.3,0,0,0,0
156851,Henderson Community College,KY,1944,"Public, 2-year",28.8,0,0,0,0
156860,Hopkinsville Community College,KY,2211,"Public, 2-year",40.5,0,0,0,0
156921,Jefferson Community and Technical College,KY,13429,"Public, 2-year",30.5,0,0,0,0
157058,Kentucky State University,KY,2020,"Public, 4-year or above",10.0,1171,3,1,2
157216,Lindsey Wilson College,KY,4193,"Private nonprofit, 4-year or above",18.6,1167,1,1,1
157304,Madisonville Community College,KY,3569,"Public, 2-year",31.4,0,0,0,0
157331,Maysville Community and Technical College,KY,4434,"Public, 2-year",40.6,0,0,0,0
157377,Midway University,KY,2003,"Private nonprofit, 4-year or above",26.7,431,1,1,1
157386,Morehead State University,KY,8791,"Public, 4-year or above",12.9,3200,3,4,2
157401,Murray State University,KY,10020,"Public, 4-year or above",20.6,3052,5,7,8
157447,Northern Kentucky University,KY,15347,"Public, 4-year or above",54.7,1820,8,3,2
247940,Owensboro Community and Technical College,KY,4875,"Public, 2-year",24.6,0,0,0,0
157711,Somerset Community College,KY,6155,"Public, 2-year",43.7,0,0,0,0
156338,Southcentral Kentucky Community and Technical College,KY,5825,"Public, 2-year",32.0,0,0,0,0
157739,Southeast Kentucky Community & Technical College,KY,3371,"Public, 2-year",30.7,0,0,0,0
157757,Spalding University,KY,1553,"Private nonprofit, 4-year or above",22.6,334,0,1,0
157793,Sullivan University,KY,2498,"Private for-profit, 4-year or above",52.2,508,0,0,0
157809,Thomas More University,KY,2350,"Private nonprofit, 4-year or above",13.5,478,0,0,1
157818,Transylvania University,KY,1006,"Private nonprofit, 4-year or above",0.0,653,30,2,1
157863,Union Commonwealth University,KY,1324,"Private nonprofit, 4-year or above",17.6,358,0,0,0
157085,University of Kentucky,KY,34709,"Public, 4-year or above",14.4,8300,37,22,42
157289,University of Louisville,KY,23065,"Public, 4-year or above",19.1,3942,7,8,2
157535,University of Pikeville,KY,2547,"Private nonprofit, 4-year or above",9.4,662,0,2,0
156541,University of the Cumberlands,KY,22120,"Private nonprofit, 4-year or above",58.3,1420,0,0,0
157483,West Kentucky Community and Technical College,KY,5274,"Public, 2-year",26.6,0,0,0,0
157951,Western Kentucky University,KY,16291,"Public, 4-year or above",19.9,4942,5,11,2
160320,Aveda Arts & Sciences Institute-Covington,LA,2078,"Private for-profit, less-than 2-year",0.0,0,0,0,0
437103,Baton Rouge Community College,LA,11182,"Public, 2-year",57.3,0,0,0,0
158431,Bossier Parish Community College,LA,5561,"Public, 2-year",51.9,0,0,0,0
158088,Central Louisiana Technical Community College,LA,1345,"Public, 2-year",16.5,0,0,0,0
158662,Delgado Community College,LA,12712,"Public, 2-year",42.9,0,0,0,0
158802,Dillard University,LA,1080,"Private nonprofit, 4-year or above",2.1,889,0,0,3
160481,Fletcher Technical Community College,LA,2663,"Public, 2-year",56.0,0,0,0,0
160074,Franciscan Missionaries of Our Lady University,LA,1191,"Private nonprofit, 4-year or above",8.4,0,0,0,0
159009,Grambling State University,LA,5150,"Public, 4-year or above",26.9,2389,3,1,4
483212,Louisiana Delta Community College,LA,3463,"Public, 2-year",41.0,0,0,0,0
159373,Louisiana State University Health Sciences Center-New Orleans,LA,2750,"Public, 4-year or above",1.0,186,1,0,0
435000,Louisiana State University Health Sciences Center-Shreveport,LA,1103,"Public, 4-year or above",4.8,0,0,0,0
159391,Louisiana State University and Agricultural & Mechanical College,LA,41705,"Public, 4-year or above",11.0,8765,21,24,39
159382,Louisiana State University-Alexandria,LA,6815,"Public, 4-year or above",60.2,390,0,0,0
159407,Louisiana State University-Eunice,LA,3670,"Public, 2-year",31.2,217,0,0,0
159416,Louisiana State University-Shreveport,LA,10749,"Public, 4-year or above",79.7,367,0,0,0
159647,Louisiana Tech University,LA,11873,"Public, 4-year or above",3.4,2614,3,6,2
159656,Loyola University New Orleans,LA,4250,"Private nonprofit, 4-year or above",13.4,1375,5,2,3
159717,McNeese State University,LA,6241,"Public, 4-year or above",18.8,1037,0,1,2
159948,New Orleans Baptist Theological Seminary,LA,2349,"Private nonprofit, 4-year or above",28.2,462,0,0,0
159966,Nicholls State University,LA,6043,"Public, 4-year or above",22.9,1416,0,0,0
160667,Northshore Technical Community College,LA,5975,"Public, 2-year",7.4,0,0,0,0
160010,Northwest Louisiana Technical Community College,LA,1065,"Public, 2-year",1.2,0,0,0,0
160038,Northwestern State University of Louisiana,LA,8523,"Public, 4-year or above",57.1,1492,3,3,4
158884,Nunez Community College,LA,2819,"Public, 2-year",25.5,0,0,0,0
436304,River Parishes Community College,LA,2597,"Public, 2-year",27.1,0,0,0,0
160579,SOWELA Technical Community College,LA,3446,"Public, 2-year",11.1,0,0,0,0
434061,South Louisiana Community College,LA,6238,"Public, 2-year",11.5,0,0,0,0
160612,Southeastern Louisiana University,LA,14426,"Public, 4-year or above",6.9,2648,3,2,10
160621,Southern University and A & M College,LA,8279,"Public, 4-year or above",12.8,4400,4,2,0
160630,Southern University at New Orleans,LA,2468,"Public, 4-year or above",35.5,672,0,0,2
160649,Southern University at Shreveport,LA,2951,"Public, 2-year",25.1,240,0,0,0
160755,Tulane University of Louisiana,LA,13310,"Private nonprofit, 4-year or above",13.3,4221,34,24,18
160658,University of Louisiana at Lafayette,LA,15665,"Public, 4-year or above",12.8,3678,2,1,3
159993,University of Louisiana at Monroe,LA,8601,"Public, 4-year or above",21.0,2257,2,2,0
159939,University of New Orleans,LA,6501,"Public, 4-year or above",13.2,1604,2,1,2
160904,Xavier University of Louisiana,LA,3218,"Private nonprofit, 4-year or above",3.6,1691,0,2,6
164447,American International College,MA,2037,"Private nonprofit, 4-year or above",22.9,900,0,2,0
164465,Amherst College,MA,1914,"Private nonprofit, 4-year or above",0.0,1948,5,8,7
164492,Anna Maria College,MA,1202,"Private nonprofit, 4-year or above",25.6,610,0,1,0
164562,Assumption University,MA,2037,"Private nonprofit, 4-year or above",11.4,1661,0,1,4
164580,Babson College,MA,3932,"Private nonprofit, 4-year or above",7.5,2146,1,10,6
164632,Bay Path University,MA,2605,"Private nonprofit, 4-year or above",75.0,400,0,0,0
164739,Bentley University,MA,5333,"Private nonprofit, 4-year or above",1.8,3350,5,3,8
164748,Berklee College of Music,MA,8369,"Private nonprofit, 4-year or above",22.3,1519,0,4,5
164775,Berkshire Community College,MA,1694,"Public, 2-year",22.3,0,0,0,0
164924,Boston College,MA,15432,"Private nonprofit, 4-year or above",5.0,7607,25,17,5
164988,Boston University,MA,37737,"Private nonprofit, 4-year or above",11.2,11767,11,6,8
165015,Brandeis University,MA,5205,"Private nonprofit, 4-year or above",6.1,2950,1,2,0
165024,Bridgewater State University,MA,9727,"Public, 4-year or above",9.9,3301,6,7,4
165033,Bristol Community College,MA,6950,"Public, 2-year",49.5,0,0,0,0
165112,Bunker Hill Community College,MA,9876,"Public, 2-year",32.1,0,0,0,1
165167,Cambridge College,MA,1835,"Private nonprofit, 4-year or above",61.2,0,0,0,0
165194,Cape Cod Community College,MA,3260,"Public, 2-year",22.3,0,8,14,8
165334,Clark University,MA,3925,"Private nonprofit, 4-year or above",0.1,1773,2,3,7
167394,College of Our Lady of the Elms,MA,1268,"Private nonprofit, 4-year or above",20.0,402,0,2,0
166124,College of the Holy Cross,MA,3126,"Private nonprofit, 4-year or above",0.0,2719,3,0,2
165529,Curry College,MA,1994,"Private nonprofit, 4-year or above",9.5,1420,4,3,4
165574,Dean College,MA,1092,"Private nonprofit, 4-year or above",3.7,1028,7,7,6
165662,Emerson College,MA,5263,"Private nonprofit, 4-year or above",12.4,2583,1,2,1
165671,Emmanuel College,MA,1983,"Private nonprofit, 4-year or above",6.6,1464,0,0,3
165699,Endicott College,MA,4394,"Private nonprofit, 4-year or above",24.2,2724,6,4,3
165802,Fisher College,MA,1652,"Private nonprofit, 4-year or above",50.9,322,0,1,0
165820,Fitchburg State University,MA,5892,"Public, 4-year or above",44.5,1705,2,4,1
165866,Framingham State University,MA,4002,"Public, 4-year or above",29.3,1520,4,0,2
165936,Gordon College,MA,1595,"Private nonprofit, 4-year or above",12.9,1268,4,2,0
165945,Gordon-Conwell Theological Seminary,MA,1352,"Private nonprofit, 4-year or above",21.3,301,1,0,0
165981,Greenfield Community College,MA,1689,"Public, 2-year",28.8,0,0,0,0
166027,Harvard University,MA,30259,"Private nonprofit, 4-year or above",25.5,14344,16,17,7
166133,Holyoke Community College,MA,4200,"Public, 2-year",34.6,0,0,0,0
164368,Hult International Business School,MA,2008,"Private nonprofit, 4-year or above",18.3,460,3,0,0
166391,Lasell University,MA,1668,"Private nonprofit, 4-year or above",16.8,1325,2,3,3
166452,Lesley University,MA,2557,"Private nonprofit, 4-year or above",19.6,799,2,5,0
166656,MCPHS University,MA,5945,"Private nonprofit, 4-year or above",15.3,1326,1,0,1
166869,MGH Institute of Health Professions,MA,1672,"Private nonprofit, 4-year or above",24.2,0,0,0,0
166647,Massachusetts Bay Community College,MA,4578,"Public, 2-year",34.1,0,0,0,0
166674,Massachusetts College of Art and Design,MA,1989,"Public, 4-year or above",2.3,940,0,2,1
166683,Massachusetts Institute of Technology,MA,11886,"Private nonprofit, 4-year or above",0.5,7610,15,6,4
166692,Massachusetts Maritime Academy,MA,1488,"Public, 4-year or above",6.7,1420,1,2,0
166823,Massasoit Community College,MA,5574,"Public, 2-year",37.4,0,0,0,0
166850,Merrimack College,MA,5862,"Private nonprofit, 4-year or above",18.0,2826,7,2,6
166887,Middlesex Community College,MA,9374,"Public, 2-year",24.8,0,0,0,0
166939,Mount Holyoke College,MA,2275,"Private nonprofit, 4-year or above",5.2,2150,1,6,2
166957,Mount Wachusett Community College,MA,3694,"Public, 2-year",25.8,0,0,0,0
167215,New England Law-Boston,MA,1131,"Private nonprofit, 4-year or above",0.0,0,1,0,0
167260,Nichols College,MA,1392,"Private nonprofit, 4-year or above",21.9,805,2,1,2
167312,North Shore Community College,MA,5743,"Public, 2-year",18.9,0,0,0,0
167358,Northeastern University,MA,32553,"Private nonprofit, 4-year or above",4.2,11759,11,8,11
167376,Northern Essex Community College,MA,4721,"Public, 2-year",18.5,0,0,0,0
167525,Quincy College,MA,3022,"Public, 4-year or above",35.8,0,1,0,0
167534,Quinsigamond Community College,MA,7811,"Public, 2-year",19.9,0,0,0,0
167598,Regis College,MA,2517,"Private nonprofit, 4-year or above",59.0,750,1,2,1
167631,Roxbury Community College,MA,2044,"Public, 2-year",0.0,0,0,0,0
167729,Salem State University,MA,6230,"Public, 4-year or above",13.5,1675,4,8,9
167783,Simmons University,MA,4666,"Private nonprofit, 4-year or above",45.7,1039,3,0,0
167835,Smith College,MA,2857,"Private nonprofit, 4-year or above",0.0,2478,4,2,3
167899,Springfield College,MA,2599,"Private nonprofit, 4-year or above",0.3,1973,3,9,2
167905,Springfield Technical Community College,MA,5447,"Public, 2-year",37.6,0,0,0,0
167996,Stonehill College,MA,2674,"Private nonprofit, 4-year or above",0.0,2180,3,5,2
168005,Suffolk University,MA,6356,"Private nonprofit, 4-year or above",1.5,1440,2,1,1
168148,Tufts University,MA,13599,"Private nonprofit, 4-year or above",4.2,4210,4,2,7
166708,University of Massachusetts Chan Medical School,MA,1489,"Public, 4-year or above",2.9,0,0,0,0
166629,University of Massachusetts-Amherst,MA,31726,"Public, 4-year or above",11.4,14465,18,15,16
166638,University of Massachusetts-Boston,MA,15575,"Public, 4-year or above",10.2,1102,0,0,1
167987,University of Massachusetts-Dartmouth,MA,7968,"Public, 4-year or above",19.8,3190,1,7,1
166513,University of Massachusetts-Lowell,MA,16598,"Public, 4-year or above",30.0,4135,6,5,4
168218,Wellesley College,MA,2407,"Private nonprofit, 4-year or above",0.0,2191,1,0,0
168227,Wentworth Institute of Technology,MA,4191,"Private nonprofit, 4-year or above",3.3,2117,3,2,5
168254,Western New England University,MA,3674,"Private nonprofit, 4-year or above",5.9,2153,1,2,2
168263,Westfield State University,MA,4588,"Public, 4-year or above",11.8,2396,2,7,2
168281,Wheaton College (Massachusetts),MA,1785,"Private nonprofit, 4-year or above",0.0,1661,5,3,3
168342,Williams College,MA,2164,"Private nonprofit, 4-year or above",0.0,2078,5,6,5
168421,Worcester Polytechnic Institute,MA,7584,"Private nonprofit, 4-year or above",8.9,2628,3,2,2
168430,Worcester State University,MA,5745,"Public, 4-year or above",11.0,1584,6,6,1
161688,Allegany College of Maryland,MD,2762,"Public, 2-year",28.7,208,0,0,1
161767,Anne Arundel Community College,MD,11481,"Public, 2-year",29.3,0,0,0,0
161864,Baltimore City Community College,MD,4375,"Public, 2-year",12.1,0,0,0,0
162007,Bowie State University,MD,6353,"Public, 4-year or above",11.8,1900,3,2,3
162061,Capitol Technology University,MD,1065,"Private nonprofit, 4-year or above",73.2,220,0,0,0
405872,Carroll Community College,MD,3337,"Public, 2-year",18.0,0,0,0,0
162104,Cecil College,MD,1749,"Public, 2-year",15.7,0,0,0,0
162168,Chesapeake College,MD,2095,"Public, 2-year",41.5,0,0,0,0
162122,College of Southern Maryland,MD,5062,"Public, 2-year",26.9,0,0,0,0
434672,Community College of Baltimore County,MD,16451,"Public, 2-year",30.5,0,0,0,0
162283,Coppin State University,MD,2210,"Public, 4-year or above",13.5,650,1,1,0
162557,Frederick Community College,MD,7293,"Public, 2-year",16.6,0,0,0,0
162584,Frostburg State University,MD,4104,"Public, 4-year or above",24.5,970,2,5,2
162654,Goucher College,MD,1459,"Private nonprofit, 4-year or above",25.8,985,3,1,0
162690,Hagerstown Community College,MD,5085,"Public, 2-year",16.0,0,0,0,0
162706,Harford Community College,MD,5067,"Public, 2-year",30.6,0,0,0,0
162760,Hood College,MD,2101,"Private nonprofit, 4-year or above",17.3,768,3,0,1
162779,Howard Community College,MD,8643,"Public, 2-year",22.7,0,0,0,0
162928,Johns Hopkins University,MD,30210,"Private nonprofit, 4-year or above",43.4,2753,6,10,13
163028,Lincoln College of Technology-Columbia,MD,1258,"Private for-profit, 2-year",0.0,0,0,0,0
163046,Loyola University Maryland,MD,4897,"Private nonprofit, 4-year or above",9.2,3318,5,8,3
163295,Maryland Institute College of Art,MD,1687,"Private nonprofit, 4-year or above",15.2,997,4,1,1
164270,McDaniel College,MD,2868,"Private nonprofit, 4-year or above",25.6,1446,9,4,7
163426,Montgomery College,MD,18835,"Public, 2-year",10.3,0,0,0,1
163453,Morgan State University,MD,10739,"Public, 4-year or above",7.0,3986,2,12,7
163462,Mount St. Mary's University,MD,2408,"Private nonprofit, 4-year or above",13.2,1460,5,7,5
163578,Notre Dame of Maryland University,MD,1788,"Private nonprofit, 4-year or above",53.1,390,0,0,8
163657,Prince George's Community College,MD,11473,"Public, 2-year",43.9,0,0,0,0
163851,Salisbury University,MD,7025,"Public, 4-year or above",7.4,2279,7,3,10
163912,St. Mary's College of Maryland,MD,1630,"Public, 4-year or above",0.0,1499,9,5,5
164173,Stevenson University,MD,3684,"Private nonprofit, 4-year or above",20.4,1822,0,1,2
430184,Strayer University-Maryland,MD,1290,"Private for-profit, 4-year or above",99.5,0,0,0,0
164076,Towson University,MD,19401,"Public, 4-year or above",7.7,5000,11,10,6
161873,University of Baltimore,MD,3187,"Public, 4-year or above",25.6,0,0,0,0
163338,University of Maryland Eastern Shore,MD,3177,"Public, 4-year or above",3.5,1689,2,4,10
163204,University of Maryland Global Campus,MD,63012,"Public, 4-year or above",89.2,0,1,0,10
163259,"University of Maryland, Baltimore",MD,6636,"Public, 4-year or above",16.2,424,0,2,2
163268,University of Maryland-Baltimore County,MD,13906,"Public, 4-year or above",4.6,4000,11,15,10
163286,University of Maryland-College Park,MD,41725,"Public, 4-year or above",4.3,12479,19,25,10
164313,Wor-Wic Community College,MD,2941,"Public, 2-year",18.6,0,0,0,0
160977,Bates College,ME,1760,"Private nonprofit, 4-year or above",0.0,1737,7,6,3
161004,Bowdoin College,ME,1881,"Private nonprofit, 4-year or above",0.0,1877,4,5,4
161077,Central Maine Community College,ME,4754,"Public, 2-year",29.0,379,2,0,1
161086,Colby College,ME,2412,"Private nonprofit, 4-year or above",0.0,2260,8,9,6
161138,Eastern Maine Community College,ME,2719,"Public, 2-year",22.8,255,2,3,0
487524,Husson University,ME,3367,"Private nonprofit, 4-year or above",26.0,1197,0,1,6
161192,Kennebec Valley Community College,ME,2489,"Public, 2-year",36.0,0,0,0,0
161518,Saint Joseph's College of Maine,ME,1454,"Private nonprofit, 4-year or above",51.5,771,4,3,5
161545,Southern Maine Community College,ME,7900,"Public, 2-year",24.1,690,6,1,1
161563,Thomas College,ME,1635,"Private nonprofit, 4-year or above",4.3,611,1,0,0
161572,Unity Environmental University,ME,7165,"Private nonprofit, 4-year or above",97.3,575,0,0,0
161253,University of Maine,ME,12029,"Public, 4-year or above",22.7,3634,7,13,12
161217,University of Maine at Augusta,ME,4412,"Public, 4-year or above",60.5,102,0,0,0
161226,University of Maine at Farmington,ME,2100,"Public, 4-year or above",23.2,705,9,5,0
161235,University of Maine at Fort Kent,ME,1562,"Public, 4-year or above",39.5,268,0,2,0
161341,University of Maine at Presque Isle,ME,2873,"Public, 4-year or above",53.4,178,0,1,0
161457,University of New England,ME,6573,"Private nonprofit, 4-year or above",43.0,1534,5,4,2
161554,University of Southern Maine,ME,7604,"Public, 4-year or above",24.3,1760,7,11,10
420440,York County Community College,ME,1875,"Public, 2-year",44.7,37,0,0,0
168528,Adrian College,MI,1765,"Private nonprofit, 4-year or above",3.9,1664,1,0,3
168546,Albion College,MI,1308,"Private nonprofit, 4-year or above",0.0,1448,4,2,4
168591,Alma College,MI,1197,"Private nonprofit, 4-year or above",0.0,1314,7,10,11
168607,Alpena Community College,MI,1581,"Public, 4-year or above",16.1,64,0,0,0
168740,Andrews University,MI,2940,"Private nonprofit, 4-year or above",19.1,1614,1,0,0
168786,Aquinas College,MI,1157,"Private nonprofit, 4-year or above",2.0,698,2,2,0
168847,Baker College,MI,3955,"Private nonprofit, 4-year or above",61.1,558,1,0,0
168883,Bay de Noc Community College,MI,2149,"Public, 2-year",46.9,100,1,1,0
169080,Calvin University,MI,3681,"Private nonprofit, 4-year or above",9.0,2445,3,2,3
169248,Central Michigan University,MI,14488,"Public, 4-year or above",22.0,4640,9,8,9
169327,Cleary University,MI,1004,"Private nonprofit, 4-year or above",18.6,190,1,0,0
169442,College for Creative Studies,MI,1433,"Private nonprofit, 4-year or above",4.1,626,0,0,0
169363,Concordia University Ann Arbor,MI,1135,"Private nonprofit, 4-year or above",17.5,480,2,0,0
170037,Cornerstone University,MI,1695,"Private nonprofit, 4-year or above",24.2,780,0,0,0
169479,Davenport University,MI,4815,"Private nonprofit, 4-year or above",49.9,941,7,5,1
169521,Delta College,MI,8397,"Public, 2-year",36.3,0,0,0,0
169798,Eastern Michigan University,MI,12631,"Public, 4-year or above",17.3,3682,21,20,14
169910,Ferris State University,MI,9959,"Public, 4-year or above",15.9,3230,18,4,16
169974,Glen Oaks Community College,MI,1183,"Public, 2-year",43.3,104,0,0,0
170000,Grace Christian University,MI,1017,"Private nonprofit, 4-year or above",56.5,222,0,0,0
170055,Grand Rapids Community College,MI,12468,"Public, 2-year",34.2,0,1,0,1
170082,Grand Valley State University,MI,22011,"Public, 4-year or above",5.8,6012,11,13,10
170240,Henry Ford College,MI,11410,"Public, 4-year or above",33.3,0,0,0,0
170301,Hope College,MI,3395,"Private nonprofit, 4-year or above",0.1,2472,2,10,4
170444,Jackson College,MI,5086,"Public, 4-year or above",55.1,398,0,0,2
170532,Kalamazoo College,MI,1166,"Private nonprofit, 4-year or above",0.0,864,2,0,1
170541,Kalamazoo Valley Community College,MI,6334,"Public, 2-year",25.1,0,0,1,0
170550,Kellogg Community College,MI,4036,"Public, 2-year",42.7,0,0,0,0
169983,Kettering University,MI,1466,"Private nonprofit, 4-year or above",14.9,435,0,0,0
170587,Kirtland Community College,MI,1905,"Public, 2-year",40.4,32,0,0,0
170620,Lake Michigan College,MI,2937,"Public, 2-year",24.7,188,0,0,1
170639,Lake Superior State University,MI,1567,"Public, 4-year or above",6.3,1108,1,1,2
170657,Lansing Community College,MI,9821,"Public, 2-year",38.5,0,0,0,0
170675,Lawrence Technological University,MI,3693,"Private nonprofit, 4-year or above",8.3,947,0,1,0
170790,Macomb Community College,MI,16300,"Public, 2-year",35.6,0,1,0,0
170806,Madonna University,MI,2124,"Private nonprofit, 4-year or above",20.3,526,1,2,0
171100,Michigan State University,MI,52089,"Public, 4-year or above",4.8,17503,20,43,33
171128,Michigan Technological University,MI,7403,"Public, 4-year or above",4.4,3215,2,1,2
171155,Mid Michigan College,MI,3692,"Public, 2-year",29.4,0,0,0,0
171225,Monroe County Community College,MI,2210,"Public, 2-year",31.2,0,0,0,0
171234,Montcalm Community College,MI,1751,"Public, 2-year",22.6,0,0,0,0
169275,Mott Community College,MI,6718,"Public, 2-year",45.0,0,0,0,0
171304,Muskegon Community College,MI,3617,"Public, 2-year",27.9,0,0,0,0
171395,North Central Michigan College,MI,1613,"Public, 2-year",18.4,154,0,0,0
171456,Northern Michigan University,MI,7409,"Public, 4-year or above",11.6,3155,8,10,6
171483,Northwestern Michigan College,MI,3253,"Public, 4-year or above",26.5,511,0,0,0
171492,Northwood University,MI,2409,"Private nonprofit, 4-year or above",43.6,920,0,1,0
171535,Oakland Community College,MI,15287,"Public, 2-year",34.5,0,0,0,0
171571,Oakland University,MI,15768,"Public, 4-year or above",10.0,3000,8,6,8
170967,Rochester University,MI,1193,"Private nonprofit, 4-year or above",18.4,331,0,0,1
172051,Saginaw Valley State University,MI,6822,"Public, 4-year or above",7.4,2413,2,2,2
172200,Schoolcraft Community College District,MI,8587,"Public, 4-year or above",26.0,0,0,0,0
172264,Siena Heights University,MI,1781,"Private nonprofit, 4-year or above",42.4,639,0,1,1
172307,Southwestern Michigan College,MI,2000,"Public, 2-year",7.8,365,0,1,3
172334,Spring Arbor University,MI,2441,"Private nonprofit, 4-year or above",62.7,966,0,0,0
172291,St Clair County Community College,MI,3317,"Public, 2-year",46.6,119,0,0,0
169655,Universal Technical Institute-Canton,MI,1417,"Private for-profit, 2-year",0.0,0,0,0,0
169716,University of Detroit Mercy,MI,5587,"Private nonprofit, 4-year or above",1.9,965,0,0,2
170976,University of Michigan-Ann Arbor,MI,52855,"Public, 4-year or above",2.8,11631,57,34,25
171137,University of Michigan-Dearborn,MI,8104,"Public, 4-year or above",16.2,0,0,0,0
171146,University of Michigan-Flint,MI,6529,"Public, 4-year or above",29.0,715,2,0,1
172617,Washtenaw Community College,MI,11133,"Public, 2-year",42.5,0,0,0,0
172635,Wayne County Community College District,MI,12137,"Public, 2-year",14.9,0,0,0,0
172644,Wayne State University,MI,23803,"Public, 4-year or above",12.5,3216,5,9,5
172671,West Shore Community College,MI,1120,"Public, 2-year",25.5,0,0,0,0
172699,Western Michigan University,MI,16744,"Public, 4-year or above",11.7,4775,12,9,3
172918,Alexandria Technical & Community College,MN,3281,"Public, 2-year",34.8,0,0,1,2
172954,Anoka Technical College,MN,1970,"Public, 2-year",35.0,0,0,0,0
172963,Anoka-Ramsey Community College,MN,8486,"Public, 2-year",27.5,0,0,0,0
173045,Augsburg University,MN,3249,"Private nonprofit, 4-year or above",1.7,1078,1,1,1
173124,Bemidji State University,MN,4072,"Public, 4-year or above",37.9,935,2,6,1
173160,Bethel University,MN,3603,"Private nonprofit, 4-year or above",29.0,1566,3,1,2
413413,Capella University,MN,47761,"Private for-profit, 4-year or above",100.0,0,0,0,0
173258,Carleton College,MN,2128,"Private nonprofit, 4-year or above",0.0,1840,5,13,4
173203,Central Lakes College-Brainerd,MN,4981,"Public, 2-year",8.9,0,1,0,0
175315,Century College,MN,8726,"Public, 2-year",33.5,0,0,0,0
174747,College of Saint Benedict,MN,1429,"Private nonprofit, 4-year or above",2.8,1638,1,6,1
173300,Concordia College at Moorhead,MN,1935,"Private nonprofit, 4-year or above",5.2,1177,2,0,2
173328,Concordia University-Saint Paul,MN,6003,"Private nonprofit, 4-year or above",44.6,520,0,0,0
174862,Crown College,MN,1846,"Private nonprofit, 4-year or above",63.9,506,0,0,0
173416,Dakota County Technical College,MN,2894,"Public, 2-year",22.3,0,0,0,0
175227,Dunwoody College of Technology,MN,1537,"Private nonprofit, 4-year or above",14.0,60,0,0,1
380368,Fond du Lac Tribal and Community College,MN,1789,"Public, 4-year or above",8.3,56,0,0,0
173647,Gustavus Adolphus College,MN,1906,"Private nonprofit, 4-year or above",0.1,2125,5,2,0
173665,Hamline University,MN,2565,"Private nonprofit, 4-year or above",15.1,882,2,5,2
173708,Hennepin Technical College,MN,4572,"Public, 2-year",28.0,0,0,0,0
173799,Inver Hills Community College,MN,3804,"Public, 2-year",37.1,0,0,0,0
173461,Lake Superior College,MN,4074,"Public, 2-year",25.7,0,0,0,0
173902,Macalester College,MN,2138,"Private nonprofit, 4-year or above",0.0,1304,4,9,8
173957,Mayo Clinic College of Medicine and Science,MN,1439,"Private nonprofit, 4-year or above",0.0,0,6,16,25
174020,Metropolitan State University,MN,6660,"Public, 4-year or above",47.4,0,1,1,3
174136,Minneapolis Community and Technical College,MN,6733,"Public, 2-year",36.1,0,0,1,1
173735,Minnesota North College,MN,3174,"Public, 2-year",14.2,730,0,1,2
175263,Minnesota State College Southeast,MN,2331,"Public, 2-year",37.0,0,0,0,0
173559,Minnesota State Community and Technical College,MN,5645,"Public, 2-year",28.7,121,0,0,0
174358,Minnesota State University Moorhead,MN,4386,"Public, 4-year or above",27.7,1482,0,2,5
173920,Minnesota State University-Mankato,MN,15271,"Public, 4-year or above",16.2,2889,5,7,3
173638,Minnesota West Community and Technical College,MN,3695,"Public, 2-year",29.0,14,1,0,0
175281,Mitchell Hamline School of Law,MN,1163,"Private nonprofit, 4-year or above",4.1,0,0,0,0
174428,Normandale Community College,MN,11026,"Public, 2-year",37.4,0,0,0,0
174376,North Hennepin Community College,MN,5563,"Public, 2-year",33.6,0,0,0,0
174473,Northland Community and Technical College,MN,2631,"Public, 2-year",36.9,0,0,0,0
174507,Northwestern Health Sciences University,MN,1101,"Private nonprofit, 4-year or above",6.1,0,0,0,0
174570,Pine Technical & Community College,MN,1794,"Public, 2-year",12.4,0,0,0,0
175014,Rasmussen University-Minnesota,MN,9416,"Private for-profit, 4-year or above",86.8,0,0,0,0
175236,Ridgewater College,MN,3148,"Public, 2-year",43.5,0,0,0,0
173063,Riverland Community College,MN,3959,"Public, 2-year",18.9,0,0,0,0
174738,Rochester Community and Technical College,MN,5205,"Public, 2-year",32.9,0,0,0,0
174783,Saint Cloud State University,MN,10732,"Public, 4-year or above",17.3,1116,2,1,2
174792,Saint Johns University,MN,1572,"Private nonprofit, 4-year or above",3.6,1555,1,1,3
174817,Saint Mary's University of Minnesota,MN,4505,"Private nonprofit, 4-year or above",30.4,1049,1,4,0
175041,Saint Paul College,MN,5198,"Public, 2-year",22.4,0,0,0,0
173911,South Central College,MN,2731,"Public, 2-year",33.6,0,0,0,0
175078,Southwest Minnesota State University,MN,8214,"Public, 4-year or above",13.0,1049,3,2,7
175005,St Catherine University,MN,3651,"Private nonprofit, 4-year or above",30.3,800,0,4,0
174756,St Cloud Technical and Community College,MN,4030,"Public, 2-year",35.8,0,0,0,0
174844,St Olaf College,MN,3124,"Private nonprofit, 4-year or above",0.0,2987,15,9,5
174899,The College of Saint Scholastica,MN,2930,"Private nonprofit, 4-year or above",28.1,795,1,3,3
174075,University of Minnesota-Crookston,MN,2612,"Public, 4-year or above",43.1,558,1,1,1
174233,University of Minnesota-Duluth,MN,9253,"Public, 4-year or above",2.4,2970,1,4,6
174066,University of Minnesota-Twin Cities,MN,56666,"Public, 4-year or above",3.5,7558,38,28,20
174491,University of Northwestern-St Paul,MN,3234,"Private nonprofit, 4-year or above",38.7,966,0,0,0
174914,University of St Thomas,MN,9410,"Private nonprofit, 4-year or above",7.0,2943,7,6,3
125231,Walden University,MN,49441,"Private for-profit, 4-year or above",100.0,0,0,0,0
175272,Winona State University,MN,6045,"Public, 4-year or above",15.1,1853,3,4,3
177834,A T Still University of Health Sciences,MO,3466,"Private nonprofit, 4-year or above",29.6,44,0,0,0
176628,Avila University,MO,2768,"Private nonprofit, 4-year or above",23.0,415,0,0,0
445267,Central Methodist University-College of Graduate and Extended Studies,MO,3802,"Private nonprofit, 4-year or above",53.8,0,0,0,0
176947,Central Methodist University-College of Liberal Arts and Sciences,MO,1041,"Private nonprofit, 4-year or above",0.0,816,0,0,0
178697,College of the Ozarks,MO,1454,"Private nonprofit, 4-year or above",0.0,1378,0,0,0
177065,Columbia College,MO,5689,"Private nonprofit, 4-year or above",67.9,412,0,2,0
177135,Crowder College,MO,3959,"Public, 2-year",13.6,324,1,1,0
177144,Culver-Stockton College,MO,1028,"Private nonprofit, 4-year or above",15.3,843,2,3,2
177214,Drury University,MO,1615,"Private nonprofit, 4-year or above",9.5,1059,1,0,0
177250,East Central College,MO,2371,"Public, 2-year",16.6,0,0,0,0
177339,Evangel University,MO,2289,"Private nonprofit, 4-year or above",17.7,1465,0,2,0
177551,Harris-Stowe State University,MO,1002,"Public, 4-year or above",13.8,426,2,0,0
177676,Jefferson College,MO,3775,"Public, 2-year",11.5,204,1,0,1
179812,Kansas City University,MO,2109,"Private nonprofit, 4-year or above",0.0,0,0,0,0
177940,Lincoln University,MO,2054,"Public, 4-year or above",7.9,717,1,0,2
177968,Lindenwood University,MO,6826,"Private nonprofit, 4-year or above",43.1,2541,6,3,4
177986,Logan University,MO,1406,"Private nonprofit, 4-year or above",43.2,0,0,0,0
178059,Maryville University of Saint Louis,MO,9261,"Private nonprofit, 4-year or above",65.1,1059,3,3,3
177995,Metropolitan Community College-Kansas City,MO,13523,"Public, 2-year",21.2,0,0,0,1
178208,Midwestern Baptist Theological Seminary,MO,3945,"Private nonprofit, 4-year or above",47.6,290,0,0,0
178217,Mineral Area College,MO,2447,"Public, 2-year",21.7,255,0,0,0
178244,Missouri Baptist University,MO,5699,"Private nonprofit, 4-year or above",14.9,398,0,0,0
178341,Missouri Southern State University,MO,4147,"Public, 4-year or above",23.0,798,1,2,0
179566,Missouri State University-Springfield,MO,24360,"Public, 4-year or above",16.1,3788,7,2,8
179344,Missouri State University-West Plains,MO,1919,"Public, 2-year",34.4,120,0,0,0
178411,Missouri University of Science and Technology,MO,7154,"Public, 4-year or above",0.5,2209,1,7,6
178369,Missouri Valley College,MO,1770,"Private nonprofit, 4-year or above",14.2,1136,1,0,0
178387,Missouri Western State University,MO,3716,"Public, 4-year or above",8.4,1239,5,2,2
178448,Moberly Area Community College,MO,5384,"Public, 2-year",34.2,118,0,0,0
179715,North Central Missouri College,MO,1951,"Public, 2-year",35.5,182,0,0,0
178624,Northwest Missouri State University,MO,9152,"Public, 4-year or above",32.0,2339,4,5,9
177472,Ozarks Technical Community College,MO,11380,"Public, 4-year or above",28.5,0,0,0,0
178721,Park University,MO,5736,"Private nonprofit, 4-year or above",69.0,526,1,2,0
178891,Ranken Technical College,MO,1784,"Private nonprofit, 4-year or above",6.6,188,0,0,0
179043,Rockhurst University,MO,3577,"Private nonprofit, 4-year or above",17.5,851,1,4,3
179308,Saint Louis Community College,MO,15649,"Public, 4-year or above",21.4,0,0,0,1
179159,Saint Louis University,MO,17059,"Private nonprofit, 4-year or above",6.7,4188,12,14,9
179557,Southeast Missouri State University,MO,9501,"Public, 4-year or above",18.1,2330,1,0,1
179326,Southwest Baptist University,MO,2199,"Private nonprofit, 4-year or above",10.3,873,0,1,1
262031,St Charles Community College,MO,6143,"Public, 2-year",23.2,0,1,0,0
179539,State Fair Community College,MO,4242,"Public, 2-year",37.9,324,1,0,2
177977,State Technical College of Missouri,MO,2346,"Public, 2-year",1.5,149,0,0,0
179645,Three Rivers College,MO,2604,"Public, 2-year",53.0,184,0,0,0
178615,Truman State University,MO,3664,"Public, 4-year or above",16.1,1403,5,6,3
176965,University of Central Missouri,MO,12857,"Public, 4-year or above",11.0,2859,6,4,1
178396,University of Missouri-Columbia,MO,31543,"Public, 4-year or above",12.8,6530,16,18,9
178402,University of Missouri-Kansas City,MO,14732,"Public, 4-year or above",4.9,1114,1,1,0
178420,University of Missouri-St Louis,MO,14736,"Public, 4-year or above",17.6,715,0,3,2
179867,Washington University in St Louis,MO,16357,"Private nonprofit, 4-year or above",3.9,7088,8,9,5
179894,Webster University,MO,8260,"Private nonprofit, 4-year or above",31.6,850,5,1,2
179964,William Woods University,MO,2046,"Private nonprofit, 4-year or above",49.2,741,0,0,0
175342,Alcorn State University,MS,2995,"Public, 4-year or above",21.0,2109,5,3,0
175421,Belhaven University,MS,4213,"Private nonprofit, 4-year or above",58.7,672,2,0,0
175519,Coahoma Community College,MS,1633,"Public, 2-year",45.0,387,0,0,0
175573,Copiah-Lincoln Community College,MS,2932,"Public, 2-year",23.5,595,0,0,0
175616,Delta State University,MS,2654,"Public, 4-year or above",31.6,1277,1,0,0
447023,Delta Technical College-Mississippi,MS,2307,"Private for-profit, less-than 2-year",0.0,0,0,0,0
175643,East Central Community College,MS,2785,"Public, 2-year",33.6,650,0,0,0
175652,East Mississippi Community College,MS,3841,"Public, 2-year",36.8,668,0,0,0
175786,Hinds Community College,MS,8859,"Public, 2-year",25.4,1794,0,2,0
175810,Holmes Community College,MS,5039,"Public, 2-year",32.4,536,0,0,0
175829,Itawamba Community College,MS,5139,"Public, 2-year",28.2,1246,0,0,0
175856,Jackson State University,MS,6326,"Public, 4-year or above",38.7,2149,1,4,3
175883,Jones County Junior College,MS,4753,"Public, 2-year",21.1,846,0,0,0
175935,Meridian Community College,MS,2780,"Public, 2-year",8.5,368,0,0,0
176053,Mississippi College,MS,4164,"Private nonprofit, 4-year or above",13.1,1893,1,3,1
176008,Mississippi Delta Community College,MS,1978,"Public, 2-year",19.9,489,0,0,0
176071,Mississippi Gulf Coast Community College,MS,8694,"Public, 2-year",23.4,1078,1,0,0
176080,Mississippi State University,MS,23150,"Public, 4-year or above",16.5,5333,12,10,7
176035,Mississippi University for Women,MS,2193,"Public, 4-year or above",32.5,644,0,1,0
176044,Mississippi Valley State University,MS,2205,"Public, 4-year or above",10.5,998,0,0,0
176169,Northeast Mississippi Community College,MS,3442,"Public, 2-year",23.2,826,0,0,0
176178,Northwest Mississippi Community College,MS,7867,"Public, 2-year",27.7,1237,0,0,0
176239,Pearl River Community College,MS,6011,"Public, 2-year",29.4,1019,0,0,0
176354,Southwest Mississippi Community College,MS,1758,"Public, 2-year",12.4,538,0,0,0
176406,Tougaloo College,MS,1301,"Private nonprofit, 4-year or above",1.9,670,1,0,0
176017,University of Mississippi,MS,26449,"Public, 4-year or above",7.4,5690,15,10,14
176372,University of Southern Mississippi,MS,13170,"Public, 4-year or above",29.5,3539,2,1,0
176479,William Carey University,MS,5321,"Private nonprofit, 4-year or above",29.2,876,1,1,0
180106,Carroll College,MT,1156,"Private nonprofit, 4-year or above",0.2,1050,0,0,0
180197,Flathead Valley Community College,MT,2234,"Public, 2-year",10.9,124,0,0,0
180249,Great Falls College Montana State University,MT,1502,"Public, 2-year",38.6,0,0,0,0
180276,Helena College University of Montana,MT,1554,"Public, 2-year",21.0,0,0,0,0
180461,Montana State University,MT,17135,"Public, 4-year or above",5.9,4764,14,18,5
180179,Montana State University Billings,MT,4129,"Public, 4-year or above",22.5,571,4,3,2
180416,Montana Technological University,MT,1702,"Public, 4-year or above",5.8,460,0,0,0
180595,Rocky Mountain College,MT,1032,"Private nonprofit, 4-year or above",0.7,571,2,2,2
180489,The University of Montana,MT,10811,"Public, 4-year or above",13.6,3029,21,23,10
180692,The University of Montana-Western,MT,1358,"Public, 4-year or above",18.5,430,4,1,0
199786,Alamance Community College,NC,4827,"Public, 2-year",52.4,0,0,0,0
197869,Appalachian State University,NC,21570,"Public, 4-year or above",9.7,6313,16,8,14
197887,Asheville-Buncombe Technical Community College,NC,6510,"Public, 2-year",31.7,0,0,0,0
197911,Barton College,NC,1235,"Private nonprofit, 4-year or above",17.3,651,1,1,0
197966,Beaufort County Community College,NC,1856,"Public, 2-year",36.6,0,0,0,0
197984,Belmont Abbey College,NC,1388,"Private nonprofit, 4-year or above",10.3,1157,1,1,2
198011,Bladen Community College,NC,1173,"Public, 2-year",50.3,0,0,0,0
198039,Blue Ridge Community College,NC,2723,"Public, 2-year",41.6,0,0,0,0
198084,Brunswick Community College,NC,2009,"Public, 2-year",47.3,0,0,0,0
198118,Caldwell Community College and Technical Institute,NC,3914,"Public, 2-year",33.8,0,0,0,0
198136,Campbell University,NC,4963,"Private nonprofit, 4-year or above",15.3,1387,0,0,2
198154,Cape Fear Community College,NC,14082,"Public, 2-year",31.0,0,0,0,0
198206,Carteret Community College,NC,1614,"Public, 2-year",44.3,0,0,0,0
198215,Catawba College,NC,1376,"Private nonprofit, 4-year or above",15.1,688,0,0,2
198233,Catawba Valley Community College,NC,4904,"Public, 2-year",65.6,0,0,0,0
198251,Central Carolina Community College,NC,5882,"Public, 2-year",47.3,0,0,0,0
198260,Central Piedmont Community College,NC,20375,"Public, 2-year",34.2,0,0,0,1
198321,Cleveland Community College,NC,1558,"Public, 2-year",52.2,0,0,0,0
198330,Coastal Carolina Community College,NC,3659,"Public, 2-year",38.6,0,0,0,0
197814,College of the Albemarle,NC,2905,"Public, 2-year",73.4,0,0,0,0
198367,Craven Community College,NC,3103,"Public, 2-year",45.8,0,0,0,0
198385,Davidson College,NC,1869,"Private nonprofit, 4-year or above",0.0,1788,4,3,7
198376,Davidson-Davie Community College,NC,4305,"Public, 2-year",34.9,0,0,0,0
198419,Duke University,NC,17499,"Private nonprofit, 4-year or above",5.4,5775,10,6,2
198455,Durham Technical Community College,NC,5157,"Public, 2-year",55.4,0,0,0,0
198464,East Carolina University,NC,26940,"Public, 4-year or above",29.6,5549,17,12,15
198491,Edgecombe Community College,NC,1397,"Public, 2-year",78.5,0,0,0,0
198507,Elizabeth City State University,NC,2258,"Public, 4-year or above",27.3,1583,1,2,6
198516,Elon University,NC,7239,"Private nonprofit, 4-year or above",0.0,4196,17,15,1
198543,Fayetteville State University,NC,7107,"Public, 4-year or above",46.7,1485,6,5,5
198534,Fayetteville Technical Community College,NC,11755,"Public, 2-year",45.7,0,0,0,0
198552,Forsyth Technical Community College,NC,9099,"Public, 2-year",40.4,0,1,0,0
198561,Gardner-Webb University,NC,3104,"Private nonprofit, 4-year or above",36.9,1368,0,0,0
198570,Gaston College,NC,6443,"Public, 2-year",54.1,0,0,0,0
198613,Guilford College,NC,1180,"Private nonprofit, 4-year or above",0.0,990,1,5,0
198622,Guilford Technical Community College,NC,11485,"Public, 2-year",35.0,0,2,0,0
198640,Halifax Community College,NC,1061,"Public, 2-year",55.7,0,0,0,0
198668,Haywood Community College,NC,1395,"Public, 2-year",43.7,0,0,0,0
198695,High Point University,NC,6331,"Private nonprofit, 4-year or above",5.4,5222,18,11,13
198710,Isothermal Community College,NC,1918,"Public, 2-year",48.2,0,0,0,0
198729,James Sprunt Community College,NC,1519,"Public, 2-year",50.5,0,0,0,0
445708,Johnson & Wales University-Charlotte,NC,1184,"Private nonprofit, 4-year or above",0.7,698,2,3,0
198756,Johnson C Smith University,NC,1302,"Private nonprofit, 4-year or above",10.8,1039,1,3,2
198774,Johnston Community College,NC,5371,"Public, 2-year",39.3,0,0,0,0
198817,Lenoir Community College,NC,2591,"Public, 2-year",45.2,0,0,0,0
198835,Lenoir-Rhyne University,NC,2256,"Private nonprofit, 4-year or above",8.5,1017,5,1,0
198899,Mars Hill University,NC,1110,"Private nonprofit, 4-year or above",6.4,818,2,0,0
198923,McDowell Technical Community College,NC,1249,"Public, 2-year",52.7,0,0,0,0
198950,Meredith College,NC,1465,"Private nonprofit, 4-year or above",1.0,1150,0,0,0
198969,Methodist University,NC,1822,"Private nonprofit, 4-year or above",11.7,1176,1,5,4
198987,Mitchell Community College,NC,3979,"Public, 2-year",45.0,0,0,0,1
199023,Montgomery Community College,NC,1184,"Public, 2-year",19.2,0,0,0,0
480037,MyComputerCareer at Raleigh,NC,1466,"Private for-profit, 2-year",74.3,0,0,0,0
442611,NASCAR Technical Institute,NC,1345,"Private for-profit, 2-year",0.0,0,0,0,0
199087,Nash Community College,NC,2780,"Public, 2-year",57.4,0,0,0,0
199102,North Carolina A & T State University,NC,14311,"Public, 4-year or above",10.9,6010,7,6,3
199157,North Carolina Central University,NC,8579,"Public, 4-year or above",21.8,3375,11,5,5
199193,North Carolina State University at Raleigh,NC,38464,"Public, 4-year or above",8.3,10291,18,12,4
199209,North Carolina Wesleyan University,NC,1419,"Private nonprofit, 4-year or above",31.4,826,0,2,1
199333,Pitt Community College,NC,7684,"Public, 2-year",40.8,0,0,0,0
199412,Queens University of Charlotte,NC,1599,"Private nonprofit, 4-year or above",18.3,1029,13,3,1
199421,Randolph Community College,NC,2814,"Public, 2-year",61.0,0,0,0,0
199449,Richmond Community College,NC,2384,"Public, 2-year",30.3,0,0,0,0
199476,Robeson Community College,NC,2238,"Public, 2-year",45.1,0,0,0,0
199485,Rockingham Community College,NC,1803,"Public, 2-year",53.0,0,0,0,0
199494,Rowan-Cabarrus Community College,NC,7028,"Public, 2-year",51.1,0,0,0,0
199625,Sampson Community College,NC,1526,"Public, 2-year",64.6,0,0,0,0
199634,Sandhills Community College,NC,4115,"Public, 2-year",36.9,0,0,0,0
197850,South Piedmont Community College,NC,4013,"Public, 2-year",33.3,0,0,0,0
199759,Southeastern Baptist Theological Seminary,NC,3220,"Private nonprofit, 4-year or above",36.9,815,0,0,0
199722,Southeastern Community College,NC,1426,"Public, 2-year",28.8,0,0,0,0
199731,Southwestern Community College,NC,2157,"Public, 2-year",31.3,0,0,0,0
199740,Stanly Community College,NC,2468,"Public, 2-year",66.0,0,0,0,0
453163,Strayer University-North Carolina,NC,3037,"Private for-profit, 4-year or above",99.9,0,0,0,0
199768,Surry Community College,NC,2796,"Public, 2-year",20.2,0,0,0,0
199795,Tri-County Community College,NC,1023,"Public, 2-year",41.3,0,0,0,0
199069,University of Mount Olive,NC,2109,"Private nonprofit, 4-year or above",53.9,697,0,0,0
199111,University of North Carolina Asheville,NC,3056,"Public, 4-year or above",1.2,1563,3,1,4
199184,University of North Carolina School of the Arts,NC,1111,"Public, 4-year or above",0.0,614,0,4,0
199218,University of North Carolina Wilmington,NC,18848,"Public, 4-year or above",24.3,5173,16,12,15
199120,University of North Carolina at Chapel Hill,NC,32438,"Public, 4-year or above",4.8,10006,29,20,18
199139,University of North Carolina at Charlotte,NC,31091,"Public, 4-year or above",9.8,6225,7,7,9
199148,University of North Carolina at Greensboro,NC,18012,"Public, 4-year or above",24.2,5600,8,11,10
199281,University of North Carolina at Pembroke,NC,7674,"Public, 4-year or above",49.5,1848,12,9,13
199838,Vance-Granville Community College,NC,2936,"Public, 2-year",60.3,0,0,1,0
199847,Wake Forest University,NC,9322,"Private nonprofit, 4-year or above",11.1,4104,10,11,12
199856,Wake Technical Community College,NC,24609,"Public, 2-year",45.3,0,1,0,0
199892,Wayne Community College,NC,3626,"Public, 2-year",42.0,0,0,0,0
200004,Western Carolina University,NC,11686,"Public, 4-year or above",24.3,4760,22,13,10
199908,Western Piedmont Community College,NC,1813,"Public, 2-year",25.0,0,0,0,0
199926,Wilkes Community College,NC,2593,"Public, 2-year",30.4,0,0,0,0
199953,Wilson Community College,NC,1832,"Public, 2-year",41.5,0,0,0,0
199962,Wingate University,NC,3458,"Private nonprofit, 4-year or above",7.0,2112,2,3,3
199999,Winston-Salem State University,NC,4782,"Public, 4-year or above",16.9,2705,4,6,8
200022,Bismarck State College,ND,4206,"Public, 4-year or above",34.3,438,2,0,1
200314,Dakota College at Bottineau,ND,1204,"Public, 2-year",60.9,259,0,0,0
200059,Dickinson State University,ND,1410,"Public, 4-year or above",26.8,383,1,0,0
200192,Lake Region State College,ND,1897,"Public, 2-year",45.7,200,0,0,0
200226,Mayville State University,ND,1134,"Public, 4-year or above",50.1,308,1,0,1
200253,Minot State University,ND,2751,"Public, 4-year or above",23.6,633,1,0,0
200305,North Dakota State College of Science,ND,3367,"Public, 2-year",13.5,1125,1,1,3
200332,North Dakota State University-Main Campus,ND,11952,"Public, 4-year or above",7.3,5563,4,9,6
200156,University of Jamestown,ND,1376,"Private nonprofit, 4-year or above",18.8,875,3,3,1
200217,University of Mary,ND,3861,"Private nonprofit, 4-year or above",26.3,1441,1,0,1
200280,University of North Dakota,ND,15019,"Public, 4-year or above",34.4,2986,6,11,6
200572,Valley City State University,ND,1806,"Public, 4-year or above",25.9,462,0,0,2
180814,Bellevue University,NE,14667,"Private nonprofit, 4-year or above",95.0,188,1,1,0
180902,Central Community College,NE,6927,"Public, 2-year",58.6,553,1,1,3
180948,Chadron State College,NE,2098,"Public, 4-year or above",51.0,1197,3,8,6
180832,Clarkson College,NE,1121,"Private nonprofit, 4-year or above",67.2,144,0,0,0
180984,Concordia University-Nebraska,NE,3479,"Private nonprofit, 4-year or above",14.3,959,1,0,0
181002,Creighton University,NE,8581,"Private nonprofit, 4-year or above",15.4,2281,10,5,4
181020,Doane University,NE,1985,"Private nonprofit, 4-year or above",0.0,606,1,2,4
181303,Metropolitan Community College Area,NE,16642,"Public, 2-year",19.1,0,0,0,0
181312,Mid-Plains Community College,NE,2140,"Public, 2-year",24.5,357,0,0,0
181330,Midland University,NE,1558,"Private nonprofit, 4-year or above",13.9,722,1,1,2
181297,Nebraska Methodist College of Nursing & Allied Health,NE,1067,"Private nonprofit, 4-year or above",31.0,101,0,0,0
181446,Nebraska Wesleyan University,NE,1654,"Private nonprofit, 4-year or above",5.4,900,7,1,4
181491,Northeast Community College,NE,5720,"Public, 2-year",22.5,536,0,0,0
181534,Peru State College,NE,1492,"Public, 4-year or above",41.2,566,0,5,2
181640,Southeast Community College Area,NE,10816,"Public, 2-year",29.1,956,0,0,0
181428,University of Nebraska Medical Center,NE,3988,"Public, 4-year or above",14.8,0,0,0,0
181215,University of Nebraska at Kearney,NE,5881,"Public, 4-year or above",39.5,1921,3,2,7
181394,University of Nebraska at Omaha,NE,14972,"Public, 4-year or above",23.1,2408,7,3,3
181464,University of Nebraska-Lincoln,NE,24393,"Public, 4-year or above",6.5,5814,44,12,11
181783,Wayne State College,NE,4666,"Public, 4-year or above",17.5,1529,0,1,6
181817,Western Nebraska Community College,NE,1569,"Public, 2-year",10.5,336,0,0,0
182670,Dartmouth College,NH,6938,"Private nonprofit, 4-year or above",0.0,3875,8,8,28
182795,Franklin Pierce University,NH,1654,"Private nonprofit, 4-year or above",15.4,1205,1,1,0
183150,Great Bay Community College,NH,1462,"Public, 2-year",16.9,0,0,0,0
183062,Keene State College,NH,2848,"Public, 4-year or above",1.7,1999,2,2,4
183132,Manchester Community College,NH,2081,"Public, 2-year",19.8,0,0,0,0
183099,NHTI-Concord's Community College,NH,2657,"Public, 2-year",29.0,297,3,1,1
183141,Nashua Community College,NH,1342,"Public, 2-year",15.1,0,0,1,0
182980,New England College,NH,3275,"Private nonprofit, 4-year or above",19.7,815,1,1,2
183080,Plymouth State University,NH,3707,"Public, 4-year or above",6.1,2364,2,5,10
183211,Rivier University,NH,2777,"Private nonprofit, 4-year or above",22.5,495,1,4,0
183239,Saint Anselm College,NH,2111,"Private nonprofit, 4-year or above",1.0,1958,4,4,6
183026,Southern New Hampshire University,NH,189531,"Private nonprofit, 4-year or above",96.6,1789,9,4,5
183044,University of New Hampshire-Main Campus,NH,13554,"Public, 4-year or above",4.6,6523,28,18,22
183655,Atlantic Cape Community College,NJ,4052,"Public, 2-year",33.5,0,0,0,0
183743,Bergen Community College,NJ,11720,"Public, 2-year",16.3,0,0,0,0
183789,Berkeley College-Woodland Park,NJ,1996,"Private for-profit, 4-year or above",52.0,0,0,0,0
183804,Beth Medrash Govoha,NJ,9657,"Private nonprofit, 4-year or above",0.0,1782,0,0,0
183859,Brookdale Community College,NJ,9900,"Public, 2-year",6.1,0,0,1,0
183910,Caldwell University,NJ,2005,"Private nonprofit, 4-year or above",2.3,607,2,0,1
183938,Camden County College,NJ,7622,"Public, 2-year",27.2,0,0,0,0
183974,Centenary University,NJ,1398,"Private nonprofit, 4-year or above",17.2,756,0,0,3
486956,Chamberlain University-New Jersey,NJ,1226,"Private for-profit, 4-year or above",6.9,0,0,0,0
184180,County College of Morris,NJ,6131,"Public, 2-year",11.9,0,0,2,1
184348,Drew University,NJ,2232,"Private nonprofit, 4-year or above",3.0,1554,5,1,1
183488,Eastwick College-Hackensack,NJ,1171,"Private for-profit, 4-year or above",0.0,0,0,0,0
184959,Eastwick College-Ramsey,NJ,1203,"Private for-profit, 4-year or above",0.0,0,0,0,0
184481,Essex County College,NJ,7026,"Public, 2-year",13.3,0,0,0,0
184694,Fairleigh Dickinson University-Florham Campus,NJ,2885,"Private nonprofit, 4-year or above",3.9,1570,3,1,1
184603,Fairleigh Dickinson University-Metropolitan Campus,NJ,8045,"Private nonprofit, 4-year or above",13.3,991,0,1,0
184612,Felician University,NJ,2427,"Private nonprofit, 4-year or above",8.8,585,0,2,0
184773,Georgian Court University,NJ,2013,"Private nonprofit, 4-year or above",13.9,501,0,0,4
184995,Hudson County Community College,NJ,7763,"Public, 2-year",30.7,0,0,0,0
455196,Jersey College,NJ,4478,"Private for-profit, 2-year",0.0,0,0,2,0
185262,Kean University,NJ,13905,"Public, 4-year or above",10.2,1905,1,3,3
420343,Lincoln Technical Institute-Mahwah,NJ,1080,"Private for-profit, 2-year",0.0,0,0,0,0
185396,Lincoln Technical Institute-Union,NJ,1785,"Private for-profit, less-than 2-year",0.0,0,0,0,0
185509,Mercer County Community College,NJ,6394,"Public, 2-year",12.9,0,0,0,0
185536,Middlesex College,NJ,12044,"Public, 2-year",14.1,0,0,0,0
185572,Monmouth University,NJ,4767,"Private nonprofit, 4-year or above",4.2,1932,1,0,2
185590,Montclair State University,NJ,23375,"Public, 4-year or above",9.5,5093,6,4,10
185129,New Jersey City University,NJ,5429,"Public, 4-year or above",28.8,617,1,0,0
185828,New Jersey Institute of Technology,NJ,13247,"Public, 4-year or above",5.3,2444,1,1,3
185873,Ocean County College,NJ,7095,"Public, 2-year",18.2,0,0,0,0
186034,Passaic County Community College,NJ,4782,"Public, 2-year",8.1,0,0,0,0
186131,Princeton University,NJ,9137,"Private nonprofit, 4-year or above",0.0,5526,6,6,10
186201,Ramapo College of New Jersey,NJ,5981,"Public, 4-year or above",4.5,2615,4,1,0
186645,Raritan Valley Community College,NJ,6762,"Public, 2-year",10.7,0,0,0,0
186283,Rider University,NJ,4003,"Private nonprofit, 4-year or above",9.8,2409,6,2,2
183877,Rowan College at Burlington County,NJ,6620,"Public, 2-year",43.7,0,0,0,0
184205,Rowan College of South Jersey-Cumberland Campus,NJ,2686,"Public, 2-year",29.3,0,0,0,0
184791,Rowan College of South Jersey-Gloucester Campus,NJ,5218,"Public, 2-year",28.4,0,0,0,0
184782,Rowan University,NJ,21026,"Public, 4-year or above",13.2,6371,19,9,18
186371,Rutgers University-Camden,NJ,5675,"Public, 4-year or above",21.2,830,5,3,3
186380,Rutgers University-New Brunswick,NJ,52269,"Public, 4-year or above",6.3,15305,19,16,20
186399,Rutgers University-Newark,NJ,11315,"Public, 4-year or above",10.3,2015,8,3,2
186432,Saint Peter's University,NJ,3572,"Private nonprofit, 4-year or above",20.9,654,0,0,0
186469,Salem Community College,NJ,1135,"Public, 2-year",14.9,0,0,0,0
186584,Seton Hall University,NJ,9571,"Private nonprofit, 4-year or above",9.8,2606,3,0,6
186867,Stevens Institute of Technology,NJ,8469,"Private nonprofit, 4-year or above",10.2,2028,5,2,1
186876,Stockton University,NJ,8631,"Public, 4-year or above",7.0,3418,9,3,8
247603,Sussex County Community College,NJ,2247,"Public, 2-year",17.7,0,0,0,0
187134,The College of New Jersey,NJ,8141,"Public, 4-year or above",1.1,3867,5,4,5
187046,Thomas Edison State University,NJ,7544,"Public, 4-year or above",98.9,0,0,0,0
187198,"UCNJ Union College of Union County, New Jersey",NJ,8330,"Public, 2-year",19.1,0,0,0,0
493132,Universal Technical Institute-Bloomfield,NJ,1428,"Private for-profit, 2-year",0.0,0,0,0,0
187444,William Paterson University of New Jersey,NJ,9942,"Public, 4-year or above",45.7,1486,2,2,2
187532,Central New Mexico Community College,NM,19342,"Public, 2-year",39.2,0,0,0,0
187639,Clovis Community College,NM,2342,"Public, 2-year",33.7,0,0,0,0
187648,Eastern New Mexico University-Main Campus,NM,5725,"Public, 4-year or above",62.3,730,1,2,1
187666,Eastern New Mexico University-Roswell Campus,NM,2082,"Public, 2-year",32.1,0,0,1,0
426314,Embry-Riddle Aeronautical University-Worldwide,NM,12770,"Private nonprofit, 4-year or above",92.2,0,0,0,0
187596,Navajo Technical University,NM,1704,"Public, 4-year or above",10.7,203,0,0,0
187897,New Mexico Highlands University,NM,2704,"Public, 4-year or above",48.7,518,0,1,0
187967,New Mexico Institute of Mining and Technology,NM,1622,"Public, 4-year or above",6.7,807,0,0,0
187903,New Mexico Junior College,NM,2235,"Public, 2-year",13.1,328,2,1,0
187994,New Mexico State University-Alamogordo,NM,1152,"Public, 2-year",63.7,0,0,0,0
187620,New Mexico State University-Dona Ana,NM,7200,"Public, 2-year",40.8,0,7,3,6
188030,New Mexico State University-Main Campus,NM,15408,"Public, 4-year or above",21.0,3269,7,3,6
188058,Northern New Mexico College,NM,1425,"Public, 4-year or above",34.4,0,0,0,0
188100,San Juan College,NM,6452,"Public, 2-year",35.2,150,0,0,1
188137,Santa Fe Community College,NM,4469,"Public, 2-year",37.9,0,0,0,0
188003,Southeast New Mexico College,NM,1431,"Public, 2-year",24.6,0,0,0,0
187958,University of New Mexico-Gallup Campus,NM,1687,"Public, 2-year",10.0,0,0,0,0
187985,University of New Mexico-Main Campus,NM,23124,"Public, 4-year or above",16.7,2492,27,14,17
188182,University of the Southwest,NM,1130,"Private nonprofit, 4-year or above",72.0,236,0,0,0
188304,Western New Mexico University,NM,3531,"Public, 4-year or above",35.5,382,1,0,0
487375,Arizona College of Nursing-Las Vegas,NV,1222,"Private for-profit, 4-year or above",0.0,0,0,0,0
182005,College of Southern Nevada,NV,28313,"Public, 4-year or above",29.5,0,0,0,0
182306,Great Basin College,NV,3320,"Public, 4-year or above",91.3,112,0,0,0
441900,Nevada State University,NV,7549,"Public, 4-year or above",17.0,0,0,0,1
445948,Northwest Career College,NV,2937,"Private for-profit, 2-year",6.9,0,0,0,0
445735,Roseman University of Health Sciences,NV,1367,"Private nonprofit, 4-year or above",2.8,0,0,0,0
459824,Touro University Nevada,NV,1600,"Private nonprofit, 4-year or above",22.3,0,0,0,0
182500,Truckee Meadows Community College,NV,10885,"Public, 4-year or above",29.9,0,0,0,0
182281,University of Nevada-Las Vegas,NV,32911,"Public, 4-year or above",10.2,1740,2,6,3
182290,University of Nevada-Reno,NV,23024,"Public, 4-year or above",6.6,3291,5,4,21
182564,Western Nevada College,NV,4284,"Public, 4-year or above",24.5,0,0,0,0
188429,Adelphi University,NY,7603,"Private nonprofit, 4-year or above",7.0,1260,3,4,2
385415,Albert Einstein College of Medicine,NY,1424,"Private nonprofit, 4-year or above",0.0,980,0,0,0
188641,Alfred University,NY,2007,"Private nonprofit, 4-year or above",0.4,1482,0,3,1
188854,American Musical and Dramatic Academy,NY,1452,"Private nonprofit, 4-year or above",0.7,1128,0,2,1
188890,Apex Technical School,NY,1400,"Private nonprofit, less-than 2-year",0.0,0,0,0,0
189088,Bard College,NY,2911,"Private nonprofit, 4-year or above",3.6,1400,5,1,3
189097,Barnard College,NY,3487,"Private nonprofit, 4-year or above",3.9,2425,2,0,0
189228,Berkeley College-New York,NY,2156,"Private for-profit, 4-year or above",63.7,0,0,0,0
196079,Binghamton University,NY,18816,"Public, 4-year or above",2.2,7586,12,12,14
189501,Brooklyn Law School,NY,1125,"Private nonprofit, 4-year or above",0.0,360,0,0,0
189583,Bryant & Stratton College-Buffalo,NY,2086,"Private nonprofit, 4-year or above",0.0,0,0,0,0
190512,CUNY Bernard M Baruch College,NY,20081,"Public, 4-year or above",4.5,288,0,0,0
190521,CUNY Borough of Manhattan Community College,NY,20123,"Public, 2-year",17.7,0,0,0,0
190530,CUNY Bronx Community College,NY,6787,"Public, 2-year",10.0,0,0,0,0
190549,CUNY Brooklyn College,NY,14390,"Public, 4-year or above",11.8,0,0,0,0
190567,CUNY City College,NY,15544,"Public, 4-year or above",6.7,589,1,1,0
190576,CUNY Graduate School and University Center,NY,9536,"Public, 4-year or above",47.2,0,0,0,3
190585,CUNY Hostos Community College,NY,5478,"Public, 2-year",14.4,0,0,0,0
190594,CUNY Hunter College,NY,22538,"Public, 4-year or above",2.9,706,1,0,0
190600,CUNY John Jay College of Criminal Justice,NY,13763,"Public, 4-year or above",21.2,0,0,0,1
190619,CUNY Kingsborough Community College,NY,18165,"Public, 2-year",42.7,0,0,1,1
190628,CUNY LaGuardia Community College,NY,14494,"Public, 2-year",7.6,0,1,0,0
190637,CUNY Lehman College,NY,13324,"Public, 4-year or above",24.7,0,0,0,0
190646,CUNY Medgar Evers College,NY,3736,"Public, 4-year or above",15.2,0,0,0,0
190655,CUNY New York City College of Technology,NY,14486,"Public, 4-year or above",8.0,0,0,1,0
190664,CUNY Queens College,NY,15965,"Public, 4-year or above",6.2,510,0,1,0
190673,CUNY Queensborough Community College,NY,10337,"Public, 2-year",6.8,0,0,0,1
475565,CUNY Stella and Charles Guttman Community College,NY,1048,"Public, 2-year",0.7,0,0,0,0
190691,CUNY York College,NY,6174,"Public, 4-year or above",5.4,0,0,0,0
189705,Canisius University,NY,2451,"Private nonprofit, 4-year or above",9.2,1046,2,0,0
189839,Cayuga County Community College,NY,3580,"Public, 2-year",17.5,0,0,0,0
190044,Clarkson University,NY,3348,"Private nonprofit, 4-year or above",7.8,2417,0,0,0
190053,Clinton Community College,NY,1067,"Public, 2-year",6.0,0,0,0,0
190099,Colgate University,NY,3211,"Private nonprofit, 4-year or above",0.0,2958,3,5,1
190558,College of Staten Island CUNY,NY,11033,"Public, 4-year or above",9.5,440,0,0,3
190150,Columbia University in the City of New York,NY,35173,"Private nonprofit, 4-year or above",4.1,13284,15,11,22
190169,Columbia-Greene Community College,NY,1616,"Public, 2-year",15.9,0,0,0,0
190415,Cornell University,NY,26793,"Private nonprofit, 4-year or above",1.6,8747,30,28,25
190503,Culinary Institute of America,NY,3147,"Private nonprofit, 4-year or above",2.9,1971,7,3,2
190716,D'Youville  University,NY,2556,"Private nonprofit, 4-year or above",12.0,433,0,2,0
190725,Daemen University,NY,2540,"Private nonprofit, 4-year or above",26.7,643,1,2,0
190761,Dominican University New York,NY,1396,"Private nonprofit, 4-year or above",3.9,656,1,3,1
190840,Dutchess Community College,NY,6606,"Public, 2-year",14.7,465,0,0,0
196264,Empire State University,NY,10469,"Public, 4-year or above",92.0,0,0,0,0
191083,Erie Community College,NY,8090,"Public, 2-year",16.3,0,0,0,0
196680,Excelsior University,NY,12941,"Private nonprofit, 4-year or above",100.0,0,0,0,1
196042,Farmingdale State College,NY,10039,"Public, 4-year or above",4.9,495,0,0,0
191126,Fashion Institute of Technology,NY,8206,"Public, 4-year or above",3.8,2300,1,4,1
191199,Finger Lakes Community College,NY,6004,"Public, 2-year",24.6,353,0,1,0
191241,Fordham University,NY,16150,"Private nonprofit, 4-year or above",9.1,4759,18,12,12
191302,Fulton-Montgomery Community College,NY,1865,"Public, 2-year",4.3,0,0,0,0
191339,Genesee Community College,NY,4240,"Public, 2-year",21.3,370,0,0,0
191515,Hamilton College,NY,2031,"Private nonprofit, 4-year or above",0.0,2055,5,8,6
191533,Hartwick College,NY,1097,"Private nonprofit, 4-year or above",0.1,1183,6,114,4
191612,Herkimer County Community College,NY,1971,"Public, 2-year",23.8,596,1,1,0
191630,Hobart William Smith Colleges,NY,1841,"Private nonprofit, 4-year or above",0.0,1704,22,11,9
191649,Hofstra University,NY,10685,"Private nonprofit, 4-year or above",3.1,3500,6,5,3
191676,Houghton University,NY,1200,"Private nonprofit, 4-year or above",17.9,978,0,1,1
191719,Hudson Valley Community College,NY,9227,"Public, 2-year",17.8,0,0,0,0
191728,Hunter Business School,NY,1261,"Private for-profit, 2-year",14.2,0,0,0,0
193405,Icahn School of Medicine at Mount Sinai,NY,1261,"Private nonprofit, 4-year or above",0.0,698,0,0,0
191931,Iona University,NY,3958,"Private nonprofit, 4-year or above",4.3,1408,0,3,4
191968,Ithaca College,NY,4767,"Private nonprofit, 4-year or above",0.1,4174,10,6,13
191986,Jamestown Community College,NY,4054,"Public, 2-year",11.6,340,1,0,1
192022,Jefferson Community College,NY,2319,"Public, 2-year",13.9,294,0,0,0
192192,Keuka College,NY,1366,"Private nonprofit, 4-year or above",33.4,754,6,3,4
192271,LIM College,NY,1467,"Private for-profit, 4-year or above",32.2,384,0,0,0
192323,Le Moyne College,NY,3091,"Private nonprofit, 4-year or above",1.7,1520,3,2,0
449320,Lincoln Technical Institute-Whitestone,NY,1131,"Private for-profit, less-than 2-year",0.0,0,0,0,0
192448,Long Island University,NY,16689,"Private nonprofit, 4-year or above",1.5,3335,0,0,0
420981,Manhattan School of Computer Technology,NY,1002,"Private nonprofit, 2-year",66.1,0,0,0,0
192712,Manhattan School of Music,NY,1084,"Private nonprofit, 4-year or above",0.5,600,0,2,0
192703,Manhattan University,NY,3225,"Private nonprofit, 4-year or above",2.0,1536,2,0,0
192749,Manhattanville University,NY,2512,"Private nonprofit, 4-year or above",17.9,988,1,1,0
192819,Marist University,NY,6356,"Private nonprofit, 4-year or above",7.8,3463,5,10,13
192864,Marymount Manhattan College,NY,1601,"Private nonprofit, 4-year or above",0.1,704,0,0,0
193016,Mercy University,NY,8991,"Private nonprofit, 4-year or above",24.2,771,1,1,2
193283,Mohawk Valley Community College,NY,5940,"Public, 2-year",9.9,459,0,1,1
193292,Molloy University,NY,5005,"Private nonprofit, 4-year or above",20.7,337,0,0,0
193326,Monroe Community College,NY,8641,"Public, 2-year",24.0,772,3,2,2
193308,Monroe University,NY,8141,"Private for-profit, 4-year or above",17.6,900,0,0,1
193353,Mount Saint Mary College,NY,2491,"Private nonprofit, 4-year or above",2.5,586,0,0,0
193478,Nassau Community College,NY,12301,"Public, 2-year",19.1,0,0,0,0
193584,Nazareth University,NY,2401,"Private nonprofit, 4-year or above",1.3,1294,9,6,4
194091,New York Institute of Technology,NY,6877,"Private nonprofit, 4-year or above",2.4,250,2,1,7
193821,New York Law School,NY,1062,"Private nonprofit, 4-year or above",0.1,0,0,0,0
193830,New York Medical College,NY,1471,"Private nonprofit, 4-year or above",5.6,500,0,3,0
193900,New York University,NY,56832,"Private nonprofit, 4-year or above",6.0,12577,6,12,12
193946,Niagara County Community College,NY,4547,"Public, 2-year",11.3,0,0,0,2
193973,Niagara University,NY,4033,"Private nonprofit, 4-year or above",24.7,1442,6,3,3
194028,North Country Community College,NY,1658,"Public, 2-year",12.7,98,0,0,0
194222,Onondaga Community College,NY,8537,"Public, 2-year",5.9,771,3,2,6
194240,Orange County Community College,NY,5704,"Public, 2-year",12.2,0,0,0,0
194310,Pace University,NY,13634,"Private nonprofit, 4-year or above",7.9,3311,4,6,6
194499,Plaza College,NY,1002,"Private for-profit, 4-year or above",68.8,0,0,0,0
194578,Pratt Institute-Main,NY,5356,"Private nonprofit, 4-year or above",1.0,1875,2,4,2
475033,Relay Graduate School of Education,NY,1324,"Private nonprofit, 4-year or above",100.0,0,0,0,0
194824,Rensselaer Polytechnic Institute,NY,7040,"Private nonprofit, 4-year or above",0.0,3899,6,8,4
194958,Roberts Wesleyan University,NY,1960,"Private nonprofit, 4-year or above",27.5,618,3,0,0
195003,Rochester Institute of Technology,NY,17098,"Private nonprofit, 4-year or above",3.6,6886,12,11,20
195058,Rockland Community College,NY,5364,"Public, 2-year",13.7,0,0,0,0
195128,Russell Sage College,NY,2790,"Private nonprofit, 4-year or above",10.3,715,1,1,2
188438,SUNY Adirondack,NY,2576,"Public, 2-year",11.1,408,1,6,0
196121,SUNY Brockport,NY,7482,"Public, 4-year or above",20.3,2700,4,8,13
189547,SUNY Broome Community College,NY,5327,"Public, 2-year",17.1,316,0,0,0
196130,SUNY Buffalo State University,NY,6188,"Public, 4-year or above",4.6,2782,11,6,8
196167,SUNY College at Geneseo,NY,3945,"Public, 4-year or above",0.5,2587,3,12,8
196200,SUNY College at Potsdam,NY,2832,"Public, 4-year or above",15.7,2069,5,1,3
196033,SUNY College of Agriculture and Technology at Cobleskill,NY,1988,"Public, 4-year or above",3.1,1222,0,0,3
196103,SUNY College of Environmental Science and Forestry,NY,2757,"Public, 4-year or above",2.5,620,0,0,0
196006,SUNY College of Technology at Alfred,NY,3781,"Public, 4-year or above",10.0,2477,5,1,3
196015,SUNY College of Technology at Canton,NY,3459,"Public, 4-year or above",42.9,1250,1,1,1
196024,SUNY College of Technology at Delhi,NY,3056,"Public, 4-year or above",24.8,1840,1,3,2
190442,SUNY Corning Community College,NY,3720,"Public, 2-year",10.9,290,0,0,0
196255,SUNY Downstate Health Sciences University,NY,2220,"Public, 4-year or above",13.5,400,0,0,0
196291,SUNY Maritime College,NY,1413,"Public, 4-year or above",4.7,1405,0,0,0
196051,SUNY Morrisville,NY,2186,"Public, 4-year or above",3.4,1450,2,1,0
196237,SUNY Old Westbury,NY,4709,"Public, 4-year or above",7.4,1000,2,3,2
196185,SUNY Oneonta,NY,5337,"Public, 4-year or above",8.9,3270,1,2,3
196112,SUNY Polytechnic Institute,NY,2733,"Public, 4-year or above",33.5,1076,0,1,0
197294,SUNY Westchester Community College,NY,9359,"Public, 2-year",11.3,0,0,1,0
196158,SUNY at Fredonia,NY,3179,"Public, 4-year or above",5.8,2936,6,15,2
196219,SUNY at Purchase College,NY,3333,"Public, 4-year or above",1.5,2750,3,4,6
195304,Sarah Lawrence College,NY,1798,"Private nonprofit, 4-year or above",0.3,1070,1,7,7
195322,Schenectady County Community College,NY,3490,"Public, 2-year",11.5,0,0,0,0
197151,School of Visual Arts,NY,3812,"Private for-profit, 4-year or above",0.0,1128,0,0,0
195474,Siena College,NY,3720,"Private nonprofit, 4-year or above",0.3,2455,5,4,3
195526,Skidmore College,NY,2704,"Private nonprofit, 4-year or above",0.0,2213,5,1,3
195164,St Bonaventure University,NY,2752,"Private nonprofit, 4-year or above",20.2,1612,6,3,2
195216,St Lawrence University,NY,1991,"Private nonprofit, 4-year or above",0.0,2362,6,5,5
189811,St Paul's School of Nursing-Queens,NY,1056,"Private for-profit, 2-year",0.0,0,0,0,0
195173,St. Francis College,NY,4567,"Private nonprofit, 4-year or above",63.3,320,1,0,0
195720,St. John Fisher University,NY,3693,"Private nonprofit, 4-year or above",17.5,1495,0,1,4
195809,St. John's University-New York,NY,19389,"Private nonprofit, 4-year or above",4.7,3191,4,3,1
195544,St. Joseph's University-New York,NY,3899,"Private nonprofit, 4-year or above",12.8,0,0,0,0
195243,St. Thomas Aquinas College,NY,2037,"Private nonprofit, 4-year or above",0.1,657,0,1,2
196149,State University of New York at Cortland,NY,6938,"Public, 4-year or above",9.0,3110,9,10,2
196176,State University of New York at New Paltz,NY,7898,"Public, 4-year or above",5.0,3198,7,12,4
196194,State University of New York at Oswego,NY,6715,"Public, 4-year or above",17.5,3828,7,10,8
196246,State University of New York at Plattsburgh,NY,4540,"Public, 4-year or above",20.0,2300,8,9,3
196097,Stony Brook University,NY,26689,"Public, 4-year or above",7.0,10501,13,11,6
366395,Suffolk County Community College,NY,19973,"Public, 2-year",12.3,0,0,0,0
195988,Sullivan County Community College,NY,1527,"Public, 2-year",11.2,333,0,0,0
196389,Swedish Institute a College of Health Sciences,NY,1233,"Private for-profit, 2-year",0.0,0,0,0,0
196413,Syracuse University,NY,22589,"Private nonprofit, 4-year or above",10.5,8370,19,19,6
196468,Teachers College at Columbia University,NY,4401,"Private nonprofit, 4-year or above",5.6,678,1,2,0
192110,The Juilliard School,NY,1073,"Private nonprofit, 4-year or above",11.1,348,0,0,0
193654,The New School,NY,9068,"Private nonprofit, 4-year or above",2.3,1738,3,3,2
196565,Tompkins Cortland Community College,NY,4958,"Public, 2-year",8.0,436,1,2,2
196592,Touro University,NY,11937,"Private nonprofit, 4-year or above",31.2,403,0,1,0
196653,Trocaire College,NY,1069,"Private nonprofit, 4-year or above",7.6,0,0,0,0
196699,Ulster County Community College,NY,3091,"Public, 2-year",9.5,0,0,0,0
196866,Union College,NY,2065,"Private nonprofit, 4-year or above",0.0,2043,8,2,2
197018,United Talmudical Seminary,NY,2241,"Private nonprofit, 4-year or above",0.0,700,0,0,0
196060,University at Albany,NY,17560,"Public, 4-year or above",9.7,6890,7,8,7
196088,University at Buffalo,NY,31903,"Public, 4-year or above",7.1,7725,2,4,6
193399,University of Mount Saint Vincent,NY,3774,"Private nonprofit, 4-year or above",13.7,931,1,1,0
195030,University of Rochester,NY,11946,"Private nonprofit, 4-year or above",9.9,5618,17,11,5
196307,Upstate Medical University,NY,1341,"Public, 4-year or above",4.6,270,0,1,0
446604,Uta Mesivta of Kiryas Joel,NY,2957,"Private nonprofit, 4-year or above",0.0,625,0,0,0
197045,Utica University,NY,3627,"Private nonprofit, 4-year or above",42.9,1034,0,0,0
197133,Vassar College,NY,2462,"Private nonprofit, 4-year or above",0.0,2455,6,7,6
188340,Vaughn College of Aeronautics and Technology,NY,1405,"Private nonprofit, 4-year or above",6.4,191,0,0,0
197197,Wagner College,NY,2001,"Private nonprofit, 4-year or above",0.0,1403,0,4,0
190424,Weill Medical College of Cornell University,NY,1474,"Private nonprofit, 4-year or above",0.3,698,0,0,0
197708,Yeshiva University,NY,6965,"Private nonprofit, 4-year or above",17.3,1645,0,0,0
197735,Yeshivath Viznitz,NY,1389,"Private nonprofit, 4-year or above",0.0,650,0,0,0
201104,Ashland University,OH,4106,"Private nonprofit, 4-year or above",24.0,1593,3,3,2
201195,Baldwin Wallace University,OH,3305,"Private nonprofit, 4-year or above",4.1,1638,8,6,0
201283,Belmont College,OH,2020,"Public, 2-year",11.8,0,0,0,0
201432,Bowling Green State University-Firelands,OH,2097,"Public, 4-year or above",27.5,0,0,0,0
201441,Bowling Green State University-Main Campus,OH,17594,"Public, 4-year or above",14.3,5215,7,8,8
201548,Capital University,OH,2263,"Private nonprofit, 4-year or above",3.4,977,6,2,4
201645,Case Western Reserve University,OH,12475,"Private nonprofit, 4-year or above",4.4,4494,11,5,4
201654,Cedarville University,OH,6318,"Private nonprofit, 4-year or above",23.9,3284,1,2,0
201672,Central Ohio Technical College,OH,3182,"Public, 4-year or above",19.8,0,4,0,0
201690,Central State University,OH,2708,"Public, 4-year or above",54.5,1437,0,1,1
201928,Cincinnati State Technical and Community College,OH,9683,"Public, 4-year or above",25.0,0,0,0,0
201973,Clark State College,OH,5077,"Public, 4-year or above",33.2,0,0,0,0
202134,Cleveland State University,OH,14074,"Public, 4-year or above",12.3,2202,4,7,3
202222,Columbus State Community College,OH,28081,"Public, 4-year or above",24.9,0,0,0,0
202356,Cuyahoga Community College District,OH,17840,"Public, 2-year",33.9,0,0,0,0
202523,Denison University,OH,2394,"Private nonprofit, 4-year or above",0.0,2387,7,11,6
202648,Edison State Community College,OH,4624,"Public, 4-year or above",25.8,0,0,0,0
205957,Franciscan University of Steubenville,OH,3976,"Private nonprofit, 4-year or above",26.9,1873,2,1,2
202806,Franklin University,OH,9457,"Private nonprofit, 4-year or above",91.0,0,0,0,0
203085,Heidelberg University,OH,1091,"Private nonprofit, 4-year or above",3.2,920,1,1,1
203128,Hiram College,OH,1061,"Private nonprofit, 4-year or above",5.7,719,0,0,0
203155,Hocking College,OH,1486,"Public, 2-year",13.3,756,0,0,1
203386,Hondros College of Nursing,OH,3857,"Private for-profit, 2-year",0.3,0,0,0,0
203678,James A. Rhodes State College,OH,4124,"Public, 4-year or above",17.3,0,0,0,0
203368,John Carroll University,OH,2864,"Private nonprofit, 4-year or above",5.7,1437,6,3,2
203447,Kent State University at Ashtabula,OH,1739,"Public, 4-year or above",69.2,0,0,0,0
203456,Kent State University at East Liverpool,OH,1196,"Public, 4-year or above",72.3,0,0,0,0
203526,Kent State University at Geauga,OH,2204,"Public, 4-year or above",59.1,0,0,0,0
203517,Kent State University at Kent,OH,26374,"Public, 4-year or above",16.9,5674,14,7,14
203492,Kent State University at Salem,OH,1633,"Public, 4-year or above",53.4,0,0,0,0
203465,Kent State University at Stark,OH,3569,"Public, 4-year or above",41.6,0,0,0,0
203474,Kent State University at Trumbull,OH,2148,"Public, 4-year or above",70.4,0,0,0,0
203483,Kent State University at Tuscarawas,OH,2099,"Public, 4-year or above",52.1,0,0,0,0
203535,Kenyon College,OH,2249,"Private nonprofit, 4-year or above",0.0,1968,8,3,5
203580,Lake Erie College,OH,1108,"Private nonprofit, 4-year or above",17.6,452,0,0,0
203599,Lakeland Community College,OH,4358,"Public, 2-year",28.2,0,0,0,0
203748,Lorain County Community College,OH,9350,"Public, 4-year or above",28.6,0,1,0,0
203775,Malone University,OH,1256,"Private nonprofit, 4-year or above",20.2,757,0,0,0
203845,Marietta College,OH,1109,"Private nonprofit, 4-year or above",1.5,1185,6,1,2
203881,Marion Technical College,OH,3346,"Public, 4-year or above",23.3,0,0,0,0
203960,Mercy College of Ohio,OH,1096,"Private nonprofit, 4-year or above",46.0,0,0,0,0
204006,Miami University-Hamilton,OH,2480,"Public, 4-year or above",28.4,0,0,0,0
204015,Miami University-Middletown,OH,1190,"Public, 4-year or above",38.1,0,0,0,0
204024,Miami University-Oxford,OH,18838,"Public, 4-year or above",5.7,8279,32,21,24
204200,Mount St. Joseph University,OH,2265,"Private nonprofit, 4-year or above",5.6,486,0,0,0
204194,Mount Vernon Nazarene University,OH,1671,"Private nonprofit, 4-year or above",37.0,1076,0,1,1
204264,Muskingum University,OH,1751,"Private nonprofit, 4-year or above",26.9,1014,2,7,2
204422,North Central State College,OH,2553,"Public, 4-year or above",25.5,0,0,0,0
204477,Northeast Ohio Medical University,OH,1029,"Public, 4-year or above",1.2,0,0,0,0
204440,Northwest State Community College,OH,4082,"Public, 2-year",15.9,0,0,0,0
204501,Oberlin College,OH,2909,"Private nonprofit, 4-year or above",0.0,2694,1,8,8
201964,Ohio Christian University,OH,1431,"Private nonprofit, 4-year or above",60.8,230,0,0,0
204617,Ohio Dominican University,OH,1209,"Private nonprofit, 4-year or above",13.8,536,0,0,0
204635,Ohio Northern University,OH,3140,"Private nonprofit, 4-year or above",0.0,1930,5,1,0
204796,Ohio State University-Main Campus,OH,61443,"Public, 4-year or above",6.4,15097,101,60,67
204705,Ohio State University-Newark Campus,OH,2544,"Public, 4-year or above",5.7,316,3,0,0
204820,Ohio University-Chillicothe Campus,OH,2170,"Public, 4-year or above",25.3,0,0,0,0
204802,Ohio University-Eastern Campus,OH,1235,"Public, 4-year or above",24.2,0,0,0,0
204848,Ohio University-Lancaster Campus,OH,2127,"Public, 4-year or above",25.2,0,0,0,0
204857,Ohio University-Main Campus,OH,26323,"Public, 4-year or above",25.1,8323,21,11,20
204839,Ohio University-Southern Campus,OH,1716,"Public, 4-year or above",26.7,0,0,0,0
204866,Ohio University-Zanesville Campus,OH,2009,"Public, 4-year or above",24.8,0,0,0,0
204909,Ohio Wesleyan University,OH,1525,"Private nonprofit, 4-year or above",0.0,1521,4,2,1
204936,Otterbein University,OH,2332,"Private nonprofit, 4-year or above",1.0,1295,4,0,5
204945,Owens Community College,OH,7854,"Public, 2-year",18.6,0,0,0,0
452081,Ross College-Sylvania,OH,1714,"Private for-profit, 2-year",91.6,0,0,0,0
205443,Shawnee State University,OH,3231,"Public, 4-year or above",17.9,878,2,0,2
205470,Sinclair Community College,OH,19415,"Public, 4-year or above",37.3,0,0,0,0
205966,Southern State Community College,OH,2227,"Public, 2-year",32.1,0,0,0,0
205841,Stark State College,OH,10128,"Public, 2-year",26.7,0,0,0,0
206011,Terra State Community College,OH,2214,"Public, 2-year",19.0,0,0,0,0
206589,The College of Wooster,OH,1738,"Private nonprofit, 4-year or above",0.0,1892,10,11,9
202763,The University of Findlay,OH,5016,"Private nonprofit, 4-year or above",9.1,1425,2,2,3
206048,Tiffin University,OH,3831,"Private nonprofit, 4-year or above",48.8,1037,1,6,2
200800,University of Akron Main Campus,OH,13332,"Public, 4-year or above",12.4,2485,5,7,6
200846,University of Akron Wayne College,OH,1411,"Public, 4-year or above",12.3,0,0,0,0
201955,University of Cincinnati-Blue Ash College,OH,7787,"Public, 4-year or above",41.8,0,0,0,0
201946,University of Cincinnati-Clermont College,OH,9479,"Public, 4-year or above",81.0,0,0,0,0
201885,University of Cincinnati-Main Campus,OH,45026,"Public, 4-year or above",20.4,8342,52,43,32
202480,University of Dayton,OH,10506,"Private nonprofit, 4-year or above",7.4,6630,12,8,6
204185,University of Mount Union,OH,2461,"Private nonprofit, 4-year or above",3.8,1658,3,3,0
204486,University of Northwestern Ohio,OH,2525,"Private nonprofit, 4-year or above",19.0,1684,0,0,0
205203,University of Rio Grande,OH,2258,"Private nonprofit, 4-year or above",9.4,515,0,1,0
206084,University of Toledo,OH,14358,"Public, 4-year or above",14.8,2080,12,6,4
206437,Walsh University,OH,2192,"Private nonprofit, 4-year or above",24.5,936,1,1,0
206446,Washington State College of Ohio,OH,2025,"Public, 4-year or above",17.7,0,0,0,0
206507,Wilmington College,OH,1040,"Private nonprofit, 4-year or above",6.6,835,1,1,1
206525,Wittenberg University,OH,1285,"Private nonprofit, 4-year or above",1.5,1630,2,1,2
206613,Wright State University-Lake Campus,OH,1356,"Public, 4-year or above",33.1,96,0,0,2
206604,Wright State University-Main Campus,OH,10603,"Public, 4-year or above",9.5,2599,5,3,7
206622,Xavier University,OH,5501,"Private nonprofit, 4-year or above",10.0,2352,5,6,4
206695,Youngstown State University,OH,12204,"Public, 4-year or above",20.2,1160,4,1,0
204255,Zane State College,OH,1769,"Public, 4-year or above",14.3,0,0,0,0
206914,Cameron University,OK,3696,"Public, 4-year or above",30.0,664,0,0,0
365374,Canadian Valley Technology Center,OK,2197,"Public, 2-year",0.0,0,0,0,0
206923,Carl Albert State College,OK,1851,"Public, 2-year",40.1,300,1,0,2
246017,Central Technology Center,OK,1159,"Public, less-than 2-year",0.0,0,0,0,0
206996,Connors State College,OK,2376,"Public, 2-year",39.2,369,0,0,1
207041,East Central University,OK,3377,"Public, 4-year or above",34.0,1291,0,0,0
207050,Eastern Oklahoma State College,OK,1285,"Public, 2-year",39.7,279,0,1,0
245999,Francis Tuttle Technology Center,OK,2834,"Public, less-than 2-year",0.0,0,0,0,0
418296,Indian Capital Technology Center-Muskogee,OK,1491,"Public, 2-year",0.0,0,0,0,0
207209,Langston University,OK,1937,"Public, 4-year or above",3.1,1694,2,1,5
365480,Meridian Technology Center,OK,1009,"Public, 2-year",0.0,0,0,0,0
363165,Metro Technology Centers,OK,1626,"Public, 2-year",0.0,0,0,0,0
245953,Mid-America Christian University,OK,2397,"Private nonprofit, 4-year or above",70.7,300,0,0,0
418320,Mid-America Technology Center,OK,1121,"Public, less-than 2-year",0.0,0,0,0,0
248606,Moore Norman Technology Center,OK,1403,"Public, 2-year",0.0,0,0,0,0
207236,Murray State College,OK,2949,"Public, 4-year or above",57.8,400,0,1,0
461087,Northeast Technology Center,OK,1498,"Public, less-than 2-year",0.0,0,0,0,0
207290,Northeastern Oklahoma A&M College,OK,1962,"Public, 2-year",39.2,900,0,0,0
207263,Northeastern State University,OK,6751,"Public, 4-year or above",40.7,1194,0,0,1
207281,Northern Oklahoma College,OK,3138,"Public, 2-year",30.1,619,17,14,6
207306,Northwestern Oklahoma State University,OK,2079,"Public, 4-year or above",25.6,886,1,0,0
207403,Oklahoma Baptist University,OK,1569,"Private nonprofit, 4-year or above",6.9,1200,4,0,1
207324,Oklahoma Christian University,OK,2851,"Private nonprofit, 4-year or above",30.7,1709,1,0,0
207449,Oklahoma City Community College,OK,11475,"Public, 2-year",47.6,0,0,0,0
207458,Oklahoma City University,OK,2966,"Private nonprofit, 4-year or above",7.8,1197,3,5,4
207351,Oklahoma Panhandle State University,OK,1021,"Public, 4-year or above",36.8,513,1,1,0
207315,Oklahoma State University Center for Health Sciences,OK,2256,"Public, 4-year or above",52.2,0,0,1,0
207564,Oklahoma State University Institute of Technology,OK,2396,"Public, 4-year or above",32.4,800,0,0,0
207388,Oklahoma State University-Main Campus,OK,27278,"Public, 4-year or above",13.1,6417,18,12,11
207397,Oklahoma State University-Oklahoma City,OK,3959,"Public, 4-year or above",47.4,0,0,0,0
207582,Oral Roberts University,OK,5936,"Private nonprofit, 4-year or above",39.3,2607,0,0,0
207069,Redlands Community College,OK,2184,"Public, 2-year",60.5,240,0,0,0
207661,Rogers State University,OK,3272,"Public, 4-year or above",29.8,825,0,1,0
207670,Rose State College,OK,7758,"Public, 4-year or above",32.6,294,1,0,1
207740,Seminole State College,OK,1488,"Public, 2-year",46.0,230,0,1,0
207847,Southeastern Oklahoma State University,OK,5851,"Public, 4-year or above",62.9,625,0,3,1
206862,Southern Nazarene University,OK,2198,"Private nonprofit, 4-year or above",26.1,690,0,0,0
207865,Southwestern Oklahoma State University,OK,5186,"Public, 4-year or above",34.6,1372,1,0,1
207935,Tulsa Community College,OK,15655,"Public, 2-year",31.6,0,0,0,0
488934,Tulsa Technology Center,OK,4148,"Public, 2-year",0.0,0,0,0,0
206941,University of Central Oklahoma,OK,12554,"Public, 4-year or above",14.6,1882,1,1,1
207342,University of Oklahoma-Health Sciences Center,OK,3680,"Public, 4-year or above",7.0,151,0,0,1
207500,University of Oklahoma-Norman Campus,OK,30851,"Public, 4-year or above",15.0,6340,20,7,17
207722,University of Science and Arts of Oklahoma,OK,1027,"Public, 4-year or above",3.5,564,0,0,1
207971,University of Tulsa,OK,3914,"Private nonprofit, 4-year or above",4.2,2430,4,12,4
208035,Western Oklahoma State College,OK,1162,"Public, 2-year",41.8,162,0,0,0
208275,Blue Mountain Community College,OR,1407,"Public, 2-year",47.5,0,0,0,0
208318,Central Oregon Community College,OR,4332,"Public, 2-year",17.5,320,0,1,0
208390,Chemeketa Community College,OR,8098,"Public, 4-year or above",27.2,0,0,0,0
208406,Clackamas Community College,OR,5545,"Public, 2-year",27.3,0,0,0,1
210331,Corban University,OR,1029,"Private nonprofit, 4-year or above",5.8,440,0,0,1
208646,Eastern Oregon University,OR,2894,"Public, 4-year or above",52.6,407,3,2,0
208822,George Fox University,OR,4916,"Private nonprofit, 4-year or above",17.3,1380,1,1,1
428392,Klamath Community College,OR,1834,"Public, 2-year",29.2,0,0,0,0
209038,Lane Community College,OR,6810,"Public, 4-year or above",37.8,255,0,0,0
209056,Lewis & Clark College,OR,3504,"Private nonprofit, 4-year or above",2.9,1516,3,2,4
209065,Linfield University,OR,1709,"Private nonprofit, 4-year or above",4.9,1098,3,1,3
209074,Linn-Benton Community College,OR,5242,"Public, 2-year",22.8,0,0,0,0
209250,Mt Hood Community College,OR,6476,"Public, 4-year or above",14.7,0,0,0,0
209490,Oregon Health & Science University,OR,2942,"Public, 4-year or above",15.0,0,4,3,3
209506,Oregon Institute of Technology,OR,5299,"Public, 4-year or above",11.6,725,3,0,0
209542,Oregon State University,OR,37163,"Public, 4-year or above",34.9,5322,17,10,17
440828,Oregon State University-Cascades Campus,OR,1296,"Public, 4-year or above",0.0,297,1,0,0
209612,Pacific University,OR,3427,"Private nonprofit, 4-year or above",8.0,1048,4,1,2
209746,Portland Community College,OR,20861,"Public, 2-year",47.8,0,0,0,0
209807,Portland State University,OR,19951,"Public, 4-year or above",18.3,2032,1,1,1
209922,Reed College,OR,1358,"Private nonprofit, 4-year or above",0.0,1149,4,3,6
209940,Rogue Community College,OR,4009,"Public, 2-year",26.1,0,0,0,0
210146,Southern Oregon University,OR,5113,"Public, 4-year or above",14.8,1000,2,4,3
210155,Southwestern Oregon Community College,OR,1551,"Public, 2-year",27.2,396,0,0,0
210234,Treasure Valley Community College,OR,1483,"Public, 2-year",26.4,128,0,0,0
210270,Umpqua Community College,OR,2582,"Public, 2-year",35.6,148,0,0,0
209551,University of Oregon,OR,24404,"Public, 4-year or above",2.8,6135,10,8,7
209825,University of Portland,OR,3285,"Private nonprofit, 4-year or above",0.4,2112,3,1,4
210429,Western Oregon University,OR,3722,"Public, 4-year or above",22.0,1300,5,5,3
210401,Willamette University,OR,2180,"Private nonprofit, 4-year or above",0.0,1295,2,6,0
210571,Albright College,PA,1380,"Private nonprofit, 4-year or above",20.4,1220,3,1,0
210669,Allegheny College,PA,1171,"Private nonprofit, 4-year or above",0.0,1667,2,3,2
210775,Alvernia University,PA,2796,"Private nonprofit, 4-year or above",12.8,956,0,3,0
211088,Arcadia University,PA,3404,"Private nonprofit, 4-year or above",15.8,1085,6,5,3
211273,Bryn Mawr College,PA,1679,"Private nonprofit, 4-year or above",0.0,1279,0,1,2
211291,Bucknell University,PA,3969,"Private nonprofit, 4-year or above",0.0,3376,17,21,14
211307,Bucks County Community College,PA,6232,"Public, 2-year",31.3,0,0,1,0
211343,Butler County Community College,PA,2317,"Public, 2-year",12.3,0,0,0,0
215114,Cairn University-Langhorne,PA,1097,"Private nonprofit, 4-year or above",20.6,479,0,1,0
211431,Carlow University,PA,2416,"Private nonprofit, 4-year or above",33.2,404,0,0,0
211440,Carnegie Mellon University,PA,15888,"Private nonprofit, 4-year or above",3.3,3996,10,4,3
211468,Cedar Crest College,PA,1290,"Private nonprofit, 4-year or above",18.1,440,1,0,0
211556,Chatham University,PA,2309,"Private nonprofit, 4-year or above",11.2,757,2,2,3
211583,Chestnut Hill College,PA,1288,"Private nonprofit, 4-year or above",14.1,478,0,1,0
498562,Commonwealth University of Pennsylvania,PA,11092,"Public, 4-year or above",11.0,6301,5,8,6
210605,Community College of Allegheny County,PA,10609,"Public, 2-year",18.2,0,0,0,3
211079,Community College of Beaver County,PA,1936,"Public, 2-year",42.0,0,0,0,0
215239,Community College of Philadelphia,PA,12926,"Public, 2-year",45.5,0,0,0,0
210739,DeSales University,PA,2972,"Private nonprofit, 4-year or above",21.5,1160,0,0,0
211927,Delaware County Community College,PA,7402,"Public, 2-year",27.0,0,0,0,0
211981,Delaware Valley University,PA,2199,"Private nonprofit, 4-year or above",9.5,1150,8,1,0
212009,Dickinson College,PA,2314,"Private nonprofit, 4-year or above",0.6,2078,14,10,11
212054,Drexel University,PA,21153,"Private nonprofit, 4-year or above",10.6,3361,8,7,9
212106,Duquesne University,PA,8234,"Private nonprofit, 4-year or above",7.2,3552,6,6,3
212115,East Stroudsburg University of Pennsylvania,PA,5633,"Public, 4-year or above",6.2,2728,6,4,3
212133,Eastern University,PA,8727,"Private nonprofit, 4-year or above",68.6,960,1,0,1
212197,Elizabethtown College,PA,2283,"Private nonprofit, 4-year or above",10.6,1501,5,5,7
212577,Franklin and Marshall College,PA,1808,"Private nonprofit, 4-year or above",0.0,2154,10,5,2
212601,Gannon University,PA,4189,"Private nonprofit, 4-year or above",5.9,1522,1,2,1
212656,Geneva College,PA,1366,"Private nonprofit, 4-year or above",7.2,939,0,0,0
212674,Gettysburg College,PA,2812,"Private nonprofit, 4-year or above",23.5,2263,8,11,9
212832,Gwynedd Mercy University,PA,2017,"Private nonprofit, 4-year or above",32.8,309,1,1,0
212878,Harrisburg Area Community College,PA,12585,"Public, 2-year",46.9,0,0,0,0
446640,Harrisburg University of Science and Technology,PA,3650,"Private nonprofit, 4-year or above",7.1,231,2,2,0
212911,Haverford College,PA,1431,"Private nonprofit, 4-year or above",0.0,1423,3,4,5
212984,Holy Family University,PA,3225,"Private nonprofit, 4-year or above",17.2,298,1,0,0
213011,Immaculata University,PA,2512,"Private nonprofit, 4-year or above",27.9,576,1,0,0
213020,Indiana University of Pennsylvania-Main Campus,PA,9073,"Public, 4-year or above",8.8,3888,1,5,8
213251,Juniata College,PA,1321,"Private nonprofit, 4-year or above",2.6,1222,4,3,3
213321,King's College,PA,1939,"Private nonprofit, 4-year or above",11.6,1052,0,0,0
213349,Kutztown University of Pennsylvania,PA,7467,"Public, 4-year or above",8.1,3620,4,4,6
213358,La Roche University,PA,2153,"Private nonprofit, 4-year or above",2.6,490,0,0,1
213367,La Salle University,PA,3153,"Private nonprofit, 4-year or above",20.5,1700,5,0,2
213376,Lackawanna College,PA,2211,"Private nonprofit, 4-year or above",31.2,313,0,0,0
213385,Lafayette College,PA,2775,"Private nonprofit, 4-year or above",0.0,2506,6,2,3
407629,Lake Erie College of Osteopathic Medicine,PA,4133,"Private nonprofit, 4-year or above",1.7,0,0,0,2
213400,Lancaster Bible College,PA,2519,"Private nonprofit, 4-year or above",35.3,450,0,0,0
213507,Lebanon Valley College,PA,2146,"Private nonprofit, 4-year or above",8.3,1319,2,1,1
213525,Lehigh Carbon Community College,PA,6221,"Public, 2-year",31.1,0,0,0,0
213543,Lehigh University,PA,7692,"Private nonprofit, 4-year or above",5.7,3021,6,4,2
213598,Lincoln University,PA,1670,"Public, 4-year or above",0.0,1714,2,6,1
213659,Luzerne County Community College,PA,4460,"Public, 2-year",15.6,0,0,0,0
213668,Lycoming College,PA,1012,"Private nonprofit, 4-year or above",0.0,1010,3,2,10
213826,Marywood University,PA,2530,"Private nonprofit, 4-year or above",15.4,865,0,1,0
213987,Mercyhurst University,PA,2632,"Private nonprofit, 4-year or above",6.2,2000,5,5,4
213996,Messiah University,PA,3373,"Private nonprofit, 4-year or above",19.7,2403,0,2,4
214041,Millersville University of Pennsylvania,PA,6975,"Public, 4-year or above",13.4,2109,1,3,0
214069,Misericordia University,PA,2200,"Private nonprofit, 4-year or above",10.6,848,1,2,2
214111,Montgomery County Community College,PA,9278,"Public, 2-year",34.6,0,0,0,0
214157,Moravian University,PA,2745,"Private nonprofit, 4-year or above",12.5,1227,4,4,3
214166,Mount Aloysius College,PA,2955,"Private nonprofit, 4-year or above",2.9,540,1,0,0
214175,Muhlenberg College,PA,1788,"Private nonprofit, 4-year or above",0.2,1641,0,3,1
214272,Neumann University,PA,2244,"Private nonprofit, 4-year or above",11.8,742,0,0,1
214379,Northampton County Area Community College,PA,8810,"Public, 2-year",19.0,575,4,2,4
366252,Pennsylvania College of Technology,PA,4575,"Public, 4-year or above",9.4,1710,1,2,4
414911,Pennsylvania Highlands Community College,PA,2501,"Public, 2-year",15.4,0,0,0,0
214777,Pennsylvania State University-Main Campus,PA,50737,"Public, 4-year or above",0.6,14238,60,61,58
214801,Pennsylvania State University-Penn State Abington,PA,2885,"Public, 4-year or above",1.3,400,5,3,3
214689,Pennsylvania State University-Penn State Altoona,PA,2371,"Public, 4-year or above",0.1,889,2,5,5
214704,Pennsylvania State University-Penn State Berks,PA,1884,"Public, 4-year or above",0.5,805,1,2,8
214731,Pennsylvania State University-Penn State Brandywine,PA,1236,"Public, 4-year or above",0.6,250,2,4,1
214591,Pennsylvania State University-Penn State Erie-Behrend College,PA,3336,"Public, 4-year or above",0.5,1603,4,4,6
214713,Pennsylvania State University-Penn State Harrisburg,PA,4478,"Public, 4-year or above",1.3,699,4,2,2
498571,Pennsylvania Western University,PA,10834,"Public, 4-year or above",33.0,4565,5,2,3
215123,Philadelphia College of Osteopathic Medicine,PA,2901,"Private nonprofit, 4-year or above",3.1,224,0,0,0
215442,Point Park University,PA,3448,"Private nonprofit, 4-year or above",32.8,998,3,1,0
215585,Reading Area Community College,PA,5369,"Public, 2-year",25.1,0,0,0,1
215655,Robert Morris University,PA,5275,"Private nonprofit, 4-year or above",11.5,1694,0,3,0
215743,Saint Francis University,PA,2963,"Private nonprofit, 4-year or above",14.6,1280,3,2,1
215770,Saint Joseph's University - Philadelphia,PA,7159,"Private nonprofit, 4-year or above",19.7,2723,1,4,6
215798,Saint Vincent College,PA,1440,"Private nonprofit, 4-year or above",1.5,1274,1,2,2
214564,Salus University,PA,1106,"Private nonprofit, 4-year or above",1.0,0,0,0,0
215947,Seton Hill University,PA,1927,"Private nonprofit, 4-year or above",15.6,880,1,0,1
216010,Shippensburg University of Pennsylvania,PA,5161,"Public, 4-year or above",8.8,2538,1,4,1
216038,Slippery Rock University of Pennsylvania,PA,8376,"Public, 4-year or above",15.0,2800,2,1,3
443784,Strayer University-Pennsylvania,PA,1384,"Private for-profit, 4-year or above",99.3,0,0,0,0
216278,Susquehanna University,PA,2255,"Private nonprofit, 4-year or above",0.0,2092,6,1,4
216287,Swarthmore College,PA,1623,"Private nonprofit, 4-year or above",0.0,1574,4,9,0
216339,Temple University,PA,29640,"Public, 4-year or above",8.1,5061,8,2,10
216296,Thaddeus Stevens College of Technology,PA,1470,"Public, 2-year",0.0,728,0,0,0
216366,Thomas Jefferson University,PA,8238,"Private nonprofit, 4-year or above",13.9,2080,2,0,0
215062,University of Pennsylvania,PA,29109,"Private nonprofit, 4-year or above",10.7,6022,4,5,8
215266,University of Pittsburgh-Bradford,PA,1009,"Public, 4-year or above",0.2,1085,1,0,0
215275,University of Pittsburgh-Greensburg,PA,1321,"Public, 4-year or above",0.2,625,0,0,2
215284,University of Pittsburgh-Johnstown,PA,1813,"Public, 4-year or above",0.0,1831,0,3,2
215293,University of Pittsburgh-Pittsburgh Campus,PA,35724,"Public, 4-year or above",3.0,8860,19,14,10
215929,University of Scranton,PA,4724,"Private nonprofit, 4-year or above",8.3,2363,6,3,5
216524,Ursinus College,PA,1502,"Private nonprofit, 4-year or above",0.0,1468,6,3,1
216597,Villanova University,PA,10041,"Private nonprofit, 4-year or above",11.0,5400,10,66,3
216667,Washington & Jefferson College,PA,1309,"Private nonprofit, 4-year or above",0.0,1398,3,1,1
216694,Waynesburg University,PA,1231,"Private nonprofit, 4-year or above",13.7,1068,0,0,0
216764,West Chester University of Pennsylvania,PA,17171,"Public, 4-year or above",9.9,5383,14,7,6
216807,Westminster College,PA,1191,"Private nonprofit, 4-year or above",8.9,1005,0,1,1
216816,Westminster Theological Seminary,PA,1183,"Private nonprofit, 4-year or above",59.8,34,0,0,0
216825,Westmoreland County Community College,PA,3990,"Public, 2-year",28.4,0,0,0,0
216852,Widener University,PA,5713,"Private nonprofit, 4-year or above",19.2,1400,4,1,5
216931,Wilkes University,PA,5381,"Private nonprofit, 4-year or above",58.0,1135,0,1,2
217013,Wilson College,PA,1907,"Private nonprofit, 4-year or above",51.5,467,1,1,1
217059,York College of Pennsylvania,PA,3825,"Private nonprofit, 4-year or above",11.5,2043,5,2,4
217156,Brown University,RI,11956,"Private nonprofit, 4-year or above",4.4,5336,21,20,10
217165,Bryant University,RI,3636,"Private nonprofit, 4-year or above",2.4,2974,6,5,0
217475,Community College of Rhode Island,RI,12275,"Public, 2-year",20.1,0,1,1,1
217235,Johnson & Wales University-Providence,RI,4303,"Private nonprofit, 4-year or above",2.0,2248,5,2,8
217305,New England Institute of Technology,RI,1922,"Private nonprofit, 4-year or above",5.4,388,0,0,0
217402,Providence College,RI,4666,"Private nonprofit, 4-year or above",1.3,3356,7,3,4
217420,Rhode Island College,RI,6155,"Public, 4-year or above",3.1,840,0,2,3
217493,Rhode Island School of Design,RI,2520,"Private nonprofit, 4-year or above",0.0,1452,3,0,8
217518,Roger Williams University,RI,4350,"Private nonprofit, 4-year or above",6.2,2962,3,0,1
217536,Salve Regina University,RI,2791,"Private nonprofit, 4-year or above",21.7,1284,5,6,3
217484,University of Rhode Island,RI,17210,"Public, 4-year or above",4.2,6379,13,10,8
217615,Aiken Technical College,SC,2307,"Public, 2-year",37.9,0,0,0,0
217633,Anderson University,SC,4710,"Private nonprofit, 4-year or above",16.6,2073,5,2,1
217721,Benedict College,SC,1691,"Private nonprofit, 4-year or above",9.0,1689,1,0,0
217749,Bob Jones University,SC,2734,"Private nonprofit, 4-year or above",11.1,3998,0,0,0
218858,Central Carolina Technical College,SC,2825,"Public, 2-year",39.5,0,0,0,0
217688,Charleston Southern University,SC,3832,"Private nonprofit, 4-year or above",16.3,1382,0,0,0
217864,Citadel Military College of South Carolina,SC,3793,"Public, 4-year or above",20.2,2372,2,9,2
217873,Claflin University,SC,1852,"Private nonprofit, 4-year or above",12.4,1171,3,2,2
217882,Clemson University,SC,29077,"Public, 4-year or above",7.4,7500,4,4,9
218724,Coastal Carolina University,SC,11348,"Public, 4-year or above",4.7,5199,6,9,3
217907,Coker University,SC,1325,"Private nonprofit, 4-year or above",46.5,603,0,1,2
217819,College of Charleston,SC,11926,"Public, 4-year or above",7.4,3749,10,13,16
217934,Columbia College,SC,1725,"Private nonprofit, 4-year or above",53.2,618,0,1,1
217925,Columbia International University,SC,2914,"Private nonprofit, 4-year or above",68.8,400,0,0,0
217961,Converse University,SC,1787,"Private nonprofit, 4-year or above",5.7,500,0,1,0
218025,Florence-Darlington Technical College,SC,3522,"Public, 2-year",36.0,0,0,0,0
218061,Francis Marion University,SC,4112,"Public, 4-year or above",10.4,1539,1,3,0
218070,Furman University,SC,2554,"Private nonprofit, 4-year or above",1.3,2398,7,8,6
218113,Greenville Technical College,SC,11999,"Public, 4-year or above",31.7,0,0,0,0
218140,Horry-Georgetown Technical College,SC,7923,"Public, 2-year",26.1,0,0,0,0
218229,Lander University,SC,4378,"Public, 4-year or above",18.2,1800,1,2,3
218335,Medical University of South Carolina,SC,3246,"Public, 4-year or above",19.1,0,0,1,11
218353,Midlands Technical College,SC,9226,"Public, 2-year",33.3,0,0,0,0
218414,Newberry College,SC,1536,"Private nonprofit, 4-year or above",6.6,1212,0,0,0
218441,North Greenville University,SC,2304,"Private nonprofit, 4-year or above",22.0,1382,0,1,0
217837,Northeastern Technical College,SC,1428,"Public, 2-year",67.6,0,0,0,0
218487,Orangeburg Calhoun Technical College,SC,2106,"Public, 2-year",58.8,0,0,0,0
218520,Piedmont Technical College,SC,5143,"Public, 2-year",45.1,0,0,0,0
218539,Presbyterian College,SC,1095,"Private nonprofit, 4-year or above",0.0,1099,1,2,2
218733,South Carolina State University,SC,3242,"Public, 4-year or above",5.6,1460,4,5,1
218830,Spartanburg Community College,SC,6653,"Public, 2-year",27.0,0,0,0,0
218821,Spartanburg Methodist College,SC,1119,"Private nonprofit, 4-year or above",16.1,601,9,4,2
458964,Strayer University-South Carolina,SC,2110,"Private for-profit, 4-year or above",99.8,0,0,0,0
217712,Technical College of the Lowcountry,SC,2461,"Public, 2-year",44.7,0,0,0,0
218885,Tri-County Technical College,SC,5890,"Public, 2-year",13.9,0,0,0,0
218894,Trident Technical College,SC,13552,"Public, 2-year",45.2,0,0,1,0
218645,University of South Carolina Aiken,SC,4022,"Public, 4-year or above",33.6,986,0,0,0
218654,University of South Carolina Beaufort,SC,2208,"Public, 4-year or above",18.2,1066,1,1,0
218663,University of South Carolina-Columbia,SC,38532,"Public, 4-year or above",8.4,9956,13,9,17
218672,University of South Carolina-Lancaster,SC,2687,"Public, 2-year",23.7,0,0,0,0
218690,University of South Carolina-Sumter,SC,1845,"Public, 2-year",24.5,0,0,0,0
218706,University of South Carolina-Union,SC,1402,"Public, 2-year",22.9,0,0,0,0
218742,University of South Carolina-Upstate,SC,4916,"Public, 4-year or above",23.7,904,4,3,2
218964,Winthrop University,SC,4894,"Public, 4-year or above",14.0,1779,5,2,4
218973,Wofford College,SC,1817,"Private nonprofit, 4-year or above",0.0,1640,3,5,6
218991,York Technical College,SC,4771,"Public, 2-year",31.2,0,0,0,0
219000,Augustana University,SD,2390,"Private nonprofit, 4-year or above",4.7,1376,0,1,3
219046,Black Hills State University,SD,3346,"Public, 4-year or above",38.6,836,3,0,2
219082,Dakota State University,SD,3774,"Public, 4-year or above",57.6,895,4,1,0
219240,Kairos University,SD,1239,"Private nonprofit, 4-year or above",91.3,0,0,0,0
219143,Lake Area Technical College,SD,2312,"Public, 2-year",21.6,0,0,0,0
219189,Mitchell Technical College,SD,1186,"Public, 2-year",17.3,0,1,0,0
219198,Mount Marty University,SD,1284,"Private nonprofit, 4-year or above",0.9,441,0,0,0
219259,Northern State University,SD,3708,"Public, 4-year or above",45.7,773,0,3,1
219277,Oglala Lakota College,SD,1188,"Public, 4-year or above",34.3,35,0,0,0
219347,South Dakota School of Mines and Technology,SD,2576,"Public, 4-year or above",3.6,1083,0,2,3
219356,South Dakota State University,SD,12056,"Public, 4-year or above",18.5,4499,5,5,4
219426,Southeast Technical College,SD,2659,"Public, 2-year",20.8,202,0,0,1
219383,University of Sioux Falls,SD,1450,"Private nonprofit, 4-year or above",7.9,766,0,0,0
219471,University of South Dakota,SD,10619,"Public, 4-year or above",33.0,2128,7,15,8
219480,Western Dakota Technical College,SD,1164,"Public, 2-year",22.3,40,0,0,0
219602,Austin Peay State University,TN,10439,"Public, 4-year or above",26.7,1723,2,4,4
219709,Belmont University,TN,8803,"Private nonprofit, 4-year or above",1.4,4374,1,5,4
219718,Bethel University,TN,2936,"Private nonprofit, 4-year or above",44.0,918,1,4,0
219790,Bryan College-Dayton,TN,1701,"Private nonprofit, 4-year or above",41.6,681,0,0,0
219806,Carson-Newman University,TN,2669,"Private nonprofit, 4-year or above",30.5,1147,0,0,0
219824,Chattanooga State Community College,TN,7623,"Public, 2-year",26.9,0,0,1,0
219833,Christian Brothers University,TN,1772,"Private nonprofit, 4-year or above",3.6,605,0,0,0
219879,Cleveland State Community College,TN,3282,"Public, 2-year",15.2,0,0,0,0
219888,Columbia State Community College,TN,5712,"Public, 2-year",22.7,0,0,0,0
219949,Cumberland University,TN,3457,"Private nonprofit, 4-year or above",11.2,625,0,0,0
220057,Dyersburg State Community College,TN,3296,"Public, 2-year",36.1,0,0,0,0
220075,East Tennessee State University,TN,13728,"Public, 4-year or above",20.7,3072,4,1,6
220181,Fisk University,TN,1059,"Private nonprofit, 4-year or above",0.0,894,0,1,1
220215,Freed-Hardeman University,TN,2306,"Private nonprofit, 4-year or above",22.0,1240,0,0,0
497125,Galen Health Institutes-Nashville Campus,TN,1027,"Private for-profit, 4-year or above",0.0,0,0,0,0
220400,Jackson State Community College,TN,3518,"Public, 2-year",41.1,0,0,0,0
220516,King University,TN,1157,"Private nonprofit, 4-year or above",39.9,443,0,0,0
220613,Lee University,TN,3714,"Private nonprofit, 4-year or above",11.5,2037,0,1,0
220631,Lincoln Memorial University,TN,6081,"Private nonprofit, 4-year or above",8.2,1145,4,2,2
219976,Lipscomb University,TN,5017,"Private nonprofit, 4-year or above",10.8,1600,1,0,0
220710,Maryville College,TN,1136,"Private nonprofit, 4-year or above",0.0,898,0,2,3
220792,Meharry Medical College,TN,1226,"Private nonprofit, 4-year or above",0.0,283,0,0,0
220978,Middle Tennessee State University,TN,20488,"Public, 4-year or above",12.8,2518,3,5,3
443650,Miller-Motte College-Chattanooga,TN,4462,"Private for-profit, 4-year or above",93.6,0,0,0,0
486901,Milligan University,TN,1240,"Private nonprofit, 4-year or above",4.3,647,0,0,1
221096,Motlow State Community College,TN,5980,"Public, 2-year",35.9,0,0,0,0
221184,Nashville State Community College,TN,7533,"Public, 2-year",22.5,0,0,0,0
221908,Northeast State Community College,TN,5757,"Public, 2-year",14.9,0,0,0,0
221643,Pellissippi State Community College,TN,9399,"Public, 2-year",23.8,0,1,0,0
221351,Rhodes College,TN,1861,"Private nonprofit, 4-year or above",0.0,1613,4,1,1
221397,Roane State Community College,TN,5002,"Public, 2-year",20.1,0,0,0,0
446525,SAE Institute of Technology-Nashville,TN,1712,"Private for-profit, 4-year or above",0.0,0,0,0,0
220552,South College,TN,11557,"Private for-profit, 4-year or above",50.8,0,0,0,0
221661,Southern Adventist University,TN,3229,"Private nonprofit, 4-year or above",6.3,1500,0,1,1
221485,Southwest Tennessee Community College,TN,7004,"Public, 2-year",35.5,0,0,0,0
443766,Strayer University-Tennessee,TN,1965,"Private for-profit, 4-year or above",99.9,0,0,0,0
248925,Tennessee College of Applied Technology Nashville,TN,1101,"Public, 2-year",0.0,0,0,0,0
221236,Tennessee College of Applied Technology Northwest,TN,2284,"Public, 2-year",0.0,0,0,0,0
221430,Tennessee College of Applied Technology-Crump,TN,1659,"Public, 2-year",4.2,0,0,0,0
219994,Tennessee College of Applied Technology-Dickson,TN,1628,"Public, 2-year",0.0,0,0,0,0
220127,Tennessee College of Applied Technology-Elizabethton,TN,1850,"Public, 2-year",2.8,0,0,0,0
220279,Tennessee College of Applied Technology-Hartsville,TN,1014,"Public, 2-year",0.0,0,0,0,0
220321,Tennessee College of Applied Technology-Hohenwald,TN,2416,"Public, 2-year",0.0,0,0,0,0
221616,Tennessee College of Applied Technology-Jackson,TN,3117,"Public, 2-year",0.0,0,0,0,0
221625,Tennessee College of Applied Technology-Knoxville,TN,1581,"Public, 2-year",0.0,0,0,0,0
220640,Tennessee College of Applied Technology-Livingston,TN,1055,"Public, 2-year",0.0,0,0,0,0
220853,Tennessee College of Applied Technology-Memphis,TN,1960,"Public, 2-year",0.0,0,0,0,0
221838,Tennessee State University,TN,6310,"Public, 4-year or above",8.0,3662,1,1,2
221847,Tennessee Technological University,TN,10511,"Public, 4-year or above",8.8,2509,4,4,4
221731,Tennessee Wesleyan University,TN,1198,"Private nonprofit, 4-year or above",12.4,446,0,0,0
487010,The University of Tennessee Health Science Center,TN,3101,"Public, 4-year or above",8.8,0,0,1,1
220701,The University of Tennessee Southern,TN,1046,"Public, 4-year or above",5.2,390,0,0,0
221740,The University of Tennessee-Chattanooga,TN,11775,"Public, 4-year or above",11.4,3557,7,4,4
221759,The University of Tennessee-Knoxville,TN,38728,"Public, 4-year or above",7.6,8700,19,24,20
221768,The University of Tennessee-Martin,TN,7499,"Public, 4-year or above",27.0,2071,0,3,7
221519,The University of the South,TN,1724,"Private nonprofit, 4-year or above",0.0,1800,1,0,1
221892,Trevecca Nazarene University,TN,3195,"Private nonprofit, 4-year or above",35.0,1016,1,0,1
221953,Tusculum University,TN,1103,"Private nonprofit, 4-year or above",7.8,650,0,0,0
221971,Union University,TN,2713,"Private nonprofit, 4-year or above",20.6,1286,1,0,0
220862,University of Memphis,TN,20276,"Public, 4-year or above",23.4,2864,2,3,3
221999,Vanderbilt University,TN,13575,"Private nonprofit, 4-year or above",4.7,6009,27,14,5
222053,Volunteer State Community College,TN,6963,"Public, 2-year",35.0,0,0,0,0
222062,Walters State Community College,TN,5899,"Public, 2-year",20.1,0,1,1,0
222178,Abilene Christian University,TX,5219,"Private nonprofit, 4-year or above",30.7,2508,1,0,1
222567,Alvin Community College,TX,5872,"Public, 4-year or above",10.7,0,0,0,0
222576,Amarillo College,TX,9262,"Public, 2-year",24.3,0,0,0,0
222822,Angelina College,TX,3890,"Public, 2-year",45.4,108,0,0,0
222831,Angelo State University,TX,11542,"Public, 4-year or above",18.5,2118,11,8,7
222983,Austin College,TX,1217,"Private nonprofit, 4-year or above",0.0,1198,0,3,0
222992,Austin Community College District,TX,39727,"Public, 4-year or above",33.5,0,1,0,4
223223,Baylor College of Medicine,TX,1774,"Private nonprofit, 4-year or above",0.0,0,0,0,0
223232,Baylor University,TX,20626,"Private nonprofit, 4-year or above",15.2,4750,22,7,10
223427,Blinn College District,TX,18095,"Public, 2-year",18.7,2033,1,1,0
223506,Brazosport College,TX,3812,"Public, 4-year or above",31.4,0,0,0,0
223816,Central Texas College,TX,8373,"Public, 2-year",53.1,97,0,2,1
466930,Chamberlain University-Texas,TX,2270,"Private for-profit, 4-year or above",21.8,0,0,0,0
223898,Cisco College,TX,3160,"Public, 2-year",33.7,357,0,0,0
223922,Clarendon College,TX,1564,"Public, 2-year",38.5,296,0,0,0
223320,Coastal Bend College,TX,4259,"Public, 2-year",53.1,178,0,0,0
226408,College of the Mainland,TX,5127,"Public, 4-year or above",13.7,0,0,0,0
247834,Collin County Community College District,TX,39548,"Public, 4-year or above",19.8,266,2,6,4
224004,Concordia University Texas,TX,1396,"Private nonprofit, 4-year or above",25.7,507,1,0,0
224226,Dallas Baptist University,TX,4124,"Private nonprofit, 4-year or above",17.2,2419,1,0,3
224615,Dallas College,TX,69749,"Public, 4-year or above",38.8,0,0,2,1
224305,Dallas Theological Seminary,TX,2589,"Private nonprofit, 4-year or above",38.5,315,0,0,0
224350,Del Mar College,TX,10256,"Public, 4-year or above",25.0,0,0,0,0
224554,East Texas A&M University,TX,13252,"Public, 4-year or above",39.4,2300,3,9,8
224527,East Texas Baptist University,TX,1813,"Private nonprofit, 4-year or above",11.9,1282,0,0,0
224642,El Paso Community College,TX,25567,"Public, 2-year",21.1,0,2,0,1
224891,Frank Phillips College,TX,1801,"Public, 2-year",36.9,228,0,0,0
406033,Galen College of Nursing-San Antonio,TX,2953,"Private for-profit, 4-year or above",0.0,0,0,0,0
497116,Galen Health Institutes-Austin Campus,TX,1161,"Private for-profit, 4-year or above",0.0,0,0,0,0
499273,Galen Health Institutes-Dallas,TX,1153,"Private for-profit, 4-year or above",0.0,0,0,0,0
498474,Galen Health Institutes-Houston,TX,1582,"Private for-profit, 4-year or above",0.0,0,0,0,0
224961,Galveston College,TX,2405,"Public, 4-year or above",25.9,130,0,0,0
225070,Grayson College,TX,4324,"Public, 4-year or above",33.6,187,0,0,0
225247,Hardin-Simmons University,TX,1665,"Private nonprofit, 4-year or above",8.8,1180,2,1,5
225371,Hill College,TX,4158,"Public, 2-year",29.1,288,0,0,1
225399,Houston Christian University,TX,4276,"Private nonprofit, 4-year or above",28.1,1032,0,0,1
225423,Houston Community College,TX,53253,"Public, 4-year or above",31.6,0,0,1,2
225520,Howard College,TX,4101,"Public, 2-year",28.4,252,0,0,0
225575,Huston-Tillotson University,TX,1059,"Private nonprofit, 4-year or above",1.9,573,0,0,0
226019,Kilgore College,TX,7198,"Public, 2-year",22.2,542,1,0,0
441760,Lamar Institute of Technology,TX,5680,"Public, 2-year",28.0,0,0,0,0
226107,Lamar State College-Orange,TX,3629,"Public, 2-year",29.2,0,0,0,0
226116,Lamar State College-Port Arthur,TX,4680,"Public, 2-year",15.9,0,0,0,0
226091,Lamar University,TX,17772,"Public, 4-year or above",60.6,2505,9,5,4
226134,Laredo College,TX,11029,"Public, 4-year or above",25.7,0,0,0,0
226231,LeTourneau University,TX,3330,"Private nonprofit, 4-year or above",39.1,1230,0,1,0
226204,Lee College,TX,8323,"Public, 2-year",16.3,0,0,1,0
226277,Lincoln College of Technology-Grand Prairie,TX,1539,"Private for-profit, 2-year",0.0,0,0,0,0
227182,Lone Star College System,TX,73077,"Public, 4-year or above",31.3,0,0,0,0
226383,Lubbock Christian University,TX,1595,"Private nonprofit, 4-year or above",9.4,604,0,0,0
226578,McLennan Community College,TX,7850,"Public, 2-year",40.4,0,0,0,0
226587,McMurry University,TX,3175,"Private nonprofit, 4-year or above",60.3,571,0,0,0
226806,Midland College,TX,5690,"Public, 4-year or above",23.5,200,1,0,0
226833,Midwestern State University,TX,5324,"Public, 4-year or above",28.7,1536,1,1,9
227146,Navarro College,TX,6557,"Public, 4-year or above",25.6,850,6,3,0
228325,Nelson University,TX,1794,"Private nonprofit, 4-year or above",39.0,848,0,0,0
224110,North Central Texas College,TX,8106,"Public, 2-year",36.3,134,0,0,0
488730,Northeast Lakeview College,TX,9355,"Public, 2-year",27.0,0,0,0,0
227225,Northeast Texas Community College,TX,3208,"Public, 2-year",35.9,214,0,0,0
420398,Northwest Vista College,TX,20060,"Public, 4-year or above",30.7,0,0,1,0
227304,Odessa College,TX,9981,"Public, 4-year or above",41.9,238,1,0,0
227331,Our Lady of the Lake University,TX,1968,"Private nonprofit, 4-year or above",30.7,529,0,1,0
246354,Palo Alto College,TX,12395,"Public, 4-year or above",38.7,0,1,0,1
227386,Panola College,TX,2691,"Public, 2-year",33.4,249,0,0,0
227401,Paris Junior College,TX,4533,"Public, 2-year",27.6,260,1,0,1
243823,Parker University,TX,2308,"Private nonprofit, 4-year or above",19.2,0,0,0,0
460136,Pima Medical Institute-Houston,TX,1068,"Private for-profit, 2-year",0.0,0,0,0,0
227526,Prairie View A & M University,TX,9922,"Public, 4-year or above",7.7,4808,14,11,15
227687,Ranger College,TX,2522,"Public, 2-year",19.7,368,0,0,0
227757,Rice University,TX,8961,"Private nonprofit, 4-year or above",5.6,3477,12,13,13
227845,Saint Edward's University,TX,3033,"Private nonprofit, 4-year or above",9.4,1521,1,3,1
227881,Sam Houston State University,TX,21039,"Public, 4-year or above",22.4,4112,10,12,8
227924,San Antonio College,TX,19901,"Public, 4-year or above",39.3,0,4,0,1
227979,San Jacinto Community College,TX,31812,"Public, 4-year or above",29.9,0,0,0,0
228042,Schreiner University,TX,1326,"Private nonprofit, 4-year or above",14.7,1157,1,0,1
228158,South Plains College,TX,9098,"Public, 2-year",31.9,779,0,0,0
409315,South Texas College,TX,27431,"Public, 4-year or above",24.3,0,1,0,0
228194,South Texas College of Law Houston,TX,1089,"Private nonprofit, 4-year or above",3.2,0,0,0,0
482015,Southern Careers Institute-San Antonio,TX,1089,"Private for-profit, 2-year",0.0,0,0,0,0
228246,Southern Methodist University,TX,12116,"Private nonprofit, 4-year or above",7.2,3251,13,3,5
228316,Southwest Texas College,TX,6525,"Public, 2-year",13.3,256,0,0,0
451556,Southwest University at El Paso,TX,2130,"Private for-profit, 4-year or above",5.2,0,0,0,0
228343,Southwestern University,TX,1440,"Private nonprofit, 4-year or above",0.0,1070,2,0,3
227854,St Philip's College,TX,17299,"Public, 4-year or above",40.5,0,0,0,0
228149,St. Mary's University,TX,3456,"Private nonprofit, 4-year or above",4.5,1611,13,10,11
228431,Stephen F Austin State University,TX,10472,"Public, 4-year or above",20.8,3911,5,7,6
458973,Strayer University-Texas,TX,2508,"Private for-profit, 4-year or above",99.6,0,0,0,0
228501,Sul Ross State University,TX,2384,"Public, 4-year or above",46.0,671,0,2,0
228529,Tarleton State University,TX,17433,"Public, 4-year or above",25.2,4202,12,6,1
228547,Tarrant County College District,TX,43928,"Public, 2-year",15.4,0,2,4,1
228608,Temple College,TX,5274,"Public, 2-year",47.3,0,1,0,1
228699,Texarkana College,TX,4290,"Public, 2-year",19.8,0,0,0,0
226152,Texas A & M International University,TX,8991,"Public, 4-year or above",21.7,680,0,0,0
224147,Texas A & M University-Corpus Christi,TX,11266,"Public, 4-year or above",24.6,2833,11,8,7
483036,Texas A&M University-Central Texas,TX,2403,"Public, 4-year or above",65.1,0,0,0,0
228723,Texas A&M University-College Station,TX,78321,"Public, 4-year or above",4.7,11357,73,68,41
228705,Texas A&M University-Kingsville,TX,6864,"Public, 4-year or above",11.9,1508,4,4,6
459949,Texas A&M University-San Antonio,TX,7956,"Public, 4-year or above",19.5,413,2,3,1
224545,Texas A&M University-Texarkana,TX,2412,"Public, 4-year or above",34.5,294,0,2,1
228875,Texas Christian University,TX,12938,"Private nonprofit, 4-year or above",2.5,5187,12,11,13
228981,Texas Lutheran University,TX,1423,"Private nonprofit, 4-year or above",2.9,972,3,2,2
229063,Texas Southern University,TX,8704,"Public, 4-year or above",6.8,2322,7,0,2
227377,Texas Southmost College,TX,8828,"Public, 2-year",13.2,0,0,0,0
487320,Texas State Technical College,TX,12077,"Public, 2-year",32.9,1870,0,1,5
228459,Texas State University,TX,40674,"Public, 4-year or above",8.1,6753,40,29,29
229115,Texas Tech University,TX,40757,"Public, 4-year or above",11.9,8349,23,26,14
229337,Texas Tech University Health Sciences Center,TX,5098,"Public, 4-year or above",36.8,0,0,0,1
229160,Texas Wesleyan University,TX,2487,"Private nonprofit, 4-year or above",16.3,523,0,1,1
229179,Texas Woman's University,TX,15361,"Public, 4-year or above",38.3,2323,0,4,0
480833,The College of Health Care Professions-Fort Worth,TX,1076,"Private for-profit, 2-year",0.0,0,0,0,0
392257,The College of Health Care Professions-Northwest,TX,4530,"Private for-profit, 4-year or above",42.0,0,0,0,0
229300,The University of Texas Health Science Center at Houston,TX,4938,"Public, 4-year or above",3.4,0,0,0,3
228644,The University of Texas Health Science Center at San Antonio,TX,3786,"Public, 4-year or above",3.4,0,0,0,0
228653,The University of Texas Medical Branch at Galveston,TX,3241,"Public, 4-year or above",19.4,0,0,1,1
229018,The University of Texas Permian Basin,TX,5585,"Public, 4-year or above",48.4,1100,0,1,1
227368,The University of Texas Rio Grande Valley,TX,33881,"Public, 4-year or above",15.9,1106,4,4,0
228769,The University of Texas at Arlington,TX,44956,"Public, 4-year or above",29.0,9531,13,4,7
228778,The University of Texas at Austin,TX,53864,"Public, 4-year or above",0.5,7960,28,14,17
228787,The University of Texas at Dallas,TX,29886,"Public, 4-year or above",3.1,5543,15,6,1
228796,The University of Texas at El Paso,TX,25039,"Public, 4-year or above",9.3,998,2,1,2
229027,The University of Texas at San Antonio,TX,35770,"Public, 4-year or above",13.8,4585,12,5,11
228802,The University of Texas at Tyler,TX,10362,"Public, 4-year or above",28.8,1924,5,3,6
229267,Trinity University,TX,2687,"Private nonprofit, 4-year or above",0.4,2087,4,4,4
225308,Trinity Valley Community College,TX,5961,"Public, 4-year or above",25.2,500,1,2,0
499705,Tulsa Welding School-Dallas Campus,TX,1020,"Private for-profit, less-than 2-year",0.0,0,0,0,0
486798,Tulsa Welding School-Houston,TX,1962,"Private for-profit, less-than 2-year",0.0,0,0,0,0
229355,Tyler Junior College,TX,11885,"Public, 4-year or above",18.7,1182,1,2,1
229416,Universal Technical Institute of Texas Inc.,TX,2632,"Private for-profit, 2-year",0.0,0,0,0,0
460543,Universal Technical Institute-Dallas Fort Worth,TX,1610,"Private for-profit, 2-year",0.0,0,0,0,0
497286,Universal Technical Institute-West Texas,TX,1335,"Private for-profit, 2-year",0.0,0,0,0,0
224323,University of Dallas,TX,2078,"Private nonprofit, 4-year or above",17.9,932,1,1,0
225511,University of Houston,TX,47980,"Public, 4-year or above",11.4,8397,13,16,19
225414,University of Houston-Clear Lake,TX,8137,"Public, 4-year or above",17.1,552,3,1,1
225432,University of Houston-Downtown,TX,13730,"Public, 4-year or above",36.6,0,0,1,0
225502,University of Houston-Victoria,TX,3586,"Public, 4-year or above",55.4,692,1,0,1
226471,University of Mary Hardin-Baylor,TX,3321,"Private nonprofit, 4-year or above",6.1,2054,2,2,5
227216,University of North Texas,TX,46864,"Public, 4-year or above",12.8,6419,22,24,27
228909,University of North Texas Health Science Center,TX,2332,"Public, 4-year or above",15.7,0,0,0,0
484905,University of North Texas at Dallas,TX,3794,"Public, 4-year or above",23.9,112,0,0,0
227863,University of St Thomas,TX,4301,"Private nonprofit, 4-year or above",24.7,507,1,0,4
228635,University of Texas Southwestern Medical Center,TX,2549,"Public, 4-year or above",0.0,402,1,2,2
225627,University of the Incarnate Word,TX,7047,"Private nonprofit, 4-year or above",18.2,1217,1,4,1
229504,Vernon College,TX,2299,"Public, 2-year",30.9,146,0,0,0
229540,Victoria College,TX,3276,"Public, 2-year",32.9,0,0,1,0
229780,Wayland Baptist University,TX,2809,"Private nonprofit, 4-year or above",41.0,810,2,0,1
229799,Weatherford College,TX,6520,"Public, 4-year or above",22.0,270,0,0,3
477039,West Coast University-Texas,TX,1887,"Private for-profit, 4-year or above",37.4,0,0,0,0
229814,West Texas A & M University,TX,9045,"Public, 4-year or above",22.6,2154,3,1,6
224679,Western Technical College,TX,1206,"Private for-profit, 4-year or above",0.0,0,0,0,0
229832,Western Texas College,TX,1385,"Public, 2-year",38.5,350,0,0,0
229841,Wharton County Junior College,TX,5504,"Public, 2-year",15.1,127,0,0,0
230010,Bridgerland Technical College,UT,1682,"Public, less-than 2-year",7.4,0,0,0,0
230038,Brigham Young University,UT,35873,"Private nonprofit, 4-year or above",2.3,7697,6,1,4
230162,Davis Technical College,UT,4188,"Public, less-than 2-year",0.0,0,0,0,0
451583,Dixie Technical College,UT,1347,"Public, less-than 2-year",0.0,0,0,0,0
230418,Ensign College,UT,7594,"Private nonprofit, 4-year or above",72.0,0,0,0,0
447263,Joyce University of Nursing and Health Sciences,UT,2073,"Private for-profit, 4-year or above",3.7,0,0,0,0
448248,Mountainland Technical College,UT,3967,"Public, less-than 2-year",0.0,0,1,0,0
230490,Ogden-Weber Technical College,UT,4207,"Public, less-than 2-year",2.1,0,0,0,0
475495,Rocky Mountain University of Health Professions,UT,1686,"Private for-profit, 4-year or above",33.5,0,0,0,0
230746,Salt Lake Community College,UT,27437,"Public, 2-year",18.9,0,0,0,3
230597,Snow College,UT,5577,"Public, 4-year or above",24.4,600,3,1,5
230603,Southern Utah University,UT,15444,"Public, 4-year or above",35.5,1011,4,3,1
230676,Uintah Basin Technical College,UT,2002,"Public, less-than 2-year",0.0,0,0,0,0
230764,University of Utah,UT,36894,"Public, 4-year or above",6.3,5956,30,175,146
230728,Utah State University,UT,28904,"Public, 4-year or above",15.6,3297,9,3,7
230171,Utah Tech University,UT,13167,"Public, 4-year or above",9.8,1050,6,5,7
230737,Utah Valley University,UT,46807,"Public, 4-year or above",14.1,0,10,3,9
230782,Weber State University,UT,32701,"Public, 4-year or above",15.6,1001,2,8,4
230807,Westminster University,UT,1155,"Private nonprofit, 4-year or above",1.4,496,0,0,0
231420,Averett University,VA,1476,"Private nonprofit, 4-year or above",36.4,529,0,1,2
231536,Blue Ridge Community College,VA,3790,"Public, 2-year",28.3,0,0,0,0
231581,Bridgewater College,VA,1448,"Private nonprofit, 4-year or above",1.2,1538,6,2,1
232450,Brightpoint Community College,VA,9380,"Public, 2-year",30.3,0,0,0,0
231785,Bryant & Stratton College-Virginia Beach,VA,1717,"Private nonprofit, 4-year or above",0.0,0,0,0,0
231697,Central Virginia Community College,VA,3481,"Public, 2-year",29.1,0,0,0,0
231712,Christopher Newport University,VA,4454,"Public, 4-year or above",0.0,3801,18,8,5
231882,Danville Community College,VA,2465,"Public, 2-year",21.0,0,0,0,0
248934,ECPI University,VA,12572,"Private for-profit, 4-year or above",31.7,0,0,0,0
232043,Eastern Mennonite University,VA,1154,"Private nonprofit, 4-year or above",22.4,672,1,2,0
231970,Eastern Virginia Medical School,VA,1216,"Public, 4-year or above",18.1,103,0,0,0
442806,Edward Via College of Osteopathic Medicine,VA,2617,"Private nonprofit, 4-year or above",0.0,0,0,0,0
232025,Emory & Henry University,VA,1311,"Private nonprofit, 4-year or above",0.3,1008,5,5,5
232186,George Mason University,VA,39766,"Public, 4-year or above",18.2,6251,9,6,9
232195,Germanna Community College,VA,8544,"Public, 2-year",37.3,0,0,0,0
232265,Hampton University,VA,4244,"Private nonprofit, 4-year or above",9.0,2150,4,0,0
232414,J Sargeant Reynolds Community College,VA,8681,"Public, 2-year",28.5,0,0,0,0
232423,James Madison University,VA,22740,"Public, 4-year or above",4.9,6481,9,6,8
232575,Laurel Ridge Community College,VA,5902,"Public, 2-year",25.0,0,0,0,0
232557,Liberty University,VA,104327,"Private nonprofit, 4-year or above",84.7,8807,2,6,12
232566,Longwood University,VA,4612,"Public, 4-year or above",24.7,2454,5,3,5
232672,Mary Baldwin University,VA,1772,"Private nonprofit, 4-year or above",38.2,749,0,1,1
232706,Marymount University,VA,4060,"Private nonprofit, 4-year or above",23.3,1022,2,1,1
232788,Mountain Empire Community College,VA,2116,"Public, 2-year",30.2,0,0,0,0
232867,New River Community College,VA,4254,"Public, 2-year",23.8,0,0,0,0
232937,Norfolk State University,VA,6053,"Public, 4-year or above",13.0,3337,3,6,9
232946,Northern Virginia Community College,VA,56457,"Public, 2-year",10.4,0,2,1,1
232982,Old Dominion University,VA,23743,"Public, 4-year or above",37.0,4790,14,7,12
233019,Patrick & Henry Community College,VA,1908,"Public, 2-year",24.4,0,0,0,0
233037,Paul D Camp Community College,VA,1219,"Public, 2-year",28.9,0,0,0,0
233116,Piedmont Virginia Community College,VA,5263,"Public, 2-year",19.2,0,0,0,0
233277,Radford University,VA,7812,"Public, 4-year or above",22.1,3229,4,4,3
233295,Randolph-Macon College,VA,1687,"Private nonprofit, 4-year or above",0.0,1272,9,8,6
233310,Rappahannock Community College,VA,2962,"Public, 2-year",24.0,0,0,0,0
231651,Regent University,VA,10657,"Private nonprofit, 4-year or above",80.8,958,2,1,0
233338,Richard Bland College,VA,2788,"Public, 2-year",7.8,402,1,1,3
233426,Roanoke College,VA,1804,"Private nonprofit, 4-year or above",0.0,1540,5,2,3
233541,Shenandoah University,VA,4454,"Private nonprofit, 4-year or above",11.8,1295,0,0,2
233639,Southside Virginia Community College,VA,3306,"Public, 2-year",27.0,0,0,0,0
233648,Southwest Virginia Community College,VA,2364,"Public, 2-year",38.1,0,0,0,0
233684,Strayer University-Virginia,VA,1998,"Private for-profit, 4-year or above",98.0,0,1,0,0
233772,Tidewater Community College,VA,16884,"Public, 2-year",32.7,0,0,0,1
232609,University of Lynchburg,VA,2316,"Private nonprofit, 4-year or above",16.9,1247,2,0,0
232681,University of Mary Washington,VA,3826,"Public, 4-year or above",5.3,2261,3,3,2
233374,University of Richmond,VA,3722,"Private nonprofit, 4-year or above",3.9,2872,4,3,2
233897,University of Virginia's College at Wise,VA,2167,"Public, 4-year or above",34.0,589,0,0,0
234076,University of Virginia-Main Campus,VA,26409,"Public, 4-year or above",7.3,7363,26,24,21
234030,Virginia Commonwealth University,VA,28464,"Public, 4-year or above",9.3,5973,43,21,21
233903,Virginia Highlands Community College,VA,2082,"Public, 2-year",22.9,0,0,0,0
234085,Virginia Military Institute,VA,1527,"Public, 4-year or above",0.0,1751,1,0,3
233754,Virginia Peninsula Community College,VA,6410,"Public, 2-year",30.5,0,0,0,0
233921,Virginia Polytechnic Institute and State University,VA,38857,"Public, 4-year or above",3.9,10213,19,19,6
234155,Virginia State University,VA,5605,"Public, 4-year or above",1.6,4015,9,1,8
234164,Virginia Union University,VA,1646,"Private nonprofit, 4-year or above",30.6,667,1,3,1
234173,Virginia Wesleyan University,VA,1853,"Private nonprofit, 4-year or above",12.7,856,1,0,3
233949,Virginia Western Community College,VA,6332,"Public, 2-year",20.9,0,0,0,1
483780,Washington University of Science and Technology,VA,1096,"Private for-profit, 4-year or above",8.8,0,0,0,0
234207,Washington and Lee University,VA,2241,"Private nonprofit, 4-year or above",0.0,1478,2,7,3
231624,William & Mary,VA,9818,"Public, 4-year or above",11.5,4455,3,5,5
234377,Wytheville Community College,VA,2107,"Public, 2-year",27.3,0,0,0,0
230852,Champlain College,VT,3259,"Private nonprofit, 4-year or above",46.5,1414,2,1,4
230861,Community College of Vermont,VT,5028,"Public, 2-year",65.2,0,0,0,0
230959,Middlebury College,VT,2803,"Private nonprofit, 4-year or above",2.0,2682,15,6,6
230995,Norwich University,VT,3149,"Private nonprofit, 4-year or above",37.5,2215,3,3,9
231059,Saint Michael's College,VT,1323,"Private nonprofit, 4-year or above",2.8,1265,7,2,2
231174,University of Vermont,VT,14476,"Public, 4-year or above",3.3,6734,9,15,13
231165,Vermont State University,VT,5093,"Public, 4-year or above",15.0,3027,6,1,2
235671,Bates Technical College,WA,4083,"Public, 4-year or above",13.6,0,0,0,0
234669,Bellevue College,WA,12485,"Public, 4-year or above",39.2,363,0,0,1
234696,Bellingham Technical College,WA,2047,"Public, 4-year or above",21.4,0,0,0,0
234711,Big Bend Community College,WA,1857,"Public, 4-year or above",31.3,200,0,0,0
439190,Cascadia College,WA,2380,"Public, 4-year or above",24.1,0,0,0,0
234827,Central Washington University,WA,10811,"Public, 4-year or above",24.0,4249,3,4,7
234845,Centralia College,WA,2244,"Public, 4-year or above",27.5,110,1,0,0
234915,City University of Seattle,WA,2007,"Private nonprofit, 4-year or above",74.6,54,0,0,0
234933,Clark College,WA,7463,"Public, 4-year or above",44.5,0,0,0,0
234951,Clover Park Technical College,WA,3408,"Public, 4-year or above",11.3,0,0,0,0
234979,Columbia Basin College,WA,7510,"Public, 4-year or above",30.8,126,0,0,0
443410,DigiPen Institute of Technology,WA,1084,"Private for-profit, 4-year or above",0.6,329,0,1,0
235097,Eastern Washington University,WA,10492,"Public, 4-year or above",28.7,1788,12,2,9
235103,Edmonds College,WA,6549,"Public, 4-year or above",32.7,400,1,1,0
235149,Everett Community College,WA,6698,"Public, 4-year or above",36.7,252,0,1,2
446260,Evergreen Beauty and Barber College-Everett,WA,1172,"Private for-profit, less-than 2-year",0.0,0,0,0,0
235316,Gonzaga University,WA,7470,"Private nonprofit, 4-year or above",8.1,2990,6,2,1
235334,Grays Harbor College,WA,1577,"Public, 4-year or above",38.2,0,0,0,0
235343,Green River College,WA,7967,"Public, 4-year or above",36.1,0,1,2,3
235431,Highline College,WA,5592,"Public, 4-year or above",31.4,160,2,0,0
235699,Lake Washington Institute of Technology,WA,3564,"Public, 4-year or above",23.5,0,0,0,0
235750,Lower Columbia College,WA,2724,"Public, 4-year or above",39.3,72,0,4,0
236072,North Seattle College,WA,5569,"Public, 4-year or above",40.3,0,0,0,0
236133,Northwest University,WA,1053,"Private nonprofit, 4-year or above",1.1,672,0,0,0
487603,Northwest University-Center for Online and Extended Education,WA,1352,"Private nonprofit, 4-year or above",45.3,0,0,0,0
236188,Olympic College,WA,5784,"Public, 4-year or above",25.6,88,1,0,0
236230,Pacific Lutheran University,WA,2797,"Private nonprofit, 4-year or above",1.9,1382,6,4,3
236258,Peninsula College,WA,2153,"Public, 4-year or above",34.5,0,12,0,6
236212,Perry Technical Institute,WA,1072,"Private nonprofit, 2-year",0.0,0,0,0,0
235237,Pierce College District,WA,8137,"Public, 4-year or above",47.0,64,3,1,0
236382,Renton Technical College,WA,2824,"Public, 4-year or above",21.6,0,2,0,0
236452,Saint Martin's University,WA,1390,"Private nonprofit, 4-year or above",6.6,630,2,0,3
236513,Seattle Central College,WA,5396,"Public, 4-year or above",31.7,0,1,0,1
236577,Seattle Pacific University,WA,2261,"Private nonprofit, 4-year or above",3.7,1775,2,13,0
236595,Seattle University,WA,7189,"Private nonprofit, 4-year or above",5.9,2448,3,3,1
236610,Shoreline Community College,WA,4477,"Public, 4-year or above",39.8,245,1,0,2
236638,Skagit Valley College,WA,4028,"Public, 4-year or above",27.9,140,0,0,0
236656,South Puget Sound Community College,WA,4871,"Public, 4-year or above",47.4,0,0,0,0
236504,South Seattle College,WA,5210,"Public, 4-year or above",14.7,0,0,0,0
236692,Spokane Community College,WA,6813,"Public, 4-year or above",29.4,0,0,0,0
236708,Spokane Falls Community College,WA,4319,"Public, 4-year or above",38.1,0,20,9,8
236753,Tacoma Community College,WA,6199,"Public, 4-year or above",28.6,0,0,0,0
235167,The Evergreen State College,WA,2490,"Public, 4-year or above",15.5,520,8,0,3
236328,University of Puget Sound,WA,1864,"Private nonprofit, 4-year or above",0.0,1635,5,9,6
377555,University of Washington-Bothell Campus,WA,6058,"Public, 4-year or above",2.3,380,0,0,0
236948,University of Washington-Seattle Campus,WA,56997,"Public, 4-year or above",2.7,10230,23,10,10
377564,University of Washington-Tacoma Campus,WA,4965,"Public, 4-year or above",5.9,304,0,0,0
236887,Walla Walla Community College,WA,2967,"Public, 4-year or above",20.4,0,0,0,0
236896,Walla Walla University,WA,1426,"Private nonprofit, 4-year or above",0.4,969,0,0,0
236939,Washington State University,WA,25685,"Public, 4-year or above",15.6,7029,35,16,14
236975,Wenatchee Valley College,WA,3067,"Public, 4-year or above",30.6,75,0,0,0
237011,Western Washington University,WA,14710,"Public, 4-year or above",1.5,4196,38,9,5
237039,Whatcom Community College,WA,3674,"Public, 4-year or above",35.4,230,0,0,0
237057,Whitman College,WA,1561,"Private nonprofit, 4-year or above",0.0,886,3,3,1
237066,Whitworth University,WA,2314,"Private nonprofit, 4-year or above",3.5,1352,4,1,0
237109,Yakima Valley College,WA,3809,"Public, 4-year or above",28.3,234,0,0,0
238193,Alverno College,WI,1317,"Private nonprofit, 4-year or above",22.3,264,0,0,0
238333,Beloit College,WI,1004,"Private nonprofit, 4-year or above",0.9,1148,4,1,0
238397,Blackhawk Technical College,WI,2811,"Public, 2-year",11.4,0,0,0,1
451750,Bryant & Stratton College-Wauwatosa,WI,1037,"Private nonprofit, 4-year or above",0.0,0,0,0,0
238458,Carroll University,WI,3138,"Private nonprofit, 4-year or above",1.5,1775,4,4,1
238476,Carthage College,WI,2844,"Private nonprofit, 4-year or above",0.0,1814,5,4,4
240116,Chippewa Valley Technical College,WI,8330,"Public, 2-year",19.8,0,0,0,0
238616,Concordia University-Wisconsin,WI,5253,"Private nonprofit, 4-year or above",32.8,1500,1,2,0
238661,Edgewood College,WI,2459,"Private nonprofit, 4-year or above",16.6,535,0,0,0
238722,Fox Valley Technical College,WI,10670,"Public, 2-year",19.1,0,0,0,1
238759,Gateway Technical College,WI,10100,"Public, 2-year",14.9,0,0,0,0
240392,Herzing University-Madison,WI,5274,"Private nonprofit, 4-year or above",91.7,0,0,0,0
238980,Lakeland University,WI,2813,"Private nonprofit, 4-year or above",14.1,672,0,0,0
239008,Lakeshore Technical College,WI,3303,"Public, 2-year",14.5,0,0,0,0
239017,Lawrence University,WI,1417,"Private nonprofit, 4-year or above",0.0,1450,6,0,10
238263,Madison Area Technical College,WI,13641,"Public, 4-year or above",22.4,0,0,0,1
239080,Marian University,WI,1246,"Private nonprofit, 4-year or above",29.6,501,0,0,0
239105,Marquette University,WI,11746,"Private nonprofit, 4-year or above",5.1,5295,5,8,5
239169,Medical College of Wisconsin,WI,1677,"Private nonprofit, 4-year or above",4.3,0,0,0,0
239220,Mid-State Technical College,WI,3144,"Public, 2-year",22.8,0,0,0,0
239248,Milwaukee Area Technical College,WI,13792,"Public, 2-year",26.2,195,2,1,2
239318,Milwaukee School of Engineering,WI,2953,"Private nonprofit, 4-year or above",1.0,1431,3,1,10
239372,Moraine Park Technical College,WI,4171,"Public, 2-year",23.0,0,0,0,0
239390,Mount Mary University,WI,1182,"Private nonprofit, 4-year or above",9.2,260,1,0,0
239442,Nicolet Area Technical College,WI,1384,"Public, 2-year",49.2,0,0,0,0
239460,Northcentral Technical College,WI,6746,"Public, 2-year",34.4,0,0,0,0
239488,Northeast Wisconsin Technical College,WI,11826,"Public, 2-year",18.4,0,1,0,0
240198,Northwood Technical College,WI,2940,"Public, 2-year",24.6,0,0,0,0
239716,Saint Norbert College,WI,2032,"Private nonprofit, 4-year or above",0.1,1814,5,7,2
239910,Southwest Wisconsin Technical College,WI,2849,"Public, 2-year",20.9,131,1,1,0
240268,University of Wisconsin-Eau Claire,WI,10049,"Public, 4-year or above",8.5,4031,8,9,5
240277,University of Wisconsin-Green Bay,WI,11174,"Public, 4-year or above",23.9,2005,19,11,4
240329,University of Wisconsin-La Crosse,WI,10446,"Public, 4-year or above",5.1,3220,3,1,3
240444,University of Wisconsin-Madison,WI,51044,"Public, 4-year or above",2.9,8949,27,14,21
240453,University of Wisconsin-Milwaukee,WI,22450,"Public, 4-year or above",13.0,4090,10,15,11
240365,University of Wisconsin-Oshkosh,WI,12953,"Public, 4-year or above",10.1,2522,6,5,2
240374,University of Wisconsin-Parkside,WI,3925,"Public, 4-year or above",24.7,850,4,1,1
240462,University of Wisconsin-Platteville,WI,6389,"Public, 4-year or above",15.3,2978,5,6,6
240471,University of Wisconsin-River Falls,WI,5243,"Public, 4-year or above",7.5,2417,7,8,14
240480,University of Wisconsin-Stevens Point,WI,8233,"Public, 4-year or above",11.0,3462,5,11,14
240417,University of Wisconsin-Stout,WI,6926,"Public, 4-year or above",19.7,3169,0,0,2
240426,University of Wisconsin-Superior,WI,2833,"Public, 4-year or above",47.9,650,2,0,0
240189,University of Wisconsin-Whitewater,WI,11746,"Public, 4-year or above",21.0,4168,18,16,16
240107,Viterbo University,WI,2094,"Private nonprofit, 4-year or above",22.6,733,1,1,0
240125,Waukesha County Technical College,WI,8367,"Public, 2-year",5.6,0,0,0,0
240170,Western Technical College,WI,3625,"Public, 2-year",28.0,200,0,1,0
240338,Wisconsin Lutheran College,WI,1027,"Private nonprofit, 4-year or above",4.8,769,0,0,1
449339,American Public University System,WV,50715,"Private for-profit, 4-year or above",100.0,0,0,0,0
446774,Blue Ridge Community and Technical College,WV,4203,"Public, 2-year",12.3,0,0,0,0
237215,Bluefield State University,WV,1313,"Public, 4-year or above",27.6,233,3,3,0
484932,BridgeValley Community & Technical College,WV,1927,"Public, 2-year",21.9,0,0,0,0
237330,Concord University,WV,1943,"Public, 4-year or above",30.8,1012,0,0,2
237367,Fairmont State University,WV,3305,"Public, 4-year or above",20.3,1050,3,1,1
237385,Glenville State University,WV,1765,"Public, 4-year or above",9.9,691,0,0,0
237525,Marshall University,WV,11958,"Public, 4-year or above",14.2,2283,0,3,3
444954,Mountwest Community and Technical College,WV,1520,"Public, 2-year",11.7,0,0,0,0
447582,New River Community and Technical College,WV,1571,"Public, 2-year",44.1,0,0,0,0
443492,Pierpont Community and Technical College,WV,1938,"Public, 2-year",32.6,0,0,0,0
237701,Potomac State College of West Virginia University,WV,1077,"Public, 4-year or above",18.5,538,0,6,1
237783,Salem University,WV,1083,"Private for-profit, 4-year or above",49.4,367,0,0,1
237792,Shepherd University,WV,3339,"Public, 4-year or above",13.6,1074,3,0,2
237817,Southern West Virginia Community and Technical College,WV,1482,"Public, 2-year",40.5,0,0,0,0
237312,University of Charleston,WV,3062,"Private nonprofit, 4-year or above",53.3,756,0,0,2
237932,West Liberty University,WV,2299,"Public, 4-year or above",12.4,1291,0,0,0
238014,West Virginia Northern Community College,WV,1525,"Public, 2-year",46.4,0,0,0,0
237899,West Virginia State University,WV,3246,"Public, 4-year or above",13.5,376,1,0,0
238032,West Virginia University,WV,23643,"Public, 4-year or above",10.4,5458,21,19,20
237950,West Virginia University Institute of Technology,WV,1278,"Public, 4-year or above",33.1,369,0,0,1
237686,West Virginia University at Parkersburg,WV,2728,"Public, 4-year or above",13.6,0,0,0,0
237969,West Virginia Wesleyan College,WV,1055,"Private nonprofit, 4-year or above",2.0,1211,1,1,2
240505,Casper College,WY,3403,"Public, 2-year",23.2,441,3,2,1
240514,Central Wyoming College,WY,2205,"Public, 4-year or above",21.1,292,0,0,0
240596,Eastern Wyoming College,WY,1457,"Public, 2-year",9.2,213,0,0,0
240620,Laramie County Community College,WY,4193,"Public, 4-year or above",21.5,625,1,2,0
240666,Northern Wyoming Community College District,WY,3534,"Public, 2-year",17.5,750,3,1,2
240657,Northwest College,WY,1486,"Public, 4-year or above",18.5,632,2,2,1
240727,University of Wyoming,WY,10813,"Public, 4-year or above",19.1,2872,12,10,5
240693,Western Wyoming Community College,WY,2653,"Public, 4-year or above",26.2,422,0,2,4
240718,WyoTech,WY,1335,"Private for-profit, 2-year",0.0,620,0,0,2
