state_abbr,year,clearance_rate_pct,source_url,source_name,pulled_date
AL,2014,47.2,https://cde.ucr.cjis.gov/LATEST/webapp/#/pages/explorer/crime/crime-trend,"FBI Crime Data Explorer, Rape (NIBRS offense 11A), state summarized monthly rates summed to annual",2026-10-02
AL,2015,41.3,https://cde.ucr.cjis.gov/LATEST/webapp/#/pages/explorer/crime/crime-trend,"FBI Crime Data Explorer, Rape (NIBRS offense 11A), state summarized monthly rates summed to annual",2026-10-02
AL,2016,42.9,https://cde.ucr.cjis.gov/LATEST/webapp/#/pages/explorer/crime/crime-trend,"FBI Crime Data Explorer, Rape (NIBRS offense 11A), state summarized monthly rates summed to annual",2026-10-02
AL,2017,41.6,https://cde.ucr.cjis.gov/LATEST/webapp/#/pages/explorer/crime/crime-trend,"FBI Crime Data Explorer, Rape (NIBRS offense 11A), state summarized monthly rates summed to annual",2026-10-02
AL,2018,38.0,https://cde.ucr.cjis.gov/LATEST/webapp/#/pages/explorer/crime/crime-trend,"FBI Crime Data Explorer, Rape (NIBRS offense 11A), state summarized monthly rates summed to annual",2026-10-02
AL,2019,34.0,https://cde.ucr.cjis.gov/LATEST/webapp/#/pages/explorer/crime/crime-trend,"FBI Crime Data Explorer, Rape (NIBRS offense 11A), state summarized monthly rates summed to annual",2026-10-02
AL,2020,31.1,https://cde.ucr.cjis.gov/LATEST/webapp/#/pages/explorer/crime/crime-trend,"FBI Crime Data Explorer, Rape (NIBRS offense 11A), state summarized monthly rates summed to annual",2026-10-02
AL,2021,27.5,https://cde.ucr.cjis.gov/LATEST/webapp/#/pages/explorer/crime/crime-trend,"FBI Crime Data Explorer, Rape (NIBRS offense 11A), state summarized monthly rates summed to annual",2026-10-02
AL,2022,35.8,https://cde.ucr.cjis.gov/LATEST/webapp/#/pages/explorer/crime/crime-trend,"FBI Crime Data Explorer, Rape (NIBRS offense 11A), state summarized monthly rates summed to annual",2026-10-02
AL,2023,30.8,https://cde.ucr.cjis.gov/LATEST/webapp/#/pages/explorer/crime/crime-trend,"FBI Crime Data Explorer, Rape (NIBRS offense 11A), state summarized monthly rates summed to annual",2026-10-02
AK,2014,26.8,https://cde.ucr.cjis.gov/LATEST/webapp/#/pages/explorer/crime/crime-trend,"FBI Crime Data Explorer, Rape (NIBRS offense 11A), state summarized monthly rates summed to annual",2026-10-02
AK,2015,27.4,https://cde.ucr.cjis.gov/LATEST/webapp/#/pages/explorer/crime/crime-trend,"FBI Crime Data Explorer, Rape (NIBRS offense 11A), state summarized monthly rates summed to annual",2026-10-02
AK,2016,19.6,https://cde.ucr.cjis.gov/LATEST/webapp/#/pages/explorer/crime/crime-trend,"FBI Crime Data Explorer, Rape (NIBRS offense 11A), state summarized monthly rates summed to annual",2026-10-02
AK,2017,18.1,https://cde.ucr.cjis.gov/LATEST/webapp/#/pages/explorer/crime/crime-trend,"FBI Crime Data Explorer, Rape (NIBRS offense 11A), state summarized monthly rates summed to annual",2026-10-02
AK,2018,22.7,https://cde.ucr.cjis.gov/LATEST/webapp/#/pages/explorer/crime/crime-trend,"FBI Crime Data Explorer, Rape (NIBRS offense 11A), state summarized monthly rates summed to annual",2026-10-02
AK,2019,19.9,https://cde.ucr.cjis.gov/LATEST/webapp/#/pages/explorer/crime/crime-trend,"FBI Crime Data Explorer, Rape (NIBRS offense 11A), state summarized monthly rates summed to annual",2026-10-02
AK,2020,23.3,https://cde.ucr.cjis.gov/LATEST/webapp/#/pages/explorer/crime/crime-trend,"FBI Crime Data Explorer, Rape (NIBRS offense 11A), state summarized monthly rates summed to annual",2026-10-02
AK,2021,24.6,https://cde.ucr.cjis.gov/LATEST/webapp/#/pages/explorer/crime/crime-trend,"FBI Crime Data Explorer, Rape (NIBRS offense 11A), state summarized monthly rates summed to annual",2026-10-02
AK,2022,24.9,https://cde.ucr.cjis.gov/LATEST/webapp/#/pages/explorer/crime/crime-trend,"FBI Crime Data Explorer, Rape (NIBRS offense 11A), state summarized monthly rates summed to annual",2026-10-02
AK,2023,20.3,https://cde.ucr.cjis.gov/LATEST/webapp/#/pages/explorer/crime/crime-trend,"FBI Crime Data Explorer, Rape (NIBRS offense 11A), state summarized monthly rates summed to annual",2026-10-02
AZ,2014,21.1,https://cde.ucr.cjis.gov/LATEST/webapp/#/pages/explorer/crime/crime-trend,"FBI Crime Data Explorer, Rape (NIBRS offense 11A), state summarized monthly rates summed to annual",2026-10-02
AZ,2015,20.4,https://cde.ucr.cjis.gov/LATEST/webapp/#/pages/explorer/crime/crime-trend,"FBI Crime Data Explorer, Rape (NIBRS offense 11A), state summarized monthly rates summed to annual",2026-10-02
AZ,2016,18.2,https://cde.ucr.cjis.gov/LATEST/webapp/#/pages/explorer/crime/crime-trend,"FBI Crime Data Explorer, Rape (NIBRS offense 11A), state summarized monthly rates summed to annual",2026-10-02
AZ,2017,15.1,https://cde.ucr.cjis.gov/LATEST/webapp/#/pages/explorer/crime/crime-trend,"FBI Crime Data Explorer, Rape (NIBRS offense 11A), state summarized monthly rates summed to annual",2026-10-02
AZ,2018,18.2,https://cde.ucr.cjis.gov/LATEST/webapp/#/pages/explorer/crime/crime-trend,"FBI Crime Data Explorer, Rape (NIBRS offense 11A), state summarized monthly rates summed to annual",2026-10-02
AZ,2019,17.1,https://cde.ucr.cjis.gov/LATEST/webapp/#/pages/explorer/crime/crime-trend,"FBI Crime Data Explorer, Rape (NIBRS offense 11A), state summarized monthly rates summed to annual",2026-10-02
AZ,2020,14.9,https://cde.ucr.cjis.gov/LATEST/webapp/#/pages/explorer/crime/crime-trend,"FBI Crime Data Explorer, Rape (NIBRS offense 11A), state summarized monthly rates summed to annual",2026-10-02
AZ,2021,14.5,https://cde.ucr.cjis.gov/LATEST/webapp/#/pages/explorer/crime/crime-trend,"FBI Crime Data Explorer, Rape (NIBRS offense 11A), state summarized monthly rates summed to annual",2026-10-02
AZ,2022,13.4,https://cde.ucr.cjis.gov/LATEST/webapp/#/pages/explorer/crime/crime-trend,"FBI Crime Data Explorer, Rape (NIBRS offense 11A), state summarized monthly rates summed to annual",2026-10-02
AZ,2023,13.6,https://cde.ucr.cjis.gov/LATEST/webapp/#/pages/explorer/crime/crime-trend,"FBI Crime Data Explorer, Rape (NIBRS offense 11A), state summarized monthly rates summed to annual",2026-10-02
AR,2014,29.4,https://cde.ucr.cjis.gov/LATEST/webapp/#/pages/explorer/crime/crime-trend,"FBI Crime Data Explorer, Rape (NIBRS offense 11A), state summarized monthly rates summed to annual",2026-10-02
AR,2015,31.4,https://cde.ucr.cjis.gov/LATEST/webapp/#/pages/explorer/crime/crime-trend,"FBI Crime Data Explorer, Rape (NIBRS offense 11A), state summarized monthly rates summed to annual",2026-10-02
AR,2016,29.6,https://cde.ucr.cjis.gov/LATEST/webapp/#/pages/explorer/crime/crime-trend,"FBI Crime Data Explorer, Rape (NIBRS offense 11A), state summarized monthly rates summed to annual",2026-10-02
AR,2017,26.7,https://cde.ucr.cjis.gov/LATEST/webapp/#/pages/explorer/crime/crime-trend,"FBI Crime Data Explorer, Rape (NIBRS offense 11A), state summarized monthly rates summed to annual",2026-10-02
AR,2018,24.3,https://cde.ucr.cjis.gov/LATEST/webapp/#/pages/explorer/crime/crime-trend,"FBI Crime Data Explorer, Rape (NIBRS offense 11A), state summarized monthly rates summed to annual",2026-10-02
AR,2019,25.3,https://cde.ucr.cjis.gov/LATEST/webapp/#/pages/explorer/crime/crime-trend,"FBI Crime Data Explorer, Rape (NIBRS offense 11A), state summarized monthly rates summed to annual",2026-10-02
AR,2020,24.7,https://cde.ucr.cjis.gov/LATEST/webapp/#/pages/explorer/crime/crime-trend,"FBI Crime Data Explorer, Rape (NIBRS offense 11A), state summarized monthly rates summed to annual",2026-10-02
AR,2021,24.6,https://cde.ucr.cjis.gov/LATEST/webapp/#/pages/explorer/crime/crime-trend,"FBI Crime Data Explorer, Rape (NIBRS offense 11A), state summarized monthly rates summed to annual",2026-10-02
AR,2022,25.0,https://cde.ucr.cjis.gov/LATEST/webapp/#/pages/explorer/crime/crime-trend,"FBI Crime Data Explorer, Rape (NIBRS offense 11A), state summarized monthly rates summed to annual",2026-10-02
AR,2023,26.1,https://cde.ucr.cjis.gov/LATEST/webapp/#/pages/explorer/crime/crime-trend,"FBI Crime Data Explorer, Rape (NIBRS offense 11A), state summarized monthly rates summed to annual",2026-10-02
CA,2014,41.7,https://cde.ucr.cjis.gov/LATEST/webapp/#/pages/explorer/crime/crime-trend,"FBI Crime Data Explorer, Rape (NIBRS offense 11A), state summarized monthly rates summed to annual",2026-10-02
CA,2015,41.4,https://cde.ucr.cjis.gov/LATEST/webapp/#/pages/explorer/crime/crime-trend,"FBI Crime Data Explorer, Rape (NIBRS offense 11A), state summarized monthly rates summed to annual",2026-10-02
CA,2016,40.8,https://cde.ucr.cjis.gov/LATEST/webapp/#/pages/explorer/crime/crime-trend,"FBI Crime Data Explorer, Rape (NIBRS offense 11A), state summarized monthly rates summed to annual",2026-10-02
CA,2017,36.8,https://cde.ucr.cjis.gov/LATEST/webapp/#/pages/explorer/crime/crime-trend,"FBI Crime Data Explorer, Rape (NIBRS offense 11A), state summarized monthly rates summed to annual",2026-10-02
CA,2018,34.3,https://cde.ucr.cjis.gov/LATEST/webapp/#/pages/explorer/crime/crime-trend,"FBI Crime Data Explorer, Rape (NIBRS offense 11A), state summarized monthly rates summed to annual",2026-10-02
CA,2019,35.9,https://cde.ucr.cjis.gov/LATEST/webapp/#/pages/explorer/crime/crime-trend,"FBI Crime Data Explorer, Rape (NIBRS offense 11A), state summarized monthly rates summed to annual",2026-10-02
CA,2020,34.8,https://cde.ucr.cjis.gov/LATEST/webapp/#/pages/explorer/crime/crime-trend,"FBI Crime Data Explorer, Rape (NIBRS offense 11A), state summarized monthly rates summed to annual",2026-10-02
CA,2021,12.0,https://cde.ucr.cjis.gov/LATEST/webapp/#/pages/explorer/crime/crime-trend,"FBI Crime Data Explorer, Rape (NIBRS offense 11A), state summarized monthly rates summed to annual",2026-10-02
CA,2022,26.9,https://cde.ucr.cjis.gov/LATEST/webapp/#/pages/explorer/crime/crime-trend,"FBI Crime Data Explorer, Rape (NIBRS offense 11A), state summarized monthly rates summed to annual",2026-10-02
CA,2023,25.4,https://cde.ucr.cjis.gov/LATEST/webapp/#/pages/explorer/crime/crime-trend,"FBI Crime Data Explorer, Rape (NIBRS offense 11A), state summarized monthly rates summed to annual",2026-10-02
CO,2014,32.7,https://cde.ucr.cjis.gov/LATEST/webapp/#/pages/explorer/crime/crime-trend,"FBI Crime Data Explorer, Rape (NIBRS offense 11A), state summarized monthly rates summed to annual",2026-10-02
CO,2015,30.9,https://cde.ucr.cjis.gov/LATEST/webapp/#/pages/explorer/crime/crime-trend,"FBI Crime Data Explorer, Rape (NIBRS offense 11A), state summarized monthly rates summed to annual",2026-10-02
CO,2016,28.2,https://cde.ucr.cjis.gov/LATEST/webapp/#/pages/explorer/crime/crime-trend,"FBI Crime Data Explorer, Rape (NIBRS offense 11A), state summarized monthly rates summed to annual",2026-10-02
CO,2017,27.6,https://cde.ucr.cjis.gov/LATEST/webapp/#/pages/explorer/crime/crime-trend,"FBI Crime Data Explorer, Rape (NIBRS offense 11A), state summarized monthly rates summed to annual",2026-10-02
CO,2018,28.6,https://cde.ucr.cjis.gov/LATEST/webapp/#/pages/explorer/crime/crime-trend,"FBI Crime Data Explorer, Rape (NIBRS offense 11A), state summarized monthly rates summed to annual",2026-10-02
CO,2019,29.4,https://cde.ucr.cjis.gov/LATEST/webapp/#/pages/explorer/crime/crime-trend,"FBI Crime Data Explorer, Rape (NIBRS offense 11A), state summarized monthly rates summed to annual",2026-10-02
CO,2020,27.8,https://cde.ucr.cjis.gov/LATEST/webapp/#/pages/explorer/crime/crime-trend,"FBI Crime Data Explorer, Rape (NIBRS offense 11A), state summarized monthly rates summed to annual",2026-10-02
CO,2021,26.7,https://cde.ucr.cjis.gov/LATEST/webapp/#/pages/explorer/crime/crime-trend,"FBI Crime Data Explorer, Rape (NIBRS offense 11A), state summarized monthly rates summed to annual",2026-10-02
CO,2022,30.3,https://cde.ucr.cjis.gov/LATEST/webapp/#/pages/explorer/crime/crime-trend,"FBI Crime Data Explorer, Rape (NIBRS offense 11A), state summarized monthly rates summed to annual",2026-10-02
CO,2023,27.8,https://cde.ucr.cjis.gov/LATEST/webapp/#/pages/explorer/crime/crime-trend,"FBI Crime Data Explorer, Rape (NIBRS offense 11A), state summarized monthly rates summed to annual",2026-10-02
CT,2014,34.9,https://cde.ucr.cjis.gov/LATEST/webapp/#/pages/explorer/crime/crime-trend,"FBI Crime Data Explorer, Rape (NIBRS offense 11A), state summarized monthly rates summed to annual",2026-10-02
CT,2015,31.7,https://cde.ucr.cjis.gov/LATEST/webapp/#/pages/explorer/crime/crime-trend,"FBI Crime Data Explorer, Rape (NIBRS offense 11A), state summarized monthly rates summed to annual",2026-10-02
CT,2016,33.6,https://cde.ucr.cjis.gov/LATEST/webapp/#/pages/explorer/crime/crime-trend,"FBI Crime Data Explorer, Rape (NIBRS offense 11A), state summarized monthly rates summed to annual",2026-10-02
CT,2017,27.7,https://cde.ucr.cjis.gov/LATEST/webapp/#/pages/explorer/crime/crime-trend,"FBI Crime Data Explorer, Rape (NIBRS offense 11A), state summarized monthly rates summed to annual",2026-10-02
CT,2018,29.2,https://cde.ucr.cjis.gov/LATEST/webapp/#/pages/explorer/crime/crime-trend,"FBI Crime Data Explorer, Rape (NIBRS offense 11A), state summarized monthly rates summed to annual",2026-10-02
CT,2019,30.3,https://cde.ucr.cjis.gov/LATEST/webapp/#/pages/explorer/crime/crime-trend,"FBI Crime Data Explorer, Rape (NIBRS offense 11A), state summarized monthly rates summed to annual",2026-10-02
CT,2020,33.6,https://cde.ucr.cjis.gov/LATEST/webapp/#/pages/explorer/crime/crime-trend,"FBI Crime Data Explorer, Rape (NIBRS offense 11A), state summarized monthly rates summed to annual",2026-10-02
CT,2021,19.2,https://cde.ucr.cjis.gov/LATEST/webapp/#/pages/explorer/crime/crime-trend,"FBI Crime Data Explorer, Rape (NIBRS offense 11A), state summarized monthly rates summed to annual",2026-10-02
CT,2022,28.3,https://cde.ucr.cjis.gov/LATEST/webapp/#/pages/explorer/crime/crime-trend,"FBI Crime Data Explorer, Rape (NIBRS offense 11A), state summarized monthly rates summed to annual",2026-10-02
CT,2023,26.1,https://cde.ucr.cjis.gov/LATEST/webapp/#/pages/explorer/crime/crime-trend,"FBI Crime Data Explorer, Rape (NIBRS offense 11A), state summarized monthly rates summed to annual",2026-10-02
DE,2014,69.0,https://cde.ucr.cjis.gov/LATEST/webapp/#/pages/explorer/crime/crime-trend,"FBI Crime Data Explorer, Rape (NIBRS offense 11A), state summarized monthly rates summed to annual",2026-10-02
DE,2015,70.9,https://cde.ucr.cjis.gov/LATEST/webapp/#/pages/explorer/crime/crime-trend,"FBI Crime Data Explorer, Rape (NIBRS offense 11A), state summarized monthly rates summed to annual",2026-10-02
DE,2016,66.9,https://cde.ucr.cjis.gov/LATEST/webapp/#/pages/explorer/crime/crime-trend,"FBI Crime Data Explorer, Rape (NIBRS offense 11A), state summarized monthly rates summed to annual",2026-10-02
DE,2017,65.2,https://cde.ucr.cjis.gov/LATEST/webapp/#/pages/explorer/crime/crime-trend,"FBI Crime Data Explorer, Rape (NIBRS offense 11A), state summarized monthly rates summed to annual",2026-10-02
DE,2018,73.6,https://cde.ucr.cjis.gov/LATEST/webapp/#/pages/explorer/crime/crime-trend,"FBI Crime Data Explorer, Rape (NIBRS offense 11A), state summarized monthly rates summed to annual",2026-10-02
DE,2019,63.0,https://cde.ucr.cjis.gov/LATEST/webapp/#/pages/explorer/crime/crime-trend,"FBI Crime Data Explorer, Rape (NIBRS offense 11A), state summarized monthly rates summed to annual",2026-10-02
DE,2020,60.1,https://cde.ucr.cjis.gov/LATEST/webapp/#/pages/explorer/crime/crime-trend,"FBI Crime Data Explorer, Rape (NIBRS offense 11A), state summarized monthly rates summed to annual",2026-10-02
DE,2021,63.4,https://cde.ucr.cjis.gov/LATEST/webapp/#/pages/explorer/crime/crime-trend,"FBI Crime Data Explorer, Rape (NIBRS offense 11A), state summarized monthly rates summed to annual",2026-10-02
DE,2022,90.9,https://cde.ucr.cjis.gov/LATEST/webapp/#/pages/explorer/crime/crime-trend,"FBI Crime Data Explorer, Rape (NIBRS offense 11A), state summarized monthly rates summed to annual",2026-10-02
DE,2023,96.7,https://cde.ucr.cjis.gov/LATEST/webapp/#/pages/explorer/crime/crime-trend,"FBI Crime Data Explorer, Rape (NIBRS offense 11A), state summarized monthly rates summed to annual",2026-10-02
DC,2014,36.5,https://cde.ucr.cjis.gov/LATEST/webapp/#/pages/explorer/crime/crime-trend,"FBI Crime Data Explorer, Rape (NIBRS offense 11A), state summarized monthly rates summed to annual",2026-10-02
DC,2015,35.8,https://cde.ucr.cjis.gov/LATEST/webapp/#/pages/explorer/crime/crime-trend,"FBI Crime Data Explorer, Rape (NIBRS offense 11A), state summarized monthly rates summed to annual",2026-10-02
DC,2016,35.0,https://cde.ucr.cjis.gov/LATEST/webapp/#/pages/explorer/crime/crime-trend,"FBI Crime Data Explorer, Rape (NIBRS offense 11A), state summarized monthly rates summed to annual",2026-10-02
DC,2017,32.5,https://cde.ucr.cjis.gov/LATEST/webapp/#/pages/explorer/crime/crime-trend,"FBI Crime Data Explorer, Rape (NIBRS offense 11A), state summarized monthly rates summed to annual",2026-10-02
DC,2018,31.1,https://cde.ucr.cjis.gov/LATEST/webapp/#/pages/explorer/crime/crime-trend,"FBI Crime Data Explorer, Rape (NIBRS offense 11A), state summarized monthly rates summed to annual",2026-10-02
DC,2019,30.6,https://cde.ucr.cjis.gov/LATEST/webapp/#/pages/explorer/crime/crime-trend,"FBI Crime Data Explorer, Rape (NIBRS offense 11A), state summarized monthly rates summed to annual",2026-10-02
DC,2020,29.1,https://cde.ucr.cjis.gov/LATEST/webapp/#/pages/explorer/crime/crime-trend,"FBI Crime Data Explorer, Rape (NIBRS offense 11A), state summarized monthly rates summed to annual",2026-10-02
DC,2021,25.4,https://cde.ucr.cjis.gov/LATEST/webapp/#/pages/explorer/crime/crime-trend,"FBI Crime Data Explorer, Rape (NIBRS offense 11A), state summarized monthly rates summed to annual",2026-10-02
DC,2022,26.0,https://cde.ucr.cjis.gov/LATEST/webapp/#/pages/explorer/crime/crime-trend,"FBI Crime Data Explorer, Rape (NIBRS offense 11A), state summarized monthly rates summed to annual",2026-10-02
DC,2023,26.6,https://cde.ucr.cjis.gov/LATEST/webapp/#/pages/explorer/crime/crime-trend,"FBI Crime Data Explorer, Rape (NIBRS offense 11A), state summarized monthly rates summed to annual",2026-10-02
FL,2014,49.9,https://cde.ucr.cjis.gov/LATEST/webapp/#/pages/explorer/crime/crime-trend,"FBI Crime Data Explorer, Rape (NIBRS offense 11A), state summarized monthly rates summed to annual",2026-10-02
FL,2015,46.3,https://cde.ucr.cjis.gov/LATEST/webapp/#/pages/explorer/crime/crime-trend,"FBI Crime Data Explorer, Rape (NIBRS offense 11A), state summarized monthly rates summed to annual",2026-10-02
FL,2016,45.4,https://cde.ucr.cjis.gov/LATEST/webapp/#/pages/explorer/crime/crime-trend,"FBI Crime Data Explorer, Rape (NIBRS offense 11A), state summarized monthly rates summed to annual",2026-10-02
FL,2017,44.8,https://cde.ucr.cjis.gov/LATEST/webapp/#/pages/explorer/crime/crime-trend,"FBI Crime Data Explorer, Rape (NIBRS offense 11A), state summarized monthly rates summed to annual",2026-10-02
FL,2018,44.7,https://cde.ucr.cjis.gov/LATEST/webapp/#/pages/explorer/crime/crime-trend,"FBI Crime Data Explorer, Rape (NIBRS offense 11A), state summarized monthly rates summed to annual",2026-10-02
FL,2019,42.4,https://cde.ucr.cjis.gov/LATEST/webapp/#/pages/explorer/crime/crime-trend,"FBI Crime Data Explorer, Rape (NIBRS offense 11A), state summarized monthly rates summed to annual",2026-10-02
FL,2020,42.8,https://cde.ucr.cjis.gov/LATEST/webapp/#/pages/explorer/crime/crime-trend,"FBI Crime Data Explorer, Rape (NIBRS offense 11A), state summarized monthly rates summed to annual",2026-10-02
FL,2021,30.5,https://cde.ucr.cjis.gov/LATEST/webapp/#/pages/explorer/crime/crime-trend,"FBI Crime Data Explorer, Rape (NIBRS offense 11A), state summarized monthly rates summed to annual",2026-10-02
FL,2022,34.8,https://cde.ucr.cjis.gov/LATEST/webapp/#/pages/explorer/crime/crime-trend,"FBI Crime Data Explorer, Rape (NIBRS offense 11A), state summarized monthly rates summed to annual",2026-10-02
FL,2023,37.2,https://cde.ucr.cjis.gov/LATEST/webapp/#/pages/explorer/crime/crime-trend,"FBI Crime Data Explorer, Rape (NIBRS offense 11A), state summarized monthly rates summed to annual",2026-10-02
GA,2014,28.3,https://cde.ucr.cjis.gov/LATEST/webapp/#/pages/explorer/crime/crime-trend,"FBI Crime Data Explorer, Rape (NIBRS offense 11A), state summarized monthly rates summed to annual",2026-10-02
GA,2015,31.7,https://cde.ucr.cjis.gov/LATEST/webapp/#/pages/explorer/crime/crime-trend,"FBI Crime Data Explorer, Rape (NIBRS offense 11A), state summarized monthly rates summed to annual",2026-10-02
GA,2016,29.5,https://cde.ucr.cjis.gov/LATEST/webapp/#/pages/explorer/crime/crime-trend,"FBI Crime Data Explorer, Rape (NIBRS offense 11A), state summarized monthly rates summed to annual",2026-10-02
GA,2017,28.3,https://cde.ucr.cjis.gov/LATEST/webapp/#/pages/explorer/crime/crime-trend,"FBI Crime Data Explorer, Rape (NIBRS offense 11A), state summarized monthly rates summed to annual",2026-10-02
GA,2018,28.2,https://cde.ucr.cjis.gov/LATEST/webapp/#/pages/explorer/crime/crime-trend,"FBI Crime Data Explorer, Rape (NIBRS offense 11A), state summarized monthly rates summed to annual",2026-10-02
GA,2019,23.6,https://cde.ucr.cjis.gov/LATEST/webapp/#/pages/explorer/crime/crime-trend,"FBI Crime Data Explorer, Rape (NIBRS offense 11A), state summarized monthly rates summed to annual",2026-10-02
GA,2020,19.3,https://cde.ucr.cjis.gov/LATEST/webapp/#/pages/explorer/crime/crime-trend,"FBI Crime Data Explorer, Rape (NIBRS offense 11A), state summarized monthly rates summed to annual",2026-10-02
GA,2021,20.1,https://cde.ucr.cjis.gov/LATEST/webapp/#/pages/explorer/crime/crime-trend,"FBI Crime Data Explorer, Rape (NIBRS offense 11A), state summarized monthly rates summed to annual",2026-10-02
GA,2022,18.6,https://cde.ucr.cjis.gov/LATEST/webapp/#/pages/explorer/crime/crime-trend,"FBI Crime Data Explorer, Rape (NIBRS offense 11A), state summarized monthly rates summed to annual",2026-10-02
GA,2023,19.1,https://cde.ucr.cjis.gov/LATEST/webapp/#/pages/explorer/crime/crime-trend,"FBI Crime Data Explorer, Rape (NIBRS offense 11A), state summarized monthly rates summed to annual",2026-10-02
HI,2014,43.5,https://cde.ucr.cjis.gov/LATEST/webapp/#/pages/explorer/crime/crime-trend,"FBI Crime Data Explorer, Rape (NIBRS offense 11A), state summarized monthly rates summed to annual",2026-10-02
HI,2015,40.8,https://cde.ucr.cjis.gov/LATEST/webapp/#/pages/explorer/crime/crime-trend,"FBI Crime Data Explorer, Rape (NIBRS offense 11A), state summarized monthly rates summed to annual",2026-10-02
HI,2016,40.6,https://cde.ucr.cjis.gov/LATEST/webapp/#/pages/explorer/crime/crime-trend,"FBI Crime Data Explorer, Rape (NIBRS offense 11A), state summarized monthly rates summed to annual",2026-10-02
HI,2017,27.9,https://cde.ucr.cjis.gov/LATEST/webapp/#/pages/explorer/crime/crime-trend,"FBI Crime Data Explorer, Rape (NIBRS offense 11A), state summarized monthly rates summed to annual",2026-10-02
HI,2018,25.1,https://cde.ucr.cjis.gov/LATEST/webapp/#/pages/explorer/crime/crime-trend,"FBI Crime Data Explorer, Rape (NIBRS offense 11A), state summarized monthly rates summed to annual",2026-10-02
HI,2019,26.4,https://cde.ucr.cjis.gov/LATEST/webapp/#/pages/explorer/crime/crime-trend,"FBI Crime Data Explorer, Rape (NIBRS offense 11A), state summarized monthly rates summed to annual",2026-10-02
HI,2020,24.0,https://cde.ucr.cjis.gov/LATEST/webapp/#/pages/explorer/crime/crime-trend,"FBI Crime Data Explorer, Rape (NIBRS offense 11A), state summarized monthly rates summed to annual",2026-10-02
HI,2021,26.8,https://cde.ucr.cjis.gov/LATEST/webapp/#/pages/explorer/crime/crime-trend,"FBI Crime Data Explorer, Rape (NIBRS offense 11A), state summarized monthly rates summed to annual",2026-10-02
HI,2022,33.1,https://cde.ucr.cjis.gov/LATEST/webapp/#/pages/explorer/crime/crime-trend,"FBI Crime Data Explorer, Rape (NIBRS offense 11A), state summarized monthly rates summed to annual",2026-10-02
HI,2023,30.4,https://cde.ucr.cjis.gov/LATEST/webapp/#/pages/explorer/crime/crime-trend,"FBI Crime Data Explorer, Rape (NIBRS offense 11A), state summarized monthly rates summed to annual",2026-10-02
ID,2014,45.5,https://cde.ucr.cjis.gov/LATEST/webapp/#/pages/explorer/crime/crime-trend,"FBI Crime Data Explorer, Rape (NIBRS offense 11A), state summarized monthly rates summed to annual",2026-10-02
ID,2015,48.9,https://cde.ucr.cjis.gov/LATEST/webapp/#/pages/explorer/crime/crime-trend,"FBI Crime Data Explorer, Rape (NIBRS offense 11A), state summarized monthly rates summed to annual",2026-10-02
ID,2016,51.8,https://cde.ucr.cjis.gov/LATEST/webapp/#/pages/explorer/crime/crime-trend,"FBI Crime Data Explorer, Rape (NIBRS offense 11A), state summarized monthly rates summed to annual",2026-10-02
ID,2017,44.5,https://cde.ucr.cjis.gov/LATEST/webapp/#/pages/explorer/crime/crime-trend,"FBI Crime Data Explorer, Rape (NIBRS offense 11A), state summarized monthly rates summed to annual",2026-10-02
ID,2018,43.2,https://cde.ucr.cjis.gov/LATEST/webapp/#/pages/explorer/crime/crime-trend,"FBI Crime Data Explorer, Rape (NIBRS offense 11A), state summarized monthly rates summed to annual",2026-10-02
ID,2019,50.9,https://cde.ucr.cjis.gov/LATEST/webapp/#/pages/explorer/crime/crime-trend,"FBI Crime Data Explorer, Rape (NIBRS offense 11A), state summarized monthly rates summed to annual",2026-10-02
ID,2020,46.3,https://cde.ucr.cjis.gov/LATEST/webapp/#/pages/explorer/crime/crime-trend,"FBI Crime Data Explorer, Rape (NIBRS offense 11A), state summarized monthly rates summed to annual",2026-10-02
ID,2021,39.0,https://cde.ucr.cjis.gov/LATEST/webapp/#/pages/explorer/crime/crime-trend,"FBI Crime Data Explorer, Rape (NIBRS offense 11A), state summarized monthly rates summed to annual",2026-10-02
ID,2022,36.9,https://cde.ucr.cjis.gov/LATEST/webapp/#/pages/explorer/crime/crime-trend,"FBI Crime Data Explorer, Rape (NIBRS offense 11A), state summarized monthly rates summed to annual",2026-10-02
ID,2023,51.3,https://cde.ucr.cjis.gov/LATEST/webapp/#/pages/explorer/crime/crime-trend,"FBI Crime Data Explorer, Rape (NIBRS offense 11A), state summarized monthly rates summed to annual",2026-10-02
IL,2014,1.9,https://cde.ucr.cjis.gov/LATEST/webapp/#/pages/explorer/crime/crime-trend,"FBI Crime Data Explorer, Rape (NIBRS offense 11A), state summarized monthly rates summed to annual",2026-10-02
IL,2015,1.5,https://cde.ucr.cjis.gov/LATEST/webapp/#/pages/explorer/crime/crime-trend,"FBI Crime Data Explorer, Rape (NIBRS offense 11A), state summarized monthly rates summed to annual",2026-10-02
IL,2016,1.2,https://cde.ucr.cjis.gov/LATEST/webapp/#/pages/explorer/crime/crime-trend,"FBI Crime Data Explorer, Rape (NIBRS offense 11A), state summarized monthly rates summed to annual",2026-10-02
IL,2017,1.4,https://cde.ucr.cjis.gov/LATEST/webapp/#/pages/explorer/crime/crime-trend,"FBI Crime Data Explorer, Rape (NIBRS offense 11A), state summarized monthly rates summed to annual",2026-10-02
IL,2018,1.7,https://cde.ucr.cjis.gov/LATEST/webapp/#/pages/explorer/crime/crime-trend,"FBI Crime Data Explorer, Rape (NIBRS offense 11A), state summarized monthly rates summed to annual",2026-10-02
IL,2019,1.8,https://cde.ucr.cjis.gov/LATEST/webapp/#/pages/explorer/crime/crime-trend,"FBI Crime Data Explorer, Rape (NIBRS offense 11A), state summarized monthly rates summed to annual",2026-10-02
IL,2020,1.2,https://cde.ucr.cjis.gov/LATEST/webapp/#/pages/explorer/crime/crime-trend,"FBI Crime Data Explorer, Rape (NIBRS offense 11A), state summarized monthly rates summed to annual",2026-10-02
IL,2021,11.4,https://cde.ucr.cjis.gov/LATEST/webapp/#/pages/explorer/crime/crime-trend,"FBI Crime Data Explorer, Rape (NIBRS offense 11A), state summarized monthly rates summed to annual",2026-10-02
IL,2022,11.5,https://cde.ucr.cjis.gov/LATEST/webapp/#/pages/explorer/crime/crime-trend,"FBI Crime Data Explorer, Rape (NIBRS offense 11A), state summarized monthly rates summed to annual",2026-10-02
IL,2023,11.1,https://cde.ucr.cjis.gov/LATEST/webapp/#/pages/explorer/crime/crime-trend,"FBI Crime Data Explorer, Rape (NIBRS offense 11A), state summarized monthly rates summed to annual",2026-10-02
IN,2014,32.7,https://cde.ucr.cjis.gov/LATEST/webapp/#/pages/explorer/crime/crime-trend,"FBI Crime Data Explorer, Rape (NIBRS offense 11A), state summarized monthly rates summed to annual",2026-10-02
IN,2015,31.0,https://cde.ucr.cjis.gov/LATEST/webapp/#/pages/explorer/crime/crime-trend,"FBI Crime Data Explorer, Rape (NIBRS offense 11A), state summarized monthly rates summed to annual",2026-10-02
IN,2016,32.4,https://cde.ucr.cjis.gov/LATEST/webapp/#/pages/explorer/crime/crime-trend,"FBI Crime Data Explorer, Rape (NIBRS offense 11A), state summarized monthly rates summed to annual",2026-10-02
IN,2017,35.5,https://cde.ucr.cjis.gov/LATEST/webapp/#/pages/explorer/crime/crime-trend,"FBI Crime Data Explorer, Rape (NIBRS offense 11A), state summarized monthly rates summed to annual",2026-10-02
IN,2018,37.3,https://cde.ucr.cjis.gov/LATEST/webapp/#/pages/explorer/crime/crime-trend,"FBI Crime Data Explorer, Rape (NIBRS offense 11A), state summarized monthly rates summed to annual",2026-10-02
IN,2019,31.8,https://cde.ucr.cjis.gov/LATEST/webapp/#/pages/explorer/crime/crime-trend,"FBI Crime Data Explorer, Rape (NIBRS offense 11A), state summarized monthly rates summed to annual",2026-10-02
IN,2020,32.1,https://cde.ucr.cjis.gov/LATEST/webapp/#/pages/explorer/crime/crime-trend,"FBI Crime Data Explorer, Rape (NIBRS offense 11A), state summarized monthly rates summed to annual",2026-10-02
IN,2021,26.7,https://cde.ucr.cjis.gov/LATEST/webapp/#/pages/explorer/crime/crime-trend,"FBI Crime Data Explorer, Rape (NIBRS offense 11A), state summarized monthly rates summed to annual",2026-10-02
IN,2022,27.9,https://cde.ucr.cjis.gov/LATEST/webapp/#/pages/explorer/crime/crime-trend,"FBI Crime Data Explorer, Rape (NIBRS offense 11A), state summarized monthly rates summed to annual",2026-10-02
IN,2023,28.3,https://cde.ucr.cjis.gov/LATEST/webapp/#/pages/explorer/crime/crime-trend,"FBI Crime Data Explorer, Rape (NIBRS offense 11A), state summarized monthly rates summed to annual",2026-10-02
IA,2014,28.0,https://cde.ucr.cjis.gov/LATEST/webapp/#/pages/explorer/crime/crime-trend,"FBI Crime Data Explorer, Rape (NIBRS offense 11A), state summarized monthly rates summed to annual",2026-10-02
IA,2015,26.0,https://cde.ucr.cjis.gov/LATEST/webapp/#/pages/explorer/crime/crime-trend,"FBI Crime Data Explorer, Rape (NIBRS offense 11A), state summarized monthly rates summed to annual",2026-10-02
IA,2016,26.9,https://cde.ucr.cjis.gov/LATEST/webapp/#/pages/explorer/crime/crime-trend,"FBI Crime Data Explorer, Rape (NIBRS offense 11A), state summarized monthly rates summed to annual",2026-10-02
IA,2017,23.4,https://cde.ucr.cjis.gov/LATEST/webapp/#/pages/explorer/crime/crime-trend,"FBI Crime Data Explorer, Rape (NIBRS offense 11A), state summarized monthly rates summed to annual",2026-10-02
IA,2018,27.6,https://cde.ucr.cjis.gov/LATEST/webapp/#/pages/explorer/crime/crime-trend,"FBI Crime Data Explorer, Rape (NIBRS offense 11A), state summarized monthly rates summed to annual",2026-10-02
IA,2019,25.8,https://cde.ucr.cjis.gov/LATEST/webapp/#/pages/explorer/crime/crime-trend,"FBI Crime Data Explorer, Rape (NIBRS offense 11A), state summarized monthly rates summed to annual",2026-10-02
IA,2020,29.5,https://cde.ucr.cjis.gov/LATEST/webapp/#/pages/explorer/crime/crime-trend,"FBI Crime Data Explorer, Rape (NIBRS offense 11A), state summarized monthly rates summed to annual",2026-10-02
IA,2021,27.7,https://cde.ucr.cjis.gov/LATEST/webapp/#/pages/explorer/crime/crime-trend,"FBI Crime Data Explorer, Rape (NIBRS offense 11A), state summarized monthly rates summed to annual",2026-10-02
IA,2022,26.3,https://cde.ucr.cjis.gov/LATEST/webapp/#/pages/explorer/crime/crime-trend,"FBI Crime Data Explorer, Rape (NIBRS offense 11A), state summarized monthly rates summed to annual",2026-10-02
IA,2023,26.8,https://cde.ucr.cjis.gov/LATEST/webapp/#/pages/explorer/crime/crime-trend,"FBI Crime Data Explorer, Rape (NIBRS offense 11A), state summarized monthly rates summed to annual",2026-10-02
KS,2014,45.1,https://cde.ucr.cjis.gov/LATEST/webapp/#/pages/explorer/crime/crime-trend,"FBI Crime Data Explorer, Rape (NIBRS offense 11A), state summarized monthly rates summed to annual",2026-10-02
KS,2015,39.2,https://cde.ucr.cjis.gov/LATEST/webapp/#/pages/explorer/crime/crime-trend,"FBI Crime Data Explorer, Rape (NIBRS offense 11A), state summarized monthly rates summed to annual",2026-10-02
KS,2016,38.9,https://cde.ucr.cjis.gov/LATEST/webapp/#/pages/explorer/crime/crime-trend,"FBI Crime Data Explorer, Rape (NIBRS offense 11A), state summarized monthly rates summed to annual",2026-10-02
KS,2017,36.9,https://cde.ucr.cjis.gov/LATEST/webapp/#/pages/explorer/crime/crime-trend,"FBI Crime Data Explorer, Rape (NIBRS offense 11A), state summarized monthly rates summed to annual",2026-10-02
KS,2018,28.2,https://cde.ucr.cjis.gov/LATEST/webapp/#/pages/explorer/crime/crime-trend,"FBI Crime Data Explorer, Rape (NIBRS offense 11A), state summarized monthly rates summed to annual",2026-10-02
KS,2019,33.9,https://cde.ucr.cjis.gov/LATEST/webapp/#/pages/explorer/crime/crime-trend,"FBI Crime Data Explorer, Rape (NIBRS offense 11A), state summarized monthly rates summed to annual",2026-10-02
KS,2020,32.5,https://cde.ucr.cjis.gov/LATEST/webapp/#/pages/explorer/crime/crime-trend,"FBI Crime Data Explorer, Rape (NIBRS offense 11A), state summarized monthly rates summed to annual",2026-10-02
KS,2021,30.3,https://cde.ucr.cjis.gov/LATEST/webapp/#/pages/explorer/crime/crime-trend,"FBI Crime Data Explorer, Rape (NIBRS offense 11A), state summarized monthly rates summed to annual",2026-10-02
KS,2022,25.3,https://cde.ucr.cjis.gov/LATEST/webapp/#/pages/explorer/crime/crime-trend,"FBI Crime Data Explorer, Rape (NIBRS offense 11A), state summarized monthly rates summed to annual",2026-10-02
KS,2023,26.8,https://cde.ucr.cjis.gov/LATEST/webapp/#/pages/explorer/crime/crime-trend,"FBI Crime Data Explorer, Rape (NIBRS offense 11A), state summarized monthly rates summed to annual",2026-10-02
KY,2014,57.2,https://cde.ucr.cjis.gov/LATEST/webapp/#/pages/explorer/crime/crime-trend,"FBI Crime Data Explorer, Rape (NIBRS offense 11A), state summarized monthly rates summed to annual",2026-10-02
KY,2015,52.8,https://cde.ucr.cjis.gov/LATEST/webapp/#/pages/explorer/crime/crime-trend,"FBI Crime Data Explorer, Rape (NIBRS offense 11A), state summarized monthly rates summed to annual",2026-10-02
KY,2016,50.5,https://cde.ucr.cjis.gov/LATEST/webapp/#/pages/explorer/crime/crime-trend,"FBI Crime Data Explorer, Rape (NIBRS offense 11A), state summarized monthly rates summed to annual",2026-10-02
KY,2017,37.2,https://cde.ucr.cjis.gov/LATEST/webapp/#/pages/explorer/crime/crime-trend,"FBI Crime Data Explorer, Rape (NIBRS offense 11A), state summarized monthly rates summed to annual",2026-10-02
KY,2018,43.0,https://cde.ucr.cjis.gov/LATEST/webapp/#/pages/explorer/crime/crime-trend,"FBI Crime Data Explorer, Rape (NIBRS offense 11A), state summarized monthly rates summed to annual",2026-10-02
KY,2019,43.6,https://cde.ucr.cjis.gov/LATEST/webapp/#/pages/explorer/crime/crime-trend,"FBI Crime Data Explorer, Rape (NIBRS offense 11A), state summarized monthly rates summed to annual",2026-10-02
KY,2020,41.9,https://cde.ucr.cjis.gov/LATEST/webapp/#/pages/explorer/crime/crime-trend,"FBI Crime Data Explorer, Rape (NIBRS offense 11A), state summarized monthly rates summed to annual",2026-10-02
KY,2021,38.5,https://cde.ucr.cjis.gov/LATEST/webapp/#/pages/explorer/crime/crime-trend,"FBI Crime Data Explorer, Rape (NIBRS offense 11A), state summarized monthly rates summed to annual",2026-10-02
KY,2022,46.0,https://cde.ucr.cjis.gov/LATEST/webapp/#/pages/explorer/crime/crime-trend,"FBI Crime Data Explorer, Rape (NIBRS offense 11A), state summarized monthly rates summed to annual",2026-10-02
KY,2023,45.0,https://cde.ucr.cjis.gov/LATEST/webapp/#/pages/explorer/crime/crime-trend,"FBI Crime Data Explorer, Rape (NIBRS offense 11A), state summarized monthly rates summed to annual",2026-10-02
LA,2014,34.7,https://cde.ucr.cjis.gov/LATEST/webapp/#/pages/explorer/crime/crime-trend,"FBI Crime Data Explorer, Rape (NIBRS offense 11A), state summarized monthly rates summed to annual",2026-10-02
LA,2015,35.1,https://cde.ucr.cjis.gov/LATEST/webapp/#/pages/explorer/crime/crime-trend,"FBI Crime Data Explorer, Rape (NIBRS offense 11A), state summarized monthly rates summed to annual",2026-10-02
LA,2016,31.3,https://cde.ucr.cjis.gov/LATEST/webapp/#/pages/explorer/crime/crime-trend,"FBI Crime Data Explorer, Rape (NIBRS offense 11A), state summarized monthly rates summed to annual",2026-10-02
LA,2017,28.7,https://cde.ucr.cjis.gov/LATEST/webapp/#/pages/explorer/crime/crime-trend,"FBI Crime Data Explorer, Rape (NIBRS offense 11A), state summarized monthly rates summed to annual",2026-10-02
LA,2018,26.8,https://cde.ucr.cjis.gov/LATEST/webapp/#/pages/explorer/crime/crime-trend,"FBI Crime Data Explorer, Rape (NIBRS offense 11A), state summarized monthly rates summed to annual",2026-10-02
LA,2019,23.7,https://cde.ucr.cjis.gov/LATEST/webapp/#/pages/explorer/crime/crime-trend,"FBI Crime Data Explorer, Rape (NIBRS offense 11A), state summarized monthly rates summed to annual",2026-10-02
LA,2020,22.8,https://cde.ucr.cjis.gov/LATEST/webapp/#/pages/explorer/crime/crime-trend,"FBI Crime Data Explorer, Rape (NIBRS offense 11A), state summarized monthly rates summed to annual",2026-10-02
LA,2021,17.5,https://cde.ucr.cjis.gov/LATEST/webapp/#/pages/explorer/crime/crime-trend,"FBI Crime Data Explorer, Rape (NIBRS offense 11A), state summarized monthly rates summed to annual",2026-10-02
LA,2022,17.3,https://cde.ucr.cjis.gov/LATEST/webapp/#/pages/explorer/crime/crime-trend,"FBI Crime Data Explorer, Rape (NIBRS offense 11A), state summarized monthly rates summed to annual",2026-10-02
LA,2023,17.7,https://cde.ucr.cjis.gov/LATEST/webapp/#/pages/explorer/crime/crime-trend,"FBI Crime Data Explorer, Rape (NIBRS offense 11A), state summarized monthly rates summed to annual",2026-10-02
ME,2014,43.3,https://cde.ucr.cjis.gov/LATEST/webapp/#/pages/explorer/crime/crime-trend,"FBI Crime Data Explorer, Rape (NIBRS offense 11A), state summarized monthly rates summed to annual",2026-10-02
ME,2015,44.8,https://cde.ucr.cjis.gov/LATEST/webapp/#/pages/explorer/crime/crime-trend,"FBI Crime Data Explorer, Rape (NIBRS offense 11A), state summarized monthly rates summed to annual",2026-10-02
ME,2016,37.8,https://cde.ucr.cjis.gov/LATEST/webapp/#/pages/explorer/crime/crime-trend,"FBI Crime Data Explorer, Rape (NIBRS offense 11A), state summarized monthly rates summed to annual",2026-10-02
ME,2017,38.3,https://cde.ucr.cjis.gov/LATEST/webapp/#/pages/explorer/crime/crime-trend,"FBI Crime Data Explorer, Rape (NIBRS offense 11A), state summarized monthly rates summed to annual",2026-10-02
ME,2018,44.3,https://cde.ucr.cjis.gov/LATEST/webapp/#/pages/explorer/crime/crime-trend,"FBI Crime Data Explorer, Rape (NIBRS offense 11A), state summarized monthly rates summed to annual",2026-10-02
ME,2019,31.6,https://cde.ucr.cjis.gov/LATEST/webapp/#/pages/explorer/crime/crime-trend,"FBI Crime Data Explorer, Rape (NIBRS offense 11A), state summarized monthly rates summed to annual",2026-10-02
ME,2020,38.6,https://cde.ucr.cjis.gov/LATEST/webapp/#/pages/explorer/crime/crime-trend,"FBI Crime Data Explorer, Rape (NIBRS offense 11A), state summarized monthly rates summed to annual",2026-10-02
ME,2021,32.2,https://cde.ucr.cjis.gov/LATEST/webapp/#/pages/explorer/crime/crime-trend,"FBI Crime Data Explorer, Rape (NIBRS offense 11A), state summarized monthly rates summed to annual",2026-10-02
ME,2022,26.5,https://cde.ucr.cjis.gov/LATEST/webapp/#/pages/explorer/crime/crime-trend,"FBI Crime Data Explorer, Rape (NIBRS offense 11A), state summarized monthly rates summed to annual",2026-10-02
ME,2023,24.6,https://cde.ucr.cjis.gov/LATEST/webapp/#/pages/explorer/crime/crime-trend,"FBI Crime Data Explorer, Rape (NIBRS offense 11A), state summarized monthly rates summed to annual",2026-10-02
MD,2014,48.1,https://cde.ucr.cjis.gov/LATEST/webapp/#/pages/explorer/crime/crime-trend,"FBI Crime Data Explorer, Rape (NIBRS offense 11A), state summarized monthly rates summed to annual",2026-10-02
MD,2015,51.9,https://cde.ucr.cjis.gov/LATEST/webapp/#/pages/explorer/crime/crime-trend,"FBI Crime Data Explorer, Rape (NIBRS offense 11A), state summarized monthly rates summed to annual",2026-10-02
MD,2016,54.2,https://cde.ucr.cjis.gov/LATEST/webapp/#/pages/explorer/crime/crime-trend,"FBI Crime Data Explorer, Rape (NIBRS offense 11A), state summarized monthly rates summed to annual",2026-10-02
MD,2017,49.0,https://cde.ucr.cjis.gov/LATEST/webapp/#/pages/explorer/crime/crime-trend,"FBI Crime Data Explorer, Rape (NIBRS offense 11A), state summarized monthly rates summed to annual",2026-10-02
MD,2018,48.0,https://cde.ucr.cjis.gov/LATEST/webapp/#/pages/explorer/crime/crime-trend,"FBI Crime Data Explorer, Rape (NIBRS offense 11A), state summarized monthly rates summed to annual",2026-10-02
MD,2019,52.5,https://cde.ucr.cjis.gov/LATEST/webapp/#/pages/explorer/crime/crime-trend,"FBI Crime Data Explorer, Rape (NIBRS offense 11A), state summarized monthly rates summed to annual",2026-10-02
MD,2020,47.6,https://cde.ucr.cjis.gov/LATEST/webapp/#/pages/explorer/crime/crime-trend,"FBI Crime Data Explorer, Rape (NIBRS offense 11A), state summarized monthly rates summed to annual",2026-10-02
MD,2021,40.1,https://cde.ucr.cjis.gov/LATEST/webapp/#/pages/explorer/crime/crime-trend,"FBI Crime Data Explorer, Rape (NIBRS offense 11A), state summarized monthly rates summed to annual",2026-10-02
MD,2022,29.4,https://cde.ucr.cjis.gov/LATEST/webapp/#/pages/explorer/crime/crime-trend,"FBI Crime Data Explorer, Rape (NIBRS offense 11A), state summarized monthly rates summed to annual",2026-10-02
MD,2023,36.3,https://cde.ucr.cjis.gov/LATEST/webapp/#/pages/explorer/crime/crime-trend,"FBI Crime Data Explorer, Rape (NIBRS offense 11A), state summarized monthly rates summed to annual",2026-10-02
MA,2014,27.1,https://cde.ucr.cjis.gov/LATEST/webapp/#/pages/explorer/crime/crime-trend,"FBI Crime Data Explorer, Rape (NIBRS offense 11A), state summarized monthly rates summed to annual",2026-10-02
MA,2015,22.4,https://cde.ucr.cjis.gov/LATEST/webapp/#/pages/explorer/crime/crime-trend,"FBI Crime Data Explorer, Rape (NIBRS offense 11A), state summarized monthly rates summed to annual",2026-10-02
MA,2016,24.5,https://cde.ucr.cjis.gov/LATEST/webapp/#/pages/explorer/crime/crime-trend,"FBI Crime Data Explorer, Rape (NIBRS offense 11A), state summarized monthly rates summed to annual",2026-10-02
MA,2017,22.9,https://cde.ucr.cjis.gov/LATEST/webapp/#/pages/explorer/crime/crime-trend,"FBI Crime Data Explorer, Rape (NIBRS offense 11A), state summarized monthly rates summed to annual",2026-10-02
MA,2018,21.6,https://cde.ucr.cjis.gov/LATEST/webapp/#/pages/explorer/crime/crime-trend,"FBI Crime Data Explorer, Rape (NIBRS offense 11A), state summarized monthly rates summed to annual",2026-10-02
MA,2019,24.1,https://cde.ucr.cjis.gov/LATEST/webapp/#/pages/explorer/crime/crime-trend,"FBI Crime Data Explorer, Rape (NIBRS offense 11A), state summarized monthly rates summed to annual",2026-10-02
MA,2020,25.4,https://cde.ucr.cjis.gov/LATEST/webapp/#/pages/explorer/crime/crime-trend,"FBI Crime Data Explorer, Rape (NIBRS offense 11A), state summarized monthly rates summed to annual",2026-10-02
MA,2021,21.2,https://cde.ucr.cjis.gov/LATEST/webapp/#/pages/explorer/crime/crime-trend,"FBI Crime Data Explorer, Rape (NIBRS offense 11A), state summarized monthly rates summed to annual",2026-10-02
MA,2022,22.0,https://cde.ucr.cjis.gov/LATEST/webapp/#/pages/explorer/crime/crime-trend,"FBI Crime Data Explorer, Rape (NIBRS offense 11A), state summarized monthly rates summed to annual",2026-10-02
MA,2023,21.7,https://cde.ucr.cjis.gov/LATEST/webapp/#/pages/explorer/crime/crime-trend,"FBI Crime Data Explorer, Rape (NIBRS offense 11A), state summarized monthly rates summed to annual",2026-10-02
MI,2014,28.0,https://cde.ucr.cjis.gov/LATEST/webapp/#/pages/explorer/crime/crime-trend,"FBI Crime Data Explorer, Rape (NIBRS offense 11A), state summarized monthly rates summed to annual",2026-10-02
MI,2015,26.2,https://cde.ucr.cjis.gov/LATEST/webapp/#/pages/explorer/crime/crime-trend,"FBI Crime Data Explorer, Rape (NIBRS offense 11A), state summarized monthly rates summed to annual",2026-10-02
MI,2016,28.1,https://cde.ucr.cjis.gov/LATEST/webapp/#/pages/explorer/crime/crime-trend,"FBI Crime Data Explorer, Rape (NIBRS offense 11A), state summarized monthly rates summed to annual",2026-10-02
MI,2017,27.8,https://cde.ucr.cjis.gov/LATEST/webapp/#/pages/explorer/crime/crime-trend,"FBI Crime Data Explorer, Rape (NIBRS offense 11A), state summarized monthly rates summed to annual",2026-10-02
MI,2018,30.0,https://cde.ucr.cjis.gov/LATEST/webapp/#/pages/explorer/crime/crime-trend,"FBI Crime Data Explorer, Rape (NIBRS offense 11A), state summarized monthly rates summed to annual",2026-10-02
MI,2019,31.0,https://cde.ucr.cjis.gov/LATEST/webapp/#/pages/explorer/crime/crime-trend,"FBI Crime Data Explorer, Rape (NIBRS offense 11A), state summarized monthly rates summed to annual",2026-10-02
MI,2020,31.2,https://cde.ucr.cjis.gov/LATEST/webapp/#/pages/explorer/crime/crime-trend,"FBI Crime Data Explorer, Rape (NIBRS offense 11A), state summarized monthly rates summed to annual",2026-10-02
MI,2021,32.9,https://cde.ucr.cjis.gov/LATEST/webapp/#/pages/explorer/crime/crime-trend,"FBI Crime Data Explorer, Rape (NIBRS offense 11A), state summarized monthly rates summed to annual",2026-10-02
MI,2022,34.7,https://cde.ucr.cjis.gov/LATEST/webapp/#/pages/explorer/crime/crime-trend,"FBI Crime Data Explorer, Rape (NIBRS offense 11A), state summarized monthly rates summed to annual",2026-10-02
MI,2023,34.0,https://cde.ucr.cjis.gov/LATEST/webapp/#/pages/explorer/crime/crime-trend,"FBI Crime Data Explorer, Rape (NIBRS offense 11A), state summarized monthly rates summed to annual",2026-10-02
MN,2014,40.0,https://cde.ucr.cjis.gov/LATEST/webapp/#/pages/explorer/crime/crime-trend,"FBI Crime Data Explorer, Rape (NIBRS offense 11A), state summarized monthly rates summed to annual",2026-10-02
MN,2015,38.0,https://cde.ucr.cjis.gov/LATEST/webapp/#/pages/explorer/crime/crime-trend,"FBI Crime Data Explorer, Rape (NIBRS offense 11A), state summarized monthly rates summed to annual",2026-10-02
MN,2016,38.6,https://cde.ucr.cjis.gov/LATEST/webapp/#/pages/explorer/crime/crime-trend,"FBI Crime Data Explorer, Rape (NIBRS offense 11A), state summarized monthly rates summed to annual",2026-10-02
MN,2017,37.7,https://cde.ucr.cjis.gov/LATEST/webapp/#/pages/explorer/crime/crime-trend,"FBI Crime Data Explorer, Rape (NIBRS offense 11A), state summarized monthly rates summed to annual",2026-10-02
MN,2018,37.5,https://cde.ucr.cjis.gov/LATEST/webapp/#/pages/explorer/crime/crime-trend,"FBI Crime Data Explorer, Rape (NIBRS offense 11A), state summarized monthly rates summed to annual",2026-10-02
MN,2019,37.7,https://cde.ucr.cjis.gov/LATEST/webapp/#/pages/explorer/crime/crime-trend,"FBI Crime Data Explorer, Rape (NIBRS offense 11A), state summarized monthly rates summed to annual",2026-10-02
MN,2020,32.3,https://cde.ucr.cjis.gov/LATEST/webapp/#/pages/explorer/crime/crime-trend,"FBI Crime Data Explorer, Rape (NIBRS offense 11A), state summarized monthly rates summed to annual",2026-10-02
MN,2021,28.9,https://cde.ucr.cjis.gov/LATEST/webapp/#/pages/explorer/crime/crime-trend,"FBI Crime Data Explorer, Rape (NIBRS offense 11A), state summarized monthly rates summed to annual",2026-10-02
MN,2022,30.9,https://cde.ucr.cjis.gov/LATEST/webapp/#/pages/explorer/crime/crime-trend,"FBI Crime Data Explorer, Rape (NIBRS offense 11A), state summarized monthly rates summed to annual",2026-10-02
MN,2023,34.6,https://cde.ucr.cjis.gov/LATEST/webapp/#/pages/explorer/crime/crime-trend,"FBI Crime Data Explorer, Rape (NIBRS offense 11A), state summarized monthly rates summed to annual",2026-10-02
MS,2014,29.4,https://cde.ucr.cjis.gov/LATEST/webapp/#/pages/explorer/crime/crime-trend,"FBI Crime Data Explorer, Rape (NIBRS offense 11A), state summarized monthly rates summed to annual",2026-10-02
MS,2015,25.2,https://cde.ucr.cjis.gov/LATEST/webapp/#/pages/explorer/crime/crime-trend,"FBI Crime Data Explorer, Rape (NIBRS offense 11A), state summarized monthly rates summed to annual",2026-10-02
MS,2016,26.7,https://cde.ucr.cjis.gov/LATEST/webapp/#/pages/explorer/crime/crime-trend,"FBI Crime Data Explorer, Rape (NIBRS offense 11A), state summarized monthly rates summed to annual",2026-10-02
MS,2017,19.4,https://cde.ucr.cjis.gov/LATEST/webapp/#/pages/explorer/crime/crime-trend,"FBI Crime Data Explorer, Rape (NIBRS offense 11A), state summarized monthly rates summed to annual",2026-10-02
MS,2018,22.5,https://cde.ucr.cjis.gov/LATEST/webapp/#/pages/explorer/crime/crime-trend,"FBI Crime Data Explorer, Rape (NIBRS offense 11A), state summarized monthly rates summed to annual",2026-10-02
MS,2019,17.6,https://cde.ucr.cjis.gov/LATEST/webapp/#/pages/explorer/crime/crime-trend,"FBI Crime Data Explorer, Rape (NIBRS offense 11A), state summarized monthly rates summed to annual",2026-10-02
MS,2020,18.3,https://cde.ucr.cjis.gov/LATEST/webapp/#/pages/explorer/crime/crime-trend,"FBI Crime Data Explorer, Rape (NIBRS offense 11A), state summarized monthly rates summed to annual",2026-10-02
MS,2021,18.8,https://cde.ucr.cjis.gov/LATEST/webapp/#/pages/explorer/crime/crime-trend,"FBI Crime Data Explorer, Rape (NIBRS offense 11A), state summarized monthly rates summed to annual",2026-10-02
MS,2022,22.1,https://cde.ucr.cjis.gov/LATEST/webapp/#/pages/explorer/crime/crime-trend,"FBI Crime Data Explorer, Rape (NIBRS offense 11A), state summarized monthly rates summed to annual",2026-10-02
MS,2023,15.3,https://cde.ucr.cjis.gov/LATEST/webapp/#/pages/explorer/crime/crime-trend,"FBI Crime Data Explorer, Rape (NIBRS offense 11A), state summarized monthly rates summed to annual",2026-10-02
MO,2014,42.0,https://cde.ucr.cjis.gov/LATEST/webapp/#/pages/explorer/crime/crime-trend,"FBI Crime Data Explorer, Rape (NIBRS offense 11A), state summarized monthly rates summed to annual",2026-10-02
MO,2015,40.3,https://cde.ucr.cjis.gov/LATEST/webapp/#/pages/explorer/crime/crime-trend,"FBI Crime Data Explorer, Rape (NIBRS offense 11A), state summarized monthly rates summed to annual",2026-10-02
MO,2016,39.8,https://cde.ucr.cjis.gov/LATEST/webapp/#/pages/explorer/crime/crime-trend,"FBI Crime Data Explorer, Rape (NIBRS offense 11A), state summarized monthly rates summed to annual",2026-10-02
MO,2017,36.8,https://cde.ucr.cjis.gov/LATEST/webapp/#/pages/explorer/crime/crime-trend,"FBI Crime Data Explorer, Rape (NIBRS offense 11A), state summarized monthly rates summed to annual",2026-10-02
MO,2018,34.4,https://cde.ucr.cjis.gov/LATEST/webapp/#/pages/explorer/crime/crime-trend,"FBI Crime Data Explorer, Rape (NIBRS offense 11A), state summarized monthly rates summed to annual",2026-10-02
MO,2019,30.5,https://cde.ucr.cjis.gov/LATEST/webapp/#/pages/explorer/crime/crime-trend,"FBI Crime Data Explorer, Rape (NIBRS offense 11A), state summarized monthly rates summed to annual",2026-10-02
MO,2020,25.4,https://cde.ucr.cjis.gov/LATEST/webapp/#/pages/explorer/crime/crime-trend,"FBI Crime Data Explorer, Rape (NIBRS offense 11A), state summarized monthly rates summed to annual",2026-10-02
MO,2021,23.7,https://cde.ucr.cjis.gov/LATEST/webapp/#/pages/explorer/crime/crime-trend,"FBI Crime Data Explorer, Rape (NIBRS offense 11A), state summarized monthly rates summed to annual",2026-10-02
MO,2022,27.2,https://cde.ucr.cjis.gov/LATEST/webapp/#/pages/explorer/crime/crime-trend,"FBI Crime Data Explorer, Rape (NIBRS offense 11A), state summarized monthly rates summed to annual",2026-10-02
MO,2023,26.7,https://cde.ucr.cjis.gov/LATEST/webapp/#/pages/explorer/crime/crime-trend,"FBI Crime Data Explorer, Rape (NIBRS offense 11A), state summarized monthly rates summed to annual",2026-10-02
MT,2014,23.2,https://cde.ucr.cjis.gov/LATEST/webapp/#/pages/explorer/crime/crime-trend,"FBI Crime Data Explorer, Rape (NIBRS offense 11A), state summarized monthly rates summed to annual",2026-10-02
MT,2015,18.1,https://cde.ucr.cjis.gov/LATEST/webapp/#/pages/explorer/crime/crime-trend,"FBI Crime Data Explorer, Rape (NIBRS offense 11A), state summarized monthly rates summed to annual",2026-10-02
MT,2016,21.0,https://cde.ucr.cjis.gov/LATEST/webapp/#/pages/explorer/crime/crime-trend,"FBI Crime Data Explorer, Rape (NIBRS offense 11A), state summarized monthly rates summed to annual",2026-10-02
MT,2017,17.7,https://cde.ucr.cjis.gov/LATEST/webapp/#/pages/explorer/crime/crime-trend,"FBI Crime Data Explorer, Rape (NIBRS offense 11A), state summarized monthly rates summed to annual",2026-10-02
MT,2018,21.7,https://cde.ucr.cjis.gov/LATEST/webapp/#/pages/explorer/crime/crime-trend,"FBI Crime Data Explorer, Rape (NIBRS offense 11A), state summarized monthly rates summed to annual",2026-10-02
MT,2019,17.1,https://cde.ucr.cjis.gov/LATEST/webapp/#/pages/explorer/crime/crime-trend,"FBI Crime Data Explorer, Rape (NIBRS offense 11A), state summarized monthly rates summed to annual",2026-10-02
MT,2020,18.2,https://cde.ucr.cjis.gov/LATEST/webapp/#/pages/explorer/crime/crime-trend,"FBI Crime Data Explorer, Rape (NIBRS offense 11A), state summarized monthly rates summed to annual",2026-10-02
MT,2021,21.1,https://cde.ucr.cjis.gov/LATEST/webapp/#/pages/explorer/crime/crime-trend,"FBI Crime Data Explorer, Rape (NIBRS offense 11A), state summarized monthly rates summed to annual",2026-10-02
MT,2022,25.0,https://cde.ucr.cjis.gov/LATEST/webapp/#/pages/explorer/crime/crime-trend,"FBI Crime Data Explorer, Rape (NIBRS offense 11A), state summarized monthly rates summed to annual",2026-10-02
MT,2023,22.7,https://cde.ucr.cjis.gov/LATEST/webapp/#/pages/explorer/crime/crime-trend,"FBI Crime Data Explorer, Rape (NIBRS offense 11A), state summarized monthly rates summed to annual",2026-10-02
NE,2014,33.1,https://cde.ucr.cjis.gov/LATEST/webapp/#/pages/explorer/crime/crime-trend,"FBI Crime Data Explorer, Rape (NIBRS offense 11A), state summarized monthly rates summed to annual",2026-10-02
NE,2015,32.8,https://cde.ucr.cjis.gov/LATEST/webapp/#/pages/explorer/crime/crime-trend,"FBI Crime Data Explorer, Rape (NIBRS offense 11A), state summarized monthly rates summed to annual",2026-10-02
NE,2016,36.4,https://cde.ucr.cjis.gov/LATEST/webapp/#/pages/explorer/crime/crime-trend,"FBI Crime Data Explorer, Rape (NIBRS offense 11A), state summarized monthly rates summed to annual",2026-10-02
NE,2017,36.7,https://cde.ucr.cjis.gov/LATEST/webapp/#/pages/explorer/crime/crime-trend,"FBI Crime Data Explorer, Rape (NIBRS offense 11A), state summarized monthly rates summed to annual",2026-10-02
NE,2018,38.5,https://cde.ucr.cjis.gov/LATEST/webapp/#/pages/explorer/crime/crime-trend,"FBI Crime Data Explorer, Rape (NIBRS offense 11A), state summarized monthly rates summed to annual",2026-10-02
NE,2019,37.7,https://cde.ucr.cjis.gov/LATEST/webapp/#/pages/explorer/crime/crime-trend,"FBI Crime Data Explorer, Rape (NIBRS offense 11A), state summarized monthly rates summed to annual",2026-10-02
NE,2020,36.5,https://cde.ucr.cjis.gov/LATEST/webapp/#/pages/explorer/crime/crime-trend,"FBI Crime Data Explorer, Rape (NIBRS offense 11A), state summarized monthly rates summed to annual",2026-10-02
NE,2021,20.3,https://cde.ucr.cjis.gov/LATEST/webapp/#/pages/explorer/crime/crime-trend,"FBI Crime Data Explorer, Rape (NIBRS offense 11A), state summarized monthly rates summed to annual",2026-10-02
NE,2022,27.8,https://cde.ucr.cjis.gov/LATEST/webapp/#/pages/explorer/crime/crime-trend,"FBI Crime Data Explorer, Rape (NIBRS offense 11A), state summarized monthly rates summed to annual",2026-10-02
NE,2023,24.5,https://cde.ucr.cjis.gov/LATEST/webapp/#/pages/explorer/crime/crime-trend,"FBI Crime Data Explorer, Rape (NIBRS offense 11A), state summarized monthly rates summed to annual",2026-10-02
NV,2014,23.8,https://cde.ucr.cjis.gov/LATEST/webapp/#/pages/explorer/crime/crime-trend,"FBI Crime Data Explorer, Rape (NIBRS offense 11A), state summarized monthly rates summed to annual",2026-10-02
NV,2015,18.1,https://cde.ucr.cjis.gov/LATEST/webapp/#/pages/explorer/crime/crime-trend,"FBI Crime Data Explorer, Rape (NIBRS offense 11A), state summarized monthly rates summed to annual",2026-10-02
NV,2016,16.4,https://cde.ucr.cjis.gov/LATEST/webapp/#/pages/explorer/crime/crime-trend,"FBI Crime Data Explorer, Rape (NIBRS offense 11A), state summarized monthly rates summed to annual",2026-10-02
NV,2017,20.8,https://cde.ucr.cjis.gov/LATEST/webapp/#/pages/explorer/crime/crime-trend,"FBI Crime Data Explorer, Rape (NIBRS offense 11A), state summarized monthly rates summed to annual",2026-10-02
NV,2018,19.1,https://cde.ucr.cjis.gov/LATEST/webapp/#/pages/explorer/crime/crime-trend,"FBI Crime Data Explorer, Rape (NIBRS offense 11A), state summarized monthly rates summed to annual",2026-10-02
NV,2019,27.7,https://cde.ucr.cjis.gov/LATEST/webapp/#/pages/explorer/crime/crime-trend,"FBI Crime Data Explorer, Rape (NIBRS offense 11A), state summarized monthly rates summed to annual",2026-10-02
NV,2020,30.1,https://cde.ucr.cjis.gov/LATEST/webapp/#/pages/explorer/crime/crime-trend,"FBI Crime Data Explorer, Rape (NIBRS offense 11A), state summarized monthly rates summed to annual",2026-10-02
NV,2021,23.9,https://cde.ucr.cjis.gov/LATEST/webapp/#/pages/explorer/crime/crime-trend,"FBI Crime Data Explorer, Rape (NIBRS offense 11A), state summarized monthly rates summed to annual",2026-10-02
NV,2022,19.9,https://cde.ucr.cjis.gov/LATEST/webapp/#/pages/explorer/crime/crime-trend,"FBI Crime Data Explorer, Rape (NIBRS offense 11A), state summarized monthly rates summed to annual",2026-10-02
NV,2023,22.3,https://cde.ucr.cjis.gov/LATEST/webapp/#/pages/explorer/crime/crime-trend,"FBI Crime Data Explorer, Rape (NIBRS offense 11A), state summarized monthly rates summed to annual",2026-10-02
NH,2014,17.2,https://cde.ucr.cjis.gov/LATEST/webapp/#/pages/explorer/crime/crime-trend,"FBI Crime Data Explorer, Rape (NIBRS offense 11A), state summarized monthly rates summed to annual",2026-10-02
NH,2015,16.6,https://cde.ucr.cjis.gov/LATEST/webapp/#/pages/explorer/crime/crime-trend,"FBI Crime Data Explorer, Rape (NIBRS offense 11A), state summarized monthly rates summed to annual",2026-10-02
NH,2016,14.7,https://cde.ucr.cjis.gov/LATEST/webapp/#/pages/explorer/crime/crime-trend,"FBI Crime Data Explorer, Rape (NIBRS offense 11A), state summarized monthly rates summed to annual",2026-10-02
NH,2017,17.7,https://cde.ucr.cjis.gov/LATEST/webapp/#/pages/explorer/crime/crime-trend,"FBI Crime Data Explorer, Rape (NIBRS offense 11A), state summarized monthly rates summed to annual",2026-10-02
NH,2018,19.4,https://cde.ucr.cjis.gov/LATEST/webapp/#/pages/explorer/crime/crime-trend,"FBI Crime Data Explorer, Rape (NIBRS offense 11A), state summarized monthly rates summed to annual",2026-10-02
NH,2019,23.3,https://cde.ucr.cjis.gov/LATEST/webapp/#/pages/explorer/crime/crime-trend,"FBI Crime Data Explorer, Rape (NIBRS offense 11A), state summarized monthly rates summed to annual",2026-10-02
NH,2020,19.1,https://cde.ucr.cjis.gov/LATEST/webapp/#/pages/explorer/crime/crime-trend,"FBI Crime Data Explorer, Rape (NIBRS offense 11A), state summarized monthly rates summed to annual",2026-10-02
NH,2021,15.1,https://cde.ucr.cjis.gov/LATEST/webapp/#/pages/explorer/crime/crime-trend,"FBI Crime Data Explorer, Rape (NIBRS offense 11A), state summarized monthly rates summed to annual",2026-10-02
NH,2022,16.1,https://cde.ucr.cjis.gov/LATEST/webapp/#/pages/explorer/crime/crime-trend,"FBI Crime Data Explorer, Rape (NIBRS offense 11A), state summarized monthly rates summed to annual",2026-10-02
NH,2023,17.8,https://cde.ucr.cjis.gov/LATEST/webapp/#/pages/explorer/crime/crime-trend,"FBI Crime Data Explorer, Rape (NIBRS offense 11A), state summarized monthly rates summed to annual",2026-10-02
NJ,2014,31.2,https://cde.ucr.cjis.gov/LATEST/webapp/#/pages/explorer/crime/crime-trend,"FBI Crime Data Explorer, Rape (NIBRS offense 11A), state summarized monthly rates summed to annual",2026-10-02
NJ,2015,32.6,https://cde.ucr.cjis.gov/LATEST/webapp/#/pages/explorer/crime/crime-trend,"FBI Crime Data Explorer, Rape (NIBRS offense 11A), state summarized monthly rates summed to annual",2026-10-02
NJ,2016,34.0,https://cde.ucr.cjis.gov/LATEST/webapp/#/pages/explorer/crime/crime-trend,"FBI Crime Data Explorer, Rape (NIBRS offense 11A), state summarized monthly rates summed to annual",2026-10-02
NJ,2017,29.2,https://cde.ucr.cjis.gov/LATEST/webapp/#/pages/explorer/crime/crime-trend,"FBI Crime Data Explorer, Rape (NIBRS offense 11A), state summarized monthly rates summed to annual",2026-10-02
NJ,2018,27.4,https://cde.ucr.cjis.gov/LATEST/webapp/#/pages/explorer/crime/crime-trend,"FBI Crime Data Explorer, Rape (NIBRS offense 11A), state summarized monthly rates summed to annual",2026-10-02
NJ,2019,26.9,https://cde.ucr.cjis.gov/LATEST/webapp/#/pages/explorer/crime/crime-trend,"FBI Crime Data Explorer, Rape (NIBRS offense 11A), state summarized monthly rates summed to annual",2026-10-02
NJ,2020,28.4,https://cde.ucr.cjis.gov/LATEST/webapp/#/pages/explorer/crime/crime-trend,"FBI Crime Data Explorer, Rape (NIBRS offense 11A), state summarized monthly rates summed to annual",2026-10-02
NJ,2021,25.3,https://cde.ucr.cjis.gov/LATEST/webapp/#/pages/explorer/crime/crime-trend,"FBI Crime Data Explorer, Rape (NIBRS offense 11A), state summarized monthly rates summed to annual",2026-10-02
NJ,2022,20.0,https://cde.ucr.cjis.gov/LATEST/webapp/#/pages/explorer/crime/crime-trend,"FBI Crime Data Explorer, Rape (NIBRS offense 11A), state summarized monthly rates summed to annual",2026-10-02
NJ,2023,20.3,https://cde.ucr.cjis.gov/LATEST/webapp/#/pages/explorer/crime/crime-trend,"FBI Crime Data Explorer, Rape (NIBRS offense 11A), state summarized monthly rates summed to annual",2026-10-02
NM,2014,35.9,https://cde.ucr.cjis.gov/LATEST/webapp/#/pages/explorer/crime/crime-trend,"FBI Crime Data Explorer, Rape (NIBRS offense 11A), state summarized monthly rates summed to annual",2026-10-02
NM,2015,28.5,https://cde.ucr.cjis.gov/LATEST/webapp/#/pages/explorer/crime/crime-trend,"FBI Crime Data Explorer, Rape (NIBRS offense 11A), state summarized monthly rates summed to annual",2026-10-02
NM,2016,27.6,https://cde.ucr.cjis.gov/LATEST/webapp/#/pages/explorer/crime/crime-trend,"FBI Crime Data Explorer, Rape (NIBRS offense 11A), state summarized monthly rates summed to annual",2026-10-02
NM,2017,31.4,https://cde.ucr.cjis.gov/LATEST/webapp/#/pages/explorer/crime/crime-trend,"FBI Crime Data Explorer, Rape (NIBRS offense 11A), state summarized monthly rates summed to annual",2026-10-02
NM,2018,14.1,https://cde.ucr.cjis.gov/LATEST/webapp/#/pages/explorer/crime/crime-trend,"FBI Crime Data Explorer, Rape (NIBRS offense 11A), state summarized monthly rates summed to annual",2026-10-02
NM,2019,12.8,https://cde.ucr.cjis.gov/LATEST/webapp/#/pages/explorer/crime/crime-trend,"FBI Crime Data Explorer, Rape (NIBRS offense 11A), state summarized monthly rates summed to annual",2026-10-02
NM,2020,11.3,https://cde.ucr.cjis.gov/LATEST/webapp/#/pages/explorer/crime/crime-trend,"FBI Crime Data Explorer, Rape (NIBRS offense 11A), state summarized monthly rates summed to annual",2026-10-02
NM,2021,10.3,https://cde.ucr.cjis.gov/LATEST/webapp/#/pages/explorer/crime/crime-trend,"FBI Crime Data Explorer, Rape (NIBRS offense 11A), state summarized monthly rates summed to annual",2026-10-02
NM,2022,7.2,https://cde.ucr.cjis.gov/LATEST/webapp/#/pages/explorer/crime/crime-trend,"FBI Crime Data Explorer, Rape (NIBRS offense 11A), state summarized monthly rates summed to annual",2026-10-02
NM,2023,9.0,https://cde.ucr.cjis.gov/LATEST/webapp/#/pages/explorer/crime/crime-trend,"FBI Crime Data Explorer, Rape (NIBRS offense 11A), state summarized monthly rates summed to annual",2026-10-02
NY,2014,42.8,https://cde.ucr.cjis.gov/LATEST/webapp/#/pages/explorer/crime/crime-trend,"FBI Crime Data Explorer, Rape (NIBRS offense 11A), state summarized monthly rates summed to annual",2026-10-02
NY,2015,43.8,https://cde.ucr.cjis.gov/LATEST/webapp/#/pages/explorer/crime/crime-trend,"FBI Crime Data Explorer, Rape (NIBRS offense 11A), state summarized monthly rates summed to annual",2026-10-02
NY,2016,41.1,https://cde.ucr.cjis.gov/LATEST/webapp/#/pages/explorer/crime/crime-trend,"FBI Crime Data Explorer, Rape (NIBRS offense 11A), state summarized monthly rates summed to annual",2026-10-02
NY,2017,36.4,https://cde.ucr.cjis.gov/LATEST/webapp/#/pages/explorer/crime/crime-trend,"FBI Crime Data Explorer, Rape (NIBRS offense 11A), state summarized monthly rates summed to annual",2026-10-02
NY,2018,37.5,https://cde.ucr.cjis.gov/LATEST/webapp/#/pages/explorer/crime/crime-trend,"FBI Crime Data Explorer, Rape (NIBRS offense 11A), state summarized monthly rates summed to annual",2026-10-02
NY,2019,39.3,https://cde.ucr.cjis.gov/LATEST/webapp/#/pages/explorer/crime/crime-trend,"FBI Crime Data Explorer, Rape (NIBRS offense 11A), state summarized monthly rates summed to annual",2026-10-02
NY,2020,31.7,https://cde.ucr.cjis.gov/LATEST/webapp/#/pages/explorer/crime/crime-trend,"FBI Crime Data Explorer, Rape (NIBRS offense 11A), state summarized monthly rates summed to annual",2026-10-02
NY,2021,22.0,https://cde.ucr.cjis.gov/LATEST/webapp/#/pages/explorer/crime/crime-trend,"FBI Crime Data Explorer, Rape (NIBRS offense 11A), state summarized monthly rates summed to annual",2026-10-02
NY,2022,10.6,https://cde.ucr.cjis.gov/LATEST/webapp/#/pages/explorer/crime/crime-trend,"FBI Crime Data Explorer, Rape (NIBRS offense 11A), state summarized monthly rates summed to annual",2026-10-02
NY,2023,26.3,https://cde.ucr.cjis.gov/LATEST/webapp/#/pages/explorer/crime/crime-trend,"FBI Crime Data Explorer, Rape (NIBRS offense 11A), state summarized monthly rates summed to annual",2026-10-02
NC,2014,36.5,https://cde.ucr.cjis.gov/LATEST/webapp/#/pages/explorer/crime/crime-trend,"FBI Crime Data Explorer, Rape (NIBRS offense 11A), state summarized monthly rates summed to annual",2026-10-02
NC,2015,35.8,https://cde.ucr.cjis.gov/LATEST/webapp/#/pages/explorer/crime/crime-trend,"FBI Crime Data Explorer, Rape (NIBRS offense 11A), state summarized monthly rates summed to annual",2026-10-02
NC,2016,35.0,https://cde.ucr.cjis.gov/LATEST/webapp/#/pages/explorer/crime/crime-trend,"FBI Crime Data Explorer, Rape (NIBRS offense 11A), state summarized monthly rates summed to annual",2026-10-02
NC,2017,32.5,https://cde.ucr.cjis.gov/LATEST/webapp/#/pages/explorer/crime/crime-trend,"FBI Crime Data Explorer, Rape (NIBRS offense 11A), state summarized monthly rates summed to annual",2026-10-02
NC,2018,31.1,https://cde.ucr.cjis.gov/LATEST/webapp/#/pages/explorer/crime/crime-trend,"FBI Crime Data Explorer, Rape (NIBRS offense 11A), state summarized monthly rates summed to annual",2026-10-02
NC,2019,30.6,https://cde.ucr.cjis.gov/LATEST/webapp/#/pages/explorer/crime/crime-trend,"FBI Crime Data Explorer, Rape (NIBRS offense 11A), state summarized monthly rates summed to annual",2026-10-02
NC,2020,29.1,https://cde.ucr.cjis.gov/LATEST/webapp/#/pages/explorer/crime/crime-trend,"FBI Crime Data Explorer, Rape (NIBRS offense 11A), state summarized monthly rates summed to annual",2026-10-02
NC,2021,25.4,https://cde.ucr.cjis.gov/LATEST/webapp/#/pages/explorer/crime/crime-trend,"FBI Crime Data Explorer, Rape (NIBRS offense 11A), state summarized monthly rates summed to annual",2026-10-02
NC,2022,26.0,https://cde.ucr.cjis.gov/LATEST/webapp/#/pages/explorer/crime/crime-trend,"FBI Crime Data Explorer, Rape (NIBRS offense 11A), state summarized monthly rates summed to annual",2026-10-02
NC,2023,26.6,https://cde.ucr.cjis.gov/LATEST/webapp/#/pages/explorer/crime/crime-trend,"FBI Crime Data Explorer, Rape (NIBRS offense 11A), state summarized monthly rates summed to annual",2026-10-02
ND,2014,30.4,https://cde.ucr.cjis.gov/LATEST/webapp/#/pages/explorer/crime/crime-trend,"FBI Crime Data Explorer, Rape (NIBRS offense 11A), state summarized monthly rates summed to annual",2026-10-02
ND,2015,28.6,https://cde.ucr.cjis.gov/LATEST/webapp/#/pages/explorer/crime/crime-trend,"FBI Crime Data Explorer, Rape (NIBRS offense 11A), state summarized monthly rates summed to annual",2026-10-02
ND,2016,24.7,https://cde.ucr.cjis.gov/LATEST/webapp/#/pages/explorer/crime/crime-trend,"FBI Crime Data Explorer, Rape (NIBRS offense 11A), state summarized monthly rates summed to annual",2026-10-02
ND,2017,26.3,https://cde.ucr.cjis.gov/LATEST/webapp/#/pages/explorer/crime/crime-trend,"FBI Crime Data Explorer, Rape (NIBRS offense 11A), state summarized monthly rates summed to annual",2026-10-02
ND,2018,25.6,https://cde.ucr.cjis.gov/LATEST/webapp/#/pages/explorer/crime/crime-trend,"FBI Crime Data Explorer, Rape (NIBRS offense 11A), state summarized monthly rates summed to annual",2026-10-02
ND,2019,27.1,https://cde.ucr.cjis.gov/LATEST/webapp/#/pages/explorer/crime/crime-trend,"FBI Crime Data Explorer, Rape (NIBRS offense 11A), state summarized monthly rates summed to annual",2026-10-02
ND,2020,28.0,https://cde.ucr.cjis.gov/LATEST/webapp/#/pages/explorer/crime/crime-trend,"FBI Crime Data Explorer, Rape (NIBRS offense 11A), state summarized monthly rates summed to annual",2026-10-02
ND,2021,24.7,https://cde.ucr.cjis.gov/LATEST/webapp/#/pages/explorer/crime/crime-trend,"FBI Crime Data Explorer, Rape (NIBRS offense 11A), state summarized monthly rates summed to annual",2026-10-02
ND,2022,23.3,https://cde.ucr.cjis.gov/LATEST/webapp/#/pages/explorer/crime/crime-trend,"FBI Crime Data Explorer, Rape (NIBRS offense 11A), state summarized monthly rates summed to annual",2026-10-02
ND,2023,32.4,https://cde.ucr.cjis.gov/LATEST/webapp/#/pages/explorer/crime/crime-trend,"FBI Crime Data Explorer, Rape (NIBRS offense 11A), state summarized monthly rates summed to annual",2026-10-02
OH,2014,22.8,https://cde.ucr.cjis.gov/LATEST/webapp/#/pages/explorer/crime/crime-trend,"FBI Crime Data Explorer, Rape (NIBRS offense 11A), state summarized monthly rates summed to annual",2026-10-02
OH,2015,18.9,https://cde.ucr.cjis.gov/LATEST/webapp/#/pages/explorer/crime/crime-trend,"FBI Crime Data Explorer, Rape (NIBRS offense 11A), state summarized monthly rates summed to annual",2026-10-02
OH,2016,20.0,https://cde.ucr.cjis.gov/LATEST/webapp/#/pages/explorer/crime/crime-trend,"FBI Crime Data Explorer, Rape (NIBRS offense 11A), state summarized monthly rates summed to annual",2026-10-02
OH,2017,15.6,https://cde.ucr.cjis.gov/LATEST/webapp/#/pages/explorer/crime/crime-trend,"FBI Crime Data Explorer, Rape (NIBRS offense 11A), state summarized monthly rates summed to annual",2026-10-02
OH,2018,16.4,https://cde.ucr.cjis.gov/LATEST/webapp/#/pages/explorer/crime/crime-trend,"FBI Crime Data Explorer, Rape (NIBRS offense 11A), state summarized monthly rates summed to annual",2026-10-02
OH,2019,14.8,https://cde.ucr.cjis.gov/LATEST/webapp/#/pages/explorer/crime/crime-trend,"FBI Crime Data Explorer, Rape (NIBRS offense 11A), state summarized monthly rates summed to annual",2026-10-02
OH,2020,14.7,https://cde.ucr.cjis.gov/LATEST/webapp/#/pages/explorer/crime/crime-trend,"FBI Crime Data Explorer, Rape (NIBRS offense 11A), state summarized monthly rates summed to annual",2026-10-02
OH,2021,12.4,https://cde.ucr.cjis.gov/LATEST/webapp/#/pages/explorer/crime/crime-trend,"FBI Crime Data Explorer, Rape (NIBRS offense 11A), state summarized monthly rates summed to annual",2026-10-02
OH,2022,13.3,https://cde.ucr.cjis.gov/LATEST/webapp/#/pages/explorer/crime/crime-trend,"FBI Crime Data Explorer, Rape (NIBRS offense 11A), state summarized monthly rates summed to annual",2026-10-02
OH,2023,13.0,https://cde.ucr.cjis.gov/LATEST/webapp/#/pages/explorer/crime/crime-trend,"FBI Crime Data Explorer, Rape (NIBRS offense 11A), state summarized monthly rates summed to annual",2026-10-02
OK,2014,31.3,https://cde.ucr.cjis.gov/LATEST/webapp/#/pages/explorer/crime/crime-trend,"FBI Crime Data Explorer, Rape (NIBRS offense 11A), state summarized monthly rates summed to annual",2026-10-02
OK,2015,31.2,https://cde.ucr.cjis.gov/LATEST/webapp/#/pages/explorer/crime/crime-trend,"FBI Crime Data Explorer, Rape (NIBRS offense 11A), state summarized monthly rates summed to annual",2026-10-02
OK,2016,30.0,https://cde.ucr.cjis.gov/LATEST/webapp/#/pages/explorer/crime/crime-trend,"FBI Crime Data Explorer, Rape (NIBRS offense 11A), state summarized monthly rates summed to annual",2026-10-02
OK,2017,26.4,https://cde.ucr.cjis.gov/LATEST/webapp/#/pages/explorer/crime/crime-trend,"FBI Crime Data Explorer, Rape (NIBRS offense 11A), state summarized monthly rates summed to annual",2026-10-02
OK,2018,22.3,https://cde.ucr.cjis.gov/LATEST/webapp/#/pages/explorer/crime/crime-trend,"FBI Crime Data Explorer, Rape (NIBRS offense 11A), state summarized monthly rates summed to annual",2026-10-02
OK,2019,17.4,https://cde.ucr.cjis.gov/LATEST/webapp/#/pages/explorer/crime/crime-trend,"FBI Crime Data Explorer, Rape (NIBRS offense 11A), state summarized monthly rates summed to annual",2026-10-02
OK,2020,16.9,https://cde.ucr.cjis.gov/LATEST/webapp/#/pages/explorer/crime/crime-trend,"FBI Crime Data Explorer, Rape (NIBRS offense 11A), state summarized monthly rates summed to annual",2026-10-02
OK,2021,12.9,https://cde.ucr.cjis.gov/LATEST/webapp/#/pages/explorer/crime/crime-trend,"FBI Crime Data Explorer, Rape (NIBRS offense 11A), state summarized monthly rates summed to annual",2026-10-02
OK,2022,14.6,https://cde.ucr.cjis.gov/LATEST/webapp/#/pages/explorer/crime/crime-trend,"FBI Crime Data Explorer, Rape (NIBRS offense 11A), state summarized monthly rates summed to annual",2026-10-02
OK,2023,15.7,https://cde.ucr.cjis.gov/LATEST/webapp/#/pages/explorer/crime/crime-trend,"FBI Crime Data Explorer, Rape (NIBRS offense 11A), state summarized monthly rates summed to annual",2026-10-02
OR,2014,22.2,https://cde.ucr.cjis.gov/LATEST/webapp/#/pages/explorer/crime/crime-trend,"FBI Crime Data Explorer, Rape (NIBRS offense 11A), state summarized monthly rates summed to annual",2026-10-02
OR,2015,26.5,https://cde.ucr.cjis.gov/LATEST/webapp/#/pages/explorer/crime/crime-trend,"FBI Crime Data Explorer, Rape (NIBRS offense 11A), state summarized monthly rates summed to annual",2026-10-02
OR,2016,20.5,https://cde.ucr.cjis.gov/LATEST/webapp/#/pages/explorer/crime/crime-trend,"FBI Crime Data Explorer, Rape (NIBRS offense 11A), state summarized monthly rates summed to annual",2026-10-02
OR,2017,19.6,https://cde.ucr.cjis.gov/LATEST/webapp/#/pages/explorer/crime/crime-trend,"FBI Crime Data Explorer, Rape (NIBRS offense 11A), state summarized monthly rates summed to annual",2026-10-02
OR,2018,20.1,https://cde.ucr.cjis.gov/LATEST/webapp/#/pages/explorer/crime/crime-trend,"FBI Crime Data Explorer, Rape (NIBRS offense 11A), state summarized monthly rates summed to annual",2026-10-02
OR,2019,24.3,https://cde.ucr.cjis.gov/LATEST/webapp/#/pages/explorer/crime/crime-trend,"FBI Crime Data Explorer, Rape (NIBRS offense 11A), state summarized monthly rates summed to annual",2026-10-02
OR,2020,23.6,https://cde.ucr.cjis.gov/LATEST/webapp/#/pages/explorer/crime/crime-trend,"FBI Crime Data Explorer, Rape (NIBRS offense 11A), state summarized monthly rates summed to annual",2026-10-02
OR,2021,20.4,https://cde.ucr.cjis.gov/LATEST/webapp/#/pages/explorer/crime/crime-trend,"FBI Crime Data Explorer, Rape (NIBRS offense 11A), state summarized monthly rates summed to annual",2026-10-02
OR,2022,18.8,https://cde.ucr.cjis.gov/LATEST/webapp/#/pages/explorer/crime/crime-trend,"FBI Crime Data Explorer, Rape (NIBRS offense 11A), state summarized monthly rates summed to annual",2026-10-02
OR,2023,18.7,https://cde.ucr.cjis.gov/LATEST/webapp/#/pages/explorer/crime/crime-trend,"FBI Crime Data Explorer, Rape (NIBRS offense 11A), state summarized monthly rates summed to annual",2026-10-02
PA,2014,57.1,https://cde.ucr.cjis.gov/LATEST/webapp/#/pages/explorer/crime/crime-trend,"FBI Crime Data Explorer, Rape (NIBRS offense 11A), state summarized monthly rates summed to annual",2026-10-02
PA,2015,58.3,https://cde.ucr.cjis.gov/LATEST/webapp/#/pages/explorer/crime/crime-trend,"FBI Crime Data Explorer, Rape (NIBRS offense 11A), state summarized monthly rates summed to annual",2026-10-02
PA,2016,55.0,https://cde.ucr.cjis.gov/LATEST/webapp/#/pages/explorer/crime/crime-trend,"FBI Crime Data Explorer, Rape (NIBRS offense 11A), state summarized monthly rates summed to annual",2026-10-02
PA,2017,51.7,https://cde.ucr.cjis.gov/LATEST/webapp/#/pages/explorer/crime/crime-trend,"FBI Crime Data Explorer, Rape (NIBRS offense 11A), state summarized monthly rates summed to annual",2026-10-02
PA,2018,49.1,https://cde.ucr.cjis.gov/LATEST/webapp/#/pages/explorer/crime/crime-trend,"FBI Crime Data Explorer, Rape (NIBRS offense 11A), state summarized monthly rates summed to annual",2026-10-02
PA,2019,49.4,https://cde.ucr.cjis.gov/LATEST/webapp/#/pages/explorer/crime/crime-trend,"FBI Crime Data Explorer, Rape (NIBRS offense 11A), state summarized monthly rates summed to annual",2026-10-02
PA,2020,47.8,https://cde.ucr.cjis.gov/LATEST/webapp/#/pages/explorer/crime/crime-trend,"FBI Crime Data Explorer, Rape (NIBRS offense 11A), state summarized monthly rates summed to annual",2026-10-02
PA,2021,29.3,https://cde.ucr.cjis.gov/LATEST/webapp/#/pages/explorer/crime/crime-trend,"FBI Crime Data Explorer, Rape (NIBRS offense 11A), state summarized monthly rates summed to annual",2026-10-02
PA,2022,36.2,https://cde.ucr.cjis.gov/LATEST/webapp/#/pages/explorer/crime/crime-trend,"FBI Crime Data Explorer, Rape (NIBRS offense 11A), state summarized monthly rates summed to annual",2026-10-02
PA,2023,39.7,https://cde.ucr.cjis.gov/LATEST/webapp/#/pages/explorer/crime/crime-trend,"FBI Crime Data Explorer, Rape (NIBRS offense 11A), state summarized monthly rates summed to annual",2026-10-02
RI,2014,21.5,https://cde.ucr.cjis.gov/LATEST/webapp/#/pages/explorer/crime/crime-trend,"FBI Crime Data Explorer, Rape (NIBRS offense 11A), state summarized monthly rates summed to annual",2026-10-02
RI,2015,26.1,https://cde.ucr.cjis.gov/LATEST/webapp/#/pages/explorer/crime/crime-trend,"FBI Crime Data Explorer, Rape (NIBRS offense 11A), state summarized monthly rates summed to annual",2026-10-02
RI,2016,25.0,https://cde.ucr.cjis.gov/LATEST/webapp/#/pages/explorer/crime/crime-trend,"FBI Crime Data Explorer, Rape (NIBRS offense 11A), state summarized monthly rates summed to annual",2026-10-02
RI,2017,20.7,https://cde.ucr.cjis.gov/LATEST/webapp/#/pages/explorer/crime/crime-trend,"FBI Crime Data Explorer, Rape (NIBRS offense 11A), state summarized monthly rates summed to annual",2026-10-02
RI,2018,19.3,https://cde.ucr.cjis.gov/LATEST/webapp/#/pages/explorer/crime/crime-trend,"FBI Crime Data Explorer, Rape (NIBRS offense 11A), state summarized monthly rates summed to annual",2026-10-02
RI,2019,25.8,https://cde.ucr.cjis.gov/LATEST/webapp/#/pages/explorer/crime/crime-trend,"FBI Crime Data Explorer, Rape (NIBRS offense 11A), state summarized monthly rates summed to annual",2026-10-02
RI,2020,22.4,https://cde.ucr.cjis.gov/LATEST/webapp/#/pages/explorer/crime/crime-trend,"FBI Crime Data Explorer, Rape (NIBRS offense 11A), state summarized monthly rates summed to annual",2026-10-02
RI,2021,22.9,https://cde.ucr.cjis.gov/LATEST/webapp/#/pages/explorer/crime/crime-trend,"FBI Crime Data Explorer, Rape (NIBRS offense 11A), state summarized monthly rates summed to annual",2026-10-02
RI,2022,29.1,https://cde.ucr.cjis.gov/LATEST/webapp/#/pages/explorer/crime/crime-trend,"FBI Crime Data Explorer, Rape (NIBRS offense 11A), state summarized monthly rates summed to annual",2026-10-02
RI,2023,23.5,https://cde.ucr.cjis.gov/LATEST/webapp/#/pages/explorer/crime/crime-trend,"FBI Crime Data Explorer, Rape (NIBRS offense 11A), state summarized monthly rates summed to annual",2026-10-02
SC,2014,36.5,https://cde.ucr.cjis.gov/LATEST/webapp/#/pages/explorer/crime/crime-trend,"FBI Crime Data Explorer, Rape (NIBRS offense 11A), state summarized monthly rates summed to annual",2026-10-02
SC,2015,35.8,https://cde.ucr.cjis.gov/LATEST/webapp/#/pages/explorer/crime/crime-trend,"FBI Crime Data Explorer, Rape (NIBRS offense 11A), state summarized monthly rates summed to annual",2026-10-02
SC,2016,35.0,https://cde.ucr.cjis.gov/LATEST/webapp/#/pages/explorer/crime/crime-trend,"FBI Crime Data Explorer, Rape (NIBRS offense 11A), state summarized monthly rates summed to annual",2026-10-02
SC,2017,32.5,https://cde.ucr.cjis.gov/LATEST/webapp/#/pages/explorer/crime/crime-trend,"FBI Crime Data Explorer, Rape (NIBRS offense 11A), state summarized monthly rates summed to annual",2026-10-02
SC,2018,31.1,https://cde.ucr.cjis.gov/LATEST/webapp/#/pages/explorer/crime/crime-trend,"FBI Crime Data Explorer, Rape (NIBRS offense 11A), state summarized monthly rates summed to annual",2026-10-02
SC,2019,30.6,https://cde.ucr.cjis.gov/LATEST/webapp/#/pages/explorer/crime/crime-trend,"FBI Crime Data Explorer, Rape (NIBRS offense 11A), state summarized monthly rates summed to annual",2026-10-02
SC,2020,29.1,https://cde.ucr.cjis.gov/LATEST/webapp/#/pages/explorer/crime/crime-trend,"FBI Crime Data Explorer, Rape (NIBRS offense 11A), state summarized monthly rates summed to annual",2026-10-02
SC,2021,25.4,https://cde.ucr.cjis.gov/LATEST/webapp/#/pages/explorer/crime/crime-trend,"FBI Crime Data Explorer, Rape (NIBRS offense 11A), state summarized monthly rates summed to annual",2026-10-02
SC,2022,26.0,https://cde.ucr.cjis.gov/LATEST/webapp/#/pages/explorer/crime/crime-trend,"FBI Crime Data Explorer, Rape (NIBRS offense 11A), state summarized monthly rates summed to annual",2026-10-02
SC,2023,26.6,https://cde.ucr.cjis.gov/LATEST/webapp/#/pages/explorer/crime/crime-trend,"FBI Crime Data Explorer, Rape (NIBRS offense 11A), state summarized monthly rates summed to annual",2026-10-02
SD,2014,28.6,https://cde.ucr.cjis.gov/LATEST/webapp/#/pages/explorer/crime/crime-trend,"FBI Crime Data Explorer, Rape (NIBRS offense 11A), state summarized monthly rates summed to annual",2026-10-02
SD,2015,31.8,https://cde.ucr.cjis.gov/LATEST/webapp/#/pages/explorer/crime/crime-trend,"FBI Crime Data Explorer, Rape (NIBRS offense 11A), state summarized monthly rates summed to annual",2026-10-02
SD,2016,25.8,https://cde.ucr.cjis.gov/LATEST/webapp/#/pages/explorer/crime/crime-trend,"FBI Crime Data Explorer, Rape (NIBRS offense 11A), state summarized monthly rates summed to annual",2026-10-02
SD,2017,24.5,https://cde.ucr.cjis.gov/LATEST/webapp/#/pages/explorer/crime/crime-trend,"FBI Crime Data Explorer, Rape (NIBRS offense 11A), state summarized monthly rates summed to annual",2026-10-02
SD,2018,22.9,https://cde.ucr.cjis.gov/LATEST/webapp/#/pages/explorer/crime/crime-trend,"FBI Crime Data Explorer, Rape (NIBRS offense 11A), state summarized monthly rates summed to annual",2026-10-02
SD,2019,19.8,https://cde.ucr.cjis.gov/LATEST/webapp/#/pages/explorer/crime/crime-trend,"FBI Crime Data Explorer, Rape (NIBRS offense 11A), state summarized monthly rates summed to annual",2026-10-02
SD,2020,16.5,https://cde.ucr.cjis.gov/LATEST/webapp/#/pages/explorer/crime/crime-trend,"FBI Crime Data Explorer, Rape (NIBRS offense 11A), state summarized monthly rates summed to annual",2026-10-02
SD,2021,20.8,https://cde.ucr.cjis.gov/LATEST/webapp/#/pages/explorer/crime/crime-trend,"FBI Crime Data Explorer, Rape (NIBRS offense 11A), state summarized monthly rates summed to annual",2026-10-02
SD,2022,20.8,https://cde.ucr.cjis.gov/LATEST/webapp/#/pages/explorer/crime/crime-trend,"FBI Crime Data Explorer, Rape (NIBRS offense 11A), state summarized monthly rates summed to annual",2026-10-02
SD,2023,24.2,https://cde.ucr.cjis.gov/LATEST/webapp/#/pages/explorer/crime/crime-trend,"FBI Crime Data Explorer, Rape (NIBRS offense 11A), state summarized monthly rates summed to annual",2026-10-02
TN,2014,34.9,https://cde.ucr.cjis.gov/LATEST/webapp/#/pages/explorer/crime/crime-trend,"FBI Crime Data Explorer, Rape (NIBRS offense 11A), state summarized monthly rates summed to annual",2026-10-02
TN,2015,34.0,https://cde.ucr.cjis.gov/LATEST/webapp/#/pages/explorer/crime/crime-trend,"FBI Crime Data Explorer, Rape (NIBRS offense 11A), state summarized monthly rates summed to annual",2026-10-02
TN,2016,31.3,https://cde.ucr.cjis.gov/LATEST/webapp/#/pages/explorer/crime/crime-trend,"FBI Crime Data Explorer, Rape (NIBRS offense 11A), state summarized monthly rates summed to annual",2026-10-02
TN,2017,37.0,https://cde.ucr.cjis.gov/LATEST/webapp/#/pages/explorer/crime/crime-trend,"FBI Crime Data Explorer, Rape (NIBRS offense 11A), state summarized monthly rates summed to annual",2026-10-02
TN,2018,35.7,https://cde.ucr.cjis.gov/LATEST/webapp/#/pages/explorer/crime/crime-trend,"FBI Crime Data Explorer, Rape (NIBRS offense 11A), state summarized monthly rates summed to annual",2026-10-02
TN,2019,39.3,https://cde.ucr.cjis.gov/LATEST/webapp/#/pages/explorer/crime/crime-trend,"FBI Crime Data Explorer, Rape (NIBRS offense 11A), state summarized monthly rates summed to annual",2026-10-02
TN,2020,33.3,https://cde.ucr.cjis.gov/LATEST/webapp/#/pages/explorer/crime/crime-trend,"FBI Crime Data Explorer, Rape (NIBRS offense 11A), state summarized monthly rates summed to annual",2026-10-02
TN,2021,31.7,https://cde.ucr.cjis.gov/LATEST/webapp/#/pages/explorer/crime/crime-trend,"FBI Crime Data Explorer, Rape (NIBRS offense 11A), state summarized monthly rates summed to annual",2026-10-02
TN,2022,30.1,https://cde.ucr.cjis.gov/LATEST/webapp/#/pages/explorer/crime/crime-trend,"FBI Crime Data Explorer, Rape (NIBRS offense 11A), state summarized monthly rates summed to annual",2026-10-02
TN,2023,30.5,https://cde.ucr.cjis.gov/LATEST/webapp/#/pages/explorer/crime/crime-trend,"FBI Crime Data Explorer, Rape (NIBRS offense 11A), state summarized monthly rates summed to annual",2026-10-02
TX,2014,36.1,https://cde.ucr.cjis.gov/LATEST/webapp/#/pages/explorer/crime/crime-trend,"FBI Crime Data Explorer, Rape (NIBRS offense 11A), state summarized monthly rates summed to annual",2026-10-02
TX,2015,39.6,https://cde.ucr.cjis.gov/LATEST/webapp/#/pages/explorer/crime/crime-trend,"FBI Crime Data Explorer, Rape (NIBRS offense 11A), state summarized monthly rates summed to annual",2026-10-02
TX,2016,38.1,https://cde.ucr.cjis.gov/LATEST/webapp/#/pages/explorer/crime/crime-trend,"FBI Crime Data Explorer, Rape (NIBRS offense 11A), state summarized monthly rates summed to annual",2026-10-02
TX,2017,35.3,https://cde.ucr.cjis.gov/LATEST/webapp/#/pages/explorer/crime/crime-trend,"FBI Crime Data Explorer, Rape (NIBRS offense 11A), state summarized monthly rates summed to annual",2026-10-02
TX,2018,28.2,https://cde.ucr.cjis.gov/LATEST/webapp/#/pages/explorer/crime/crime-trend,"FBI Crime Data Explorer, Rape (NIBRS offense 11A), state summarized monthly rates summed to annual",2026-10-02
TX,2019,24.3,https://cde.ucr.cjis.gov/LATEST/webapp/#/pages/explorer/crime/crime-trend,"FBI Crime Data Explorer, Rape (NIBRS offense 11A), state summarized monthly rates summed to annual",2026-10-02
TX,2020,21.9,https://cde.ucr.cjis.gov/LATEST/webapp/#/pages/explorer/crime/crime-trend,"FBI Crime Data Explorer, Rape (NIBRS offense 11A), state summarized monthly rates summed to annual",2026-10-02
TX,2021,20.0,https://cde.ucr.cjis.gov/LATEST/webapp/#/pages/explorer/crime/crime-trend,"FBI Crime Data Explorer, Rape (NIBRS offense 11A), state summarized monthly rates summed to annual",2026-10-02
TX,2022,20.3,https://cde.ucr.cjis.gov/LATEST/webapp/#/pages/explorer/crime/crime-trend,"FBI Crime Data Explorer, Rape (NIBRS offense 11A), state summarized monthly rates summed to annual",2026-10-02
TX,2023,19.5,https://cde.ucr.cjis.gov/LATEST/webapp/#/pages/explorer/crime/crime-trend,"FBI Crime Data Explorer, Rape (NIBRS offense 11A), state summarized monthly rates summed to annual",2026-10-02
UT,2014,35.0,https://cde.ucr.cjis.gov/LATEST/webapp/#/pages/explorer/crime/crime-trend,"FBI Crime Data Explorer, Rape (NIBRS offense 11A), state summarized monthly rates summed to annual",2026-10-02
UT,2015,30.5,https://cde.ucr.cjis.gov/LATEST/webapp/#/pages/explorer/crime/crime-trend,"FBI Crime Data Explorer, Rape (NIBRS offense 11A), state summarized monthly rates summed to annual",2026-10-02
UT,2016,30.8,https://cde.ucr.cjis.gov/LATEST/webapp/#/pages/explorer/crime/crime-trend,"FBI Crime Data Explorer, Rape (NIBRS offense 11A), state summarized monthly rates summed to annual",2026-10-02
UT,2017,27.5,https://cde.ucr.cjis.gov/LATEST/webapp/#/pages/explorer/crime/crime-trend,"FBI Crime Data Explorer, Rape (NIBRS offense 11A), state summarized monthly rates summed to annual",2026-10-02
UT,2018,32.4,https://cde.ucr.cjis.gov/LATEST/webapp/#/pages/explorer/crime/crime-trend,"FBI Crime Data Explorer, Rape (NIBRS offense 11A), state summarized monthly rates summed to annual",2026-10-02
UT,2019,34.0,https://cde.ucr.cjis.gov/LATEST/webapp/#/pages/explorer/crime/crime-trend,"FBI Crime Data Explorer, Rape (NIBRS offense 11A), state summarized monthly rates summed to annual",2026-10-02
UT,2020,30.9,https://cde.ucr.cjis.gov/LATEST/webapp/#/pages/explorer/crime/crime-trend,"FBI Crime Data Explorer, Rape (NIBRS offense 11A), state summarized monthly rates summed to annual",2026-10-02
UT,2021,30.5,https://cde.ucr.cjis.gov/LATEST/webapp/#/pages/explorer/crime/crime-trend,"FBI Crime Data Explorer, Rape (NIBRS offense 11A), state summarized monthly rates summed to annual",2026-10-02
UT,2022,31.9,https://cde.ucr.cjis.gov/LATEST/webapp/#/pages/explorer/crime/crime-trend,"FBI Crime Data Explorer, Rape (NIBRS offense 11A), state summarized monthly rates summed to annual",2026-10-02
UT,2023,32.4,https://cde.ucr.cjis.gov/LATEST/webapp/#/pages/explorer/crime/crime-trend,"FBI Crime Data Explorer, Rape (NIBRS offense 11A), state summarized monthly rates summed to annual",2026-10-02
VT,2014,50.5,https://cde.ucr.cjis.gov/LATEST/webapp/#/pages/explorer/crime/crime-trend,"FBI Crime Data Explorer, Rape (NIBRS offense 11A), state summarized monthly rates summed to annual",2026-10-02
VT,2015,50.3,https://cde.ucr.cjis.gov/LATEST/webapp/#/pages/explorer/crime/crime-trend,"FBI Crime Data Explorer, Rape (NIBRS offense 11A), state summarized monthly rates summed to annual",2026-10-02
VT,2016,42.6,https://cde.ucr.cjis.gov/LATEST/webapp/#/pages/explorer/crime/crime-trend,"FBI Crime Data Explorer, Rape (NIBRS offense 11A), state summarized monthly rates summed to annual",2026-10-02
VT,2017,37.1,https://cde.ucr.cjis.gov/LATEST/webapp/#/pages/explorer/crime/crime-trend,"FBI Crime Data Explorer, Rape (NIBRS offense 11A), state summarized monthly rates summed to annual",2026-10-02
VT,2018,37.2,https://cde.ucr.cjis.gov/LATEST/webapp/#/pages/explorer/crime/crime-trend,"FBI Crime Data Explorer, Rape (NIBRS offense 11A), state summarized monthly rates summed to annual",2026-10-02
VT,2019,41.8,https://cde.ucr.cjis.gov/LATEST/webapp/#/pages/explorer/crime/crime-trend,"FBI Crime Data Explorer, Rape (NIBRS offense 11A), state summarized monthly rates summed to annual",2026-10-02
VT,2020,37.6,https://cde.ucr.cjis.gov/LATEST/webapp/#/pages/explorer/crime/crime-trend,"FBI Crime Data Explorer, Rape (NIBRS offense 11A), state summarized monthly rates summed to annual",2026-10-02
VT,2021,34.6,https://cde.ucr.cjis.gov/LATEST/webapp/#/pages/explorer/crime/crime-trend,"FBI Crime Data Explorer, Rape (NIBRS offense 11A), state summarized monthly rates summed to annual",2026-10-02
VT,2022,39.2,https://cde.ucr.cjis.gov/LATEST/webapp/#/pages/explorer/crime/crime-trend,"FBI Crime Data Explorer, Rape (NIBRS offense 11A), state summarized monthly rates summed to annual",2026-10-02
VT,2023,41.3,https://cde.ucr.cjis.gov/LATEST/webapp/#/pages/explorer/crime/crime-trend,"FBI Crime Data Explorer, Rape (NIBRS offense 11A), state summarized monthly rates summed to annual",2026-10-02
VA,2014,54.6,https://cde.ucr.cjis.gov/LATEST/webapp/#/pages/explorer/crime/crime-trend,"FBI Crime Data Explorer, Rape (NIBRS offense 11A), state summarized monthly rates summed to annual",2026-10-02
VA,2015,50.3,https://cde.ucr.cjis.gov/LATEST/webapp/#/pages/explorer/crime/crime-trend,"FBI Crime Data Explorer, Rape (NIBRS offense 11A), state summarized monthly rates summed to annual",2026-10-02
VA,2016,49.8,https://cde.ucr.cjis.gov/LATEST/webapp/#/pages/explorer/crime/crime-trend,"FBI Crime Data Explorer, Rape (NIBRS offense 11A), state summarized monthly rates summed to annual",2026-10-02
VA,2017,42.6,https://cde.ucr.cjis.gov/LATEST/webapp/#/pages/explorer/crime/crime-trend,"FBI Crime Data Explorer, Rape (NIBRS offense 11A), state summarized monthly rates summed to annual",2026-10-02
VA,2018,44.2,https://cde.ucr.cjis.gov/LATEST/webapp/#/pages/explorer/crime/crime-trend,"FBI Crime Data Explorer, Rape (NIBRS offense 11A), state summarized monthly rates summed to annual",2026-10-02
VA,2019,47.5,https://cde.ucr.cjis.gov/LATEST/webapp/#/pages/explorer/crime/crime-trend,"FBI Crime Data Explorer, Rape (NIBRS offense 11A), state summarized monthly rates summed to annual",2026-10-02
VA,2020,45.7,https://cde.ucr.cjis.gov/LATEST/webapp/#/pages/explorer/crime/crime-trend,"FBI Crime Data Explorer, Rape (NIBRS offense 11A), state summarized monthly rates summed to annual",2026-10-02
VA,2021,42.2,https://cde.ucr.cjis.gov/LATEST/webapp/#/pages/explorer/crime/crime-trend,"FBI Crime Data Explorer, Rape (NIBRS offense 11A), state summarized monthly rates summed to annual",2026-10-02
VA,2022,42.0,https://cde.ucr.cjis.gov/LATEST/webapp/#/pages/explorer/crime/crime-trend,"FBI Crime Data Explorer, Rape (NIBRS offense 11A), state summarized monthly rates summed to annual",2026-10-02
VA,2023,44.8,https://cde.ucr.cjis.gov/LATEST/webapp/#/pages/explorer/crime/crime-trend,"FBI Crime Data Explorer, Rape (NIBRS offense 11A), state summarized monthly rates summed to annual",2026-10-02
WA,2014,31.5,https://cde.ucr.cjis.gov/LATEST/webapp/#/pages/explorer/crime/crime-trend,"FBI Crime Data Explorer, Rape (NIBRS offense 11A), state summarized monthly rates summed to annual",2026-10-02
WA,2015,33.0,https://cde.ucr.cjis.gov/LATEST/webapp/#/pages/explorer/crime/crime-trend,"FBI Crime Data Explorer, Rape (NIBRS offense 11A), state summarized monthly rates summed to annual",2026-10-02
WA,2016,28.3,https://cde.ucr.cjis.gov/LATEST/webapp/#/pages/explorer/crime/crime-trend,"FBI Crime Data Explorer, Rape (NIBRS offense 11A), state summarized monthly rates summed to annual",2026-10-02
WA,2017,27.5,https://cde.ucr.cjis.gov/LATEST/webapp/#/pages/explorer/crime/crime-trend,"FBI Crime Data Explorer, Rape (NIBRS offense 11A), state summarized monthly rates summed to annual",2026-10-02
WA,2018,25.8,https://cde.ucr.cjis.gov/LATEST/webapp/#/pages/explorer/crime/crime-trend,"FBI Crime Data Explorer, Rape (NIBRS offense 11A), state summarized monthly rates summed to annual",2026-10-02
WA,2019,25.1,https://cde.ucr.cjis.gov/LATEST/webapp/#/pages/explorer/crime/crime-trend,"FBI Crime Data Explorer, Rape (NIBRS offense 11A), state summarized monthly rates summed to annual",2026-10-02
WA,2020,28.1,https://cde.ucr.cjis.gov/LATEST/webapp/#/pages/explorer/crime/crime-trend,"FBI Crime Data Explorer, Rape (NIBRS offense 11A), state summarized monthly rates summed to annual",2026-10-02
WA,2021,24.8,https://cde.ucr.cjis.gov/LATEST/webapp/#/pages/explorer/crime/crime-trend,"FBI Crime Data Explorer, Rape (NIBRS offense 11A), state summarized monthly rates summed to annual",2026-10-02
WA,2022,26.7,https://cde.ucr.cjis.gov/LATEST/webapp/#/pages/explorer/crime/crime-trend,"FBI Crime Data Explorer, Rape (NIBRS offense 11A), state summarized monthly rates summed to annual",2026-10-02
WA,2023,23.1,https://cde.ucr.cjis.gov/LATEST/webapp/#/pages/explorer/crime/crime-trend,"FBI Crime Data Explorer, Rape (NIBRS offense 11A), state summarized monthly rates summed to annual",2026-10-02
WV,2014,36.5,https://cde.ucr.cjis.gov/LATEST/webapp/#/pages/explorer/crime/crime-trend,"FBI Crime Data Explorer, Rape (NIBRS offense 11A), state summarized monthly rates summed to annual",2026-10-02
WV,2015,35.8,https://cde.ucr.cjis.gov/LATEST/webapp/#/pages/explorer/crime/crime-trend,"FBI Crime Data Explorer, Rape (NIBRS offense 11A), state summarized monthly rates summed to annual",2026-10-02
WV,2016,35.0,https://cde.ucr.cjis.gov/LATEST/webapp/#/pages/explorer/crime/crime-trend,"FBI Crime Data Explorer, Rape (NIBRS offense 11A), state summarized monthly rates summed to annual",2026-10-02
WV,2017,32.5,https://cde.ucr.cjis.gov/LATEST/webapp/#/pages/explorer/crime/crime-trend,"FBI Crime Data Explorer, Rape (NIBRS offense 11A), state summarized monthly rates summed to annual",2026-10-02
WV,2018,31.1,https://cde.ucr.cjis.gov/LATEST/webapp/#/pages/explorer/crime/crime-trend,"FBI Crime Data Explorer, Rape (NIBRS offense 11A), state summarized monthly rates summed to annual",2026-10-02
WV,2019,30.6,https://cde.ucr.cjis.gov/LATEST/webapp/#/pages/explorer/crime/crime-trend,"FBI Crime Data Explorer, Rape (NIBRS offense 11A), state summarized monthly rates summed to annual",2026-10-02
WV,2020,29.1,https://cde.ucr.cjis.gov/LATEST/webapp/#/pages/explorer/crime/crime-trend,"FBI Crime Data Explorer, Rape (NIBRS offense 11A), state summarized monthly rates summed to annual",2026-10-02
WV,2021,25.4,https://cde.ucr.cjis.gov/LATEST/webapp/#/pages/explorer/crime/crime-trend,"FBI Crime Data Explorer, Rape (NIBRS offense 11A), state summarized monthly rates summed to annual",2026-10-02
WV,2022,26.0,https://cde.ucr.cjis.gov/LATEST/webapp/#/pages/explorer/crime/crime-trend,"FBI Crime Data Explorer, Rape (NIBRS offense 11A), state summarized monthly rates summed to annual",2026-10-02
WV,2023,26.6,https://cde.ucr.cjis.gov/LATEST/webapp/#/pages/explorer/crime/crime-trend,"FBI Crime Data Explorer, Rape (NIBRS offense 11A), state summarized monthly rates summed to annual",2026-10-02
WI,2014,59.0,https://cde.ucr.cjis.gov/LATEST/webapp/#/pages/explorer/crime/crime-trend,"FBI Crime Data Explorer, Rape (NIBRS offense 11A), state summarized monthly rates summed to annual",2026-10-02
WI,2015,53.7,https://cde.ucr.cjis.gov/LATEST/webapp/#/pages/explorer/crime/crime-trend,"FBI Crime Data Explorer, Rape (NIBRS offense 11A), state summarized monthly rates summed to annual",2026-10-02
WI,2016,55.4,https://cde.ucr.cjis.gov/LATEST/webapp/#/pages/explorer/crime/crime-trend,"FBI Crime Data Explorer, Rape (NIBRS offense 11A), state summarized monthly rates summed to annual",2026-10-02
WI,2017,54.2,https://cde.ucr.cjis.gov/LATEST/webapp/#/pages/explorer/crime/crime-trend,"FBI Crime Data Explorer, Rape (NIBRS offense 11A), state summarized monthly rates summed to annual",2026-10-02
WI,2018,46.8,https://cde.ucr.cjis.gov/LATEST/webapp/#/pages/explorer/crime/crime-trend,"FBI Crime Data Explorer, Rape (NIBRS offense 11A), state summarized monthly rates summed to annual",2026-10-02
WI,2019,46.5,https://cde.ucr.cjis.gov/LATEST/webapp/#/pages/explorer/crime/crime-trend,"FBI Crime Data Explorer, Rape (NIBRS offense 11A), state summarized monthly rates summed to annual",2026-10-02
WI,2020,47.5,https://cde.ucr.cjis.gov/LATEST/webapp/#/pages/explorer/crime/crime-trend,"FBI Crime Data Explorer, Rape (NIBRS offense 11A), state summarized monthly rates summed to annual",2026-10-02
WI,2021,42.3,https://cde.ucr.cjis.gov/LATEST/webapp/#/pages/explorer/crime/crime-trend,"FBI Crime Data Explorer, Rape (NIBRS offense 11A), state summarized monthly rates summed to annual",2026-10-02
WI,2022,44.8,https://cde.ucr.cjis.gov/LATEST/webapp/#/pages/explorer/crime/crime-trend,"FBI Crime Data Explorer, Rape (NIBRS offense 11A), state summarized monthly rates summed to annual",2026-10-02
WI,2023,45.9,https://cde.ucr.cjis.gov/LATEST/webapp/#/pages/explorer/crime/crime-trend,"FBI Crime Data Explorer, Rape (NIBRS offense 11A), state summarized monthly rates summed to annual",2026-10-02
WY,2014,34.6,https://cde.ucr.cjis.gov/LATEST/webapp/#/pages/explorer/crime/crime-trend,"FBI Crime Data Explorer, Rape (NIBRS offense 11A), state summarized monthly rates summed to annual",2026-10-02
WY,2015,25.8,https://cde.ucr.cjis.gov/LATEST/webapp/#/pages/explorer/crime/crime-trend,"FBI Crime Data Explorer, Rape (NIBRS offense 11A), state summarized monthly rates summed to annual",2026-10-02
WY,2016,26.4,https://cde.ucr.cjis.gov/LATEST/webapp/#/pages/explorer/crime/crime-trend,"FBI Crime Data Explorer, Rape (NIBRS offense 11A), state summarized monthly rates summed to annual",2026-10-02
WY,2017,24.6,https://cde.ucr.cjis.gov/LATEST/webapp/#/pages/explorer/crime/crime-trend,"FBI Crime Data Explorer, Rape (NIBRS offense 11A), state summarized monthly rates summed to annual",2026-10-02
WY,2018,30.9,https://cde.ucr.cjis.gov/LATEST/webapp/#/pages/explorer/crime/crime-trend,"FBI Crime Data Explorer, Rape (NIBRS offense 11A), state summarized monthly rates summed to annual",2026-10-02
WY,2019,20.1,https://cde.ucr.cjis.gov/LATEST/webapp/#/pages/explorer/crime/crime-trend,"FBI Crime Data Explorer, Rape (NIBRS offense 11A), state summarized monthly rates summed to annual",2026-10-02
WY,2020,32.4,https://cde.ucr.cjis.gov/LATEST/webapp/#/pages/explorer/crime/crime-trend,"FBI Crime Data Explorer, Rape (NIBRS offense 11A), state summarized monthly rates summed to annual",2026-10-02
WY,2021,17.4,https://cde.ucr.cjis.gov/LATEST/webapp/#/pages/explorer/crime/crime-trend,"FBI Crime Data Explorer, Rape (NIBRS offense 11A), state summarized monthly rates summed to annual",2026-10-02
WY,2022,20.1,https://cde.ucr.cjis.gov/LATEST/webapp/#/pages/explorer/crime/crime-trend,"FBI Crime Data Explorer, Rape (NIBRS offense 11A), state summarized monthly rates summed to annual",2026-10-02
WY,2023,18.1,https://cde.ucr.cjis.gov/LATEST/webapp/#/pages/explorer/crime/crime-trend,"FBI Crime Data Explorer, Rape (NIBRS offense 11A), state summarized monthly rates summed to annual",2026-10-02
