state_abbr,year,rate_per_100k,source_url,source_name,pulled_date
AL,2014,41.03,https://cde.ucr.cjis.gov/LATEST/webapp/#/pages/explorer/crime/crime-trend,"FBI Crime Data Explorer, Rape (NIBRS offense 11A), state summarized monthly rates summed to annual",2026-10-02
AL,2015,41.78,https://cde.ucr.cjis.gov/LATEST/webapp/#/pages/explorer/crime/crime-trend,"FBI Crime Data Explorer, Rape (NIBRS offense 11A), state summarized monthly rates summed to annual",2026-10-02
AL,2016,39.11,https://cde.ucr.cjis.gov/LATEST/webapp/#/pages/explorer/crime/crime-trend,"FBI Crime Data Explorer, Rape (NIBRS offense 11A), state summarized monthly rates summed to annual",2026-10-02
AL,2017,41.69,https://cde.ucr.cjis.gov/LATEST/webapp/#/pages/explorer/crime/crime-trend,"FBI Crime Data Explorer, Rape (NIBRS offense 11A), state summarized monthly rates summed to annual",2026-10-02
AL,2018,41.95,https://cde.ucr.cjis.gov/LATEST/webapp/#/pages/explorer/crime/crime-trend,"FBI Crime Data Explorer, Rape (NIBRS offense 11A), state summarized monthly rates summed to annual",2026-10-02
AL,2019,26.3,https://cde.ucr.cjis.gov/LATEST/webapp/#/pages/explorer/crime/crime-trend,"FBI Crime Data Explorer, Rape (NIBRS offense 11A), state summarized monthly rates summed to annual",2026-10-02
AL,2020,23.99,https://cde.ucr.cjis.gov/LATEST/webapp/#/pages/explorer/crime/crime-trend,"FBI Crime Data Explorer, Rape (NIBRS offense 11A), state summarized monthly rates summed to annual",2026-10-02
AL,2021,27.74,https://cde.ucr.cjis.gov/LATEST/webapp/#/pages/explorer/crime/crime-trend,"FBI Crime Data Explorer, Rape (NIBRS offense 11A), state summarized monthly rates summed to annual",2026-10-02
AL,2022,31.8,https://cde.ucr.cjis.gov/LATEST/webapp/#/pages/explorer/crime/crime-trend,"FBI Crime Data Explorer, Rape (NIBRS offense 11A), state summarized monthly rates summed to annual",2026-10-02
AL,2023,34.36,https://cde.ucr.cjis.gov/LATEST/webapp/#/pages/explorer/crime/crime-trend,"FBI Crime Data Explorer, Rape (NIBRS offense 11A), state summarized monthly rates summed to annual",2026-10-02
AK,2014,104.32,https://cde.ucr.cjis.gov/LATEST/webapp/#/pages/explorer/crime/crime-trend,"FBI Crime Data Explorer, Rape (NIBRS offense 11A), state summarized monthly rates summed to annual",2026-10-02
AK,2015,121.81,https://cde.ucr.cjis.gov/LATEST/webapp/#/pages/explorer/crime/crime-trend,"FBI Crime Data Explorer, Rape (NIBRS offense 11A), state summarized monthly rates summed to annual",2026-10-02
AK,2016,142.02,https://cde.ucr.cjis.gov/LATEST/webapp/#/pages/explorer/crime/crime-trend,"FBI Crime Data Explorer, Rape (NIBRS offense 11A), state summarized monthly rates summed to annual",2026-10-02
AK,2017,145.74,https://cde.ucr.cjis.gov/LATEST/webapp/#/pages/explorer/crime/crime-trend,"FBI Crime Data Explorer, Rape (NIBRS offense 11A), state summarized monthly rates summed to annual",2026-10-02
AK,2018,164.62,https://cde.ucr.cjis.gov/LATEST/webapp/#/pages/explorer/crime/crime-trend,"FBI Crime Data Explorer, Rape (NIBRS offense 11A), state summarized monthly rates summed to annual",2026-10-02
AK,2019,150.99,https://cde.ucr.cjis.gov/LATEST/webapp/#/pages/explorer/crime/crime-trend,"FBI Crime Data Explorer, Rape (NIBRS offense 11A), state summarized monthly rates summed to annual",2026-10-02
AK,2020,156.0,https://cde.ucr.cjis.gov/LATEST/webapp/#/pages/explorer/crime/crime-trend,"FBI Crime Data Explorer, Rape (NIBRS offense 11A), state summarized monthly rates summed to annual",2026-10-02
AK,2021,149.64,https://cde.ucr.cjis.gov/LATEST/webapp/#/pages/explorer/crime/crime-trend,"FBI Crime Data Explorer, Rape (NIBRS offense 11A), state summarized monthly rates summed to annual",2026-10-02
AK,2022,146.73,https://cde.ucr.cjis.gov/LATEST/webapp/#/pages/explorer/crime/crime-trend,"FBI Crime Data Explorer, Rape (NIBRS offense 11A), state summarized monthly rates summed to annual",2026-10-02
AK,2023,122.94,https://cde.ucr.cjis.gov/LATEST/webapp/#/pages/explorer/crime/crime-trend,"FBI Crime Data Explorer, Rape (NIBRS offense 11A), state summarized monthly rates summed to annual",2026-10-02
AZ,2014,48.2,https://cde.ucr.cjis.gov/LATEST/webapp/#/pages/explorer/crime/crime-trend,"FBI Crime Data Explorer, Rape (NIBRS offense 11A), state summarized monthly rates summed to annual",2026-10-02
AZ,2015,45.5,https://cde.ucr.cjis.gov/LATEST/webapp/#/pages/explorer/crime/crime-trend,"FBI Crime Data Explorer, Rape (NIBRS offense 11A), state summarized monthly rates summed to annual",2026-10-02
AZ,2016,47.68,https://cde.ucr.cjis.gov/LATEST/webapp/#/pages/explorer/crime/crime-trend,"FBI Crime Data Explorer, Rape (NIBRS offense 11A), state summarized monthly rates summed to annual",2026-10-02
AZ,2017,52.01,https://cde.ucr.cjis.gov/LATEST/webapp/#/pages/explorer/crime/crime-trend,"FBI Crime Data Explorer, Rape (NIBRS offense 11A), state summarized monthly rates summed to annual",2026-10-02
AZ,2018,50.43,https://cde.ucr.cjis.gov/LATEST/webapp/#/pages/explorer/crime/crime-trend,"FBI Crime Data Explorer, Rape (NIBRS offense 11A), state summarized monthly rates summed to annual",2026-10-02
AZ,2019,49.95,https://cde.ucr.cjis.gov/LATEST/webapp/#/pages/explorer/crime/crime-trend,"FBI Crime Data Explorer, Rape (NIBRS offense 11A), state summarized monthly rates summed to annual",2026-10-02
AZ,2020,45.38,https://cde.ucr.cjis.gov/LATEST/webapp/#/pages/explorer/crime/crime-trend,"FBI Crime Data Explorer, Rape (NIBRS offense 11A), state summarized monthly rates summed to annual",2026-10-02
AZ,2021,39.51,https://cde.ucr.cjis.gov/LATEST/webapp/#/pages/explorer/crime/crime-trend,"FBI Crime Data Explorer, Rape (NIBRS offense 11A), state summarized monthly rates summed to annual",2026-10-02
AZ,2022,47.33,https://cde.ucr.cjis.gov/LATEST/webapp/#/pages/explorer/crime/crime-trend,"FBI Crime Data Explorer, Rape (NIBRS offense 11A), state summarized monthly rates summed to annual",2026-10-02
AZ,2023,45.46,https://cde.ucr.cjis.gov/LATEST/webapp/#/pages/explorer/crime/crime-trend,"FBI Crime Data Explorer, Rape (NIBRS offense 11A), state summarized monthly rates summed to annual",2026-10-02
AR,2014,58.27,https://cde.ucr.cjis.gov/LATEST/webapp/#/pages/explorer/crime/crime-trend,"FBI Crime Data Explorer, Rape (NIBRS offense 11A), state summarized monthly rates summed to annual",2026-10-02
AR,2015,63.49,https://cde.ucr.cjis.gov/LATEST/webapp/#/pages/explorer/crime/crime-trend,"FBI Crime Data Explorer, Rape (NIBRS offense 11A), state summarized monthly rates summed to annual",2026-10-02
AR,2016,70.11,https://cde.ucr.cjis.gov/LATEST/webapp/#/pages/explorer/crime/crime-trend,"FBI Crime Data Explorer, Rape (NIBRS offense 11A), state summarized monthly rates summed to annual",2026-10-02
AR,2017,73.07,https://cde.ucr.cjis.gov/LATEST/webapp/#/pages/explorer/crime/crime-trend,"FBI Crime Data Explorer, Rape (NIBRS offense 11A), state summarized monthly rates summed to annual",2026-10-02
AR,2018,80.54,https://cde.ucr.cjis.gov/LATEST/webapp/#/pages/explorer/crime/crime-trend,"FBI Crime Data Explorer, Rape (NIBRS offense 11A), state summarized monthly rates summed to annual",2026-10-02
AR,2019,84.51,https://cde.ucr.cjis.gov/LATEST/webapp/#/pages/explorer/crime/crime-trend,"FBI Crime Data Explorer, Rape (NIBRS offense 11A), state summarized monthly rates summed to annual",2026-10-02
AR,2020,81.59,https://cde.ucr.cjis.gov/LATEST/webapp/#/pages/explorer/crime/crime-trend,"FBI Crime Data Explorer, Rape (NIBRS offense 11A), state summarized monthly rates summed to annual",2026-10-02
AR,2021,82.78,https://cde.ucr.cjis.gov/LATEST/webapp/#/pages/explorer/crime/crime-trend,"FBI Crime Data Explorer, Rape (NIBRS offense 11A), state summarized monthly rates summed to annual",2026-10-02
AR,2022,81.37,https://cde.ucr.cjis.gov/LATEST/webapp/#/pages/explorer/crime/crime-trend,"FBI Crime Data Explorer, Rape (NIBRS offense 11A), state summarized monthly rates summed to annual",2026-10-02
AR,2023,77.06,https://cde.ucr.cjis.gov/LATEST/webapp/#/pages/explorer/crime/crime-trend,"FBI Crime Data Explorer, Rape (NIBRS offense 11A), state summarized monthly rates summed to annual",2026-10-02
CA,2014,24.24,https://cde.ucr.cjis.gov/LATEST/webapp/#/pages/explorer/crime/crime-trend,"FBI Crime Data Explorer, Rape (NIBRS offense 11A), state summarized monthly rates summed to annual",2026-10-02
CA,2015,32.72,https://cde.ucr.cjis.gov/LATEST/webapp/#/pages/explorer/crime/crime-trend,"FBI Crime Data Explorer, Rape (NIBRS offense 11A), state summarized monthly rates summed to annual",2026-10-02
CA,2016,34.92,https://cde.ucr.cjis.gov/LATEST/webapp/#/pages/explorer/crime/crime-trend,"FBI Crime Data Explorer, Rape (NIBRS offense 11A), state summarized monthly rates summed to annual",2026-10-02
CA,2017,37.25,https://cde.ucr.cjis.gov/LATEST/webapp/#/pages/explorer/crime/crime-trend,"FBI Crime Data Explorer, Rape (NIBRS offense 11A), state summarized monthly rates summed to annual",2026-10-02
CA,2018,39.2,https://cde.ucr.cjis.gov/LATEST/webapp/#/pages/explorer/crime/crime-trend,"FBI Crime Data Explorer, Rape (NIBRS offense 11A), state summarized monthly rates summed to annual",2026-10-02
CA,2019,37.42,https://cde.ucr.cjis.gov/LATEST/webapp/#/pages/explorer/crime/crime-trend,"FBI Crime Data Explorer, Rape (NIBRS offense 11A), state summarized monthly rates summed to annual",2026-10-02
CA,2020,34.16,https://cde.ucr.cjis.gov/LATEST/webapp/#/pages/explorer/crime/crime-trend,"FBI Crime Data Explorer, Rape (NIBRS offense 11A), state summarized monthly rates summed to annual",2026-10-02
CA,2021,29.73,https://cde.ucr.cjis.gov/LATEST/webapp/#/pages/explorer/crime/crime-trend,"FBI Crime Data Explorer, Rape (NIBRS offense 11A), state summarized monthly rates summed to annual",2026-10-02
CA,2022,38.84,https://cde.ucr.cjis.gov/LATEST/webapp/#/pages/explorer/crime/crime-trend,"FBI Crime Data Explorer, Rape (NIBRS offense 11A), state summarized monthly rates summed to annual",2026-10-02
CA,2023,38.75,https://cde.ucr.cjis.gov/LATEST/webapp/#/pages/explorer/crime/crime-trend,"FBI Crime Data Explorer, Rape (NIBRS offense 11A), state summarized monthly rates summed to annual",2026-10-02
CO,2014,57.99,https://cde.ucr.cjis.gov/LATEST/webapp/#/pages/explorer/crime/crime-trend,"FBI Crime Data Explorer, Rape (NIBRS offense 11A), state summarized monthly rates summed to annual",2026-10-02
CO,2015,61.17,https://cde.ucr.cjis.gov/LATEST/webapp/#/pages/explorer/crime/crime-trend,"FBI Crime Data Explorer, Rape (NIBRS offense 11A), state summarized monthly rates summed to annual",2026-10-02
CO,2016,65.64,https://cde.ucr.cjis.gov/LATEST/webapp/#/pages/explorer/crime/crime-trend,"FBI Crime Data Explorer, Rape (NIBRS offense 11A), state summarized monthly rates summed to annual",2026-10-02
CO,2017,75.68,https://cde.ucr.cjis.gov/LATEST/webapp/#/pages/explorer/crime/crime-trend,"FBI Crime Data Explorer, Rape (NIBRS offense 11A), state summarized monthly rates summed to annual",2026-10-02
CO,2018,82.12,https://cde.ucr.cjis.gov/LATEST/webapp/#/pages/explorer/crime/crime-trend,"FBI Crime Data Explorer, Rape (NIBRS offense 11A), state summarized monthly rates summed to annual",2026-10-02
CO,2019,75.38,https://cde.ucr.cjis.gov/LATEST/webapp/#/pages/explorer/crime/crime-trend,"FBI Crime Data Explorer, Rape (NIBRS offense 11A), state summarized monthly rates summed to annual",2026-10-02
CO,2020,72.77,https://cde.ucr.cjis.gov/LATEST/webapp/#/pages/explorer/crime/crime-trend,"FBI Crime Data Explorer, Rape (NIBRS offense 11A), state summarized monthly rates summed to annual",2026-10-02
CO,2021,76.41,https://cde.ucr.cjis.gov/LATEST/webapp/#/pages/explorer/crime/crime-trend,"FBI Crime Data Explorer, Rape (NIBRS offense 11A), state summarized monthly rates summed to annual",2026-10-02
CO,2022,68.19,https://cde.ucr.cjis.gov/LATEST/webapp/#/pages/explorer/crime/crime-trend,"FBI Crime Data Explorer, Rape (NIBRS offense 11A), state summarized monthly rates summed to annual",2026-10-02
CO,2023,64.31,https://cde.ucr.cjis.gov/LATEST/webapp/#/pages/explorer/crime/crime-trend,"FBI Crime Data Explorer, Rape (NIBRS offense 11A), state summarized monthly rates summed to annual",2026-10-02
CT,2014,22.08,https://cde.ucr.cjis.gov/LATEST/webapp/#/pages/explorer/crime/crime-trend,"FBI Crime Data Explorer, Rape (NIBRS offense 11A), state summarized monthly rates summed to annual",2026-10-02
CT,2015,22.24,https://cde.ucr.cjis.gov/LATEST/webapp/#/pages/explorer/crime/crime-trend,"FBI Crime Data Explorer, Rape (NIBRS offense 11A), state summarized monthly rates summed to annual",2026-10-02
CT,2016,22.14,https://cde.ucr.cjis.gov/LATEST/webapp/#/pages/explorer/crime/crime-trend,"FBI Crime Data Explorer, Rape (NIBRS offense 11A), state summarized monthly rates summed to annual",2026-10-02
CT,2017,23.83,https://cde.ucr.cjis.gov/LATEST/webapp/#/pages/explorer/crime/crime-trend,"FBI Crime Data Explorer, Rape (NIBRS offense 11A), state summarized monthly rates summed to annual",2026-10-02
CT,2018,24.92,https://cde.ucr.cjis.gov/LATEST/webapp/#/pages/explorer/crime/crime-trend,"FBI Crime Data Explorer, Rape (NIBRS offense 11A), state summarized monthly rates summed to annual",2026-10-02
CT,2019,22.72,https://cde.ucr.cjis.gov/LATEST/webapp/#/pages/explorer/crime/crime-trend,"FBI Crime Data Explorer, Rape (NIBRS offense 11A), state summarized monthly rates summed to annual",2026-10-02
CT,2020,18.02,https://cde.ucr.cjis.gov/LATEST/webapp/#/pages/explorer/crime/crime-trend,"FBI Crime Data Explorer, Rape (NIBRS offense 11A), state summarized monthly rates summed to annual",2026-10-02
CT,2021,23.46,https://cde.ucr.cjis.gov/LATEST/webapp/#/pages/explorer/crime/crime-trend,"FBI Crime Data Explorer, Rape (NIBRS offense 11A), state summarized monthly rates summed to annual",2026-10-02
CT,2022,19.87,https://cde.ucr.cjis.gov/LATEST/webapp/#/pages/explorer/crime/crime-trend,"FBI Crime Data Explorer, Rape (NIBRS offense 11A), state summarized monthly rates summed to annual",2026-10-02
CT,2023,21.6,https://cde.ucr.cjis.gov/LATEST/webapp/#/pages/explorer/crime/crime-trend,"FBI Crime Data Explorer, Rape (NIBRS offense 11A), state summarized monthly rates summed to annual",2026-10-02
DE,2014,41.7,https://cde.ucr.cjis.gov/LATEST/webapp/#/pages/explorer/crime/crime-trend,"FBI Crime Data Explorer, Rape (NIBRS offense 11A), state summarized monthly rates summed to annual",2026-10-02
DE,2015,38.16,https://cde.ucr.cjis.gov/LATEST/webapp/#/pages/explorer/crime/crime-trend,"FBI Crime Data Explorer, Rape (NIBRS offense 11A), state summarized monthly rates summed to annual",2026-10-02
DE,2016,32.67,https://cde.ucr.cjis.gov/LATEST/webapp/#/pages/explorer/crime/crime-trend,"FBI Crime Data Explorer, Rape (NIBRS offense 11A), state summarized monthly rates summed to annual",2026-10-02
DE,2017,37.61,https://cde.ucr.cjis.gov/LATEST/webapp/#/pages/explorer/crime/crime-trend,"FBI Crime Data Explorer, Rape (NIBRS offense 11A), state summarized monthly rates summed to annual",2026-10-02
DE,2018,36.53,https://cde.ucr.cjis.gov/LATEST/webapp/#/pages/explorer/crime/crime-trend,"FBI Crime Data Explorer, Rape (NIBRS offense 11A), state summarized monthly rates summed to annual",2026-10-02
DE,2019,34.63,https://cde.ucr.cjis.gov/LATEST/webapp/#/pages/explorer/crime/crime-trend,"FBI Crime Data Explorer, Rape (NIBRS offense 11A), state summarized monthly rates summed to annual",2026-10-02
DE,2020,32.74,https://cde.ucr.cjis.gov/LATEST/webapp/#/pages/explorer/crime/crime-trend,"FBI Crime Data Explorer, Rape (NIBRS offense 11A), state summarized monthly rates summed to annual",2026-10-02
DE,2021,35.39,https://cde.ucr.cjis.gov/LATEST/webapp/#/pages/explorer/crime/crime-trend,"FBI Crime Data Explorer, Rape (NIBRS offense 11A), state summarized monthly rates summed to annual",2026-10-02
DE,2022,28.11,https://cde.ucr.cjis.gov/LATEST/webapp/#/pages/explorer/crime/crime-trend,"FBI Crime Data Explorer, Rape (NIBRS offense 11A), state summarized monthly rates summed to annual",2026-10-02
DE,2023,23.75,https://cde.ucr.cjis.gov/LATEST/webapp/#/pages/explorer/crime/crime-trend,"FBI Crime Data Explorer, Rape (NIBRS offense 11A), state summarized monthly rates summed to annual",2026-10-02
DC,2014,34.93,https://cde.ucr.cjis.gov/LATEST/webapp/#/pages/explorer/crime/crime-trend,"FBI Crime Data Explorer, Rape (NIBRS offense 11A), state summarized monthly rates summed to annual",2026-10-02
DC,2015,38.14,https://cde.ucr.cjis.gov/LATEST/webapp/#/pages/explorer/crime/crime-trend,"FBI Crime Data Explorer, Rape (NIBRS offense 11A), state summarized monthly rates summed to annual",2026-10-02
DC,2016,40.01,https://cde.ucr.cjis.gov/LATEST/webapp/#/pages/explorer/crime/crime-trend,"FBI Crime Data Explorer, Rape (NIBRS offense 11A), state summarized monthly rates summed to annual",2026-10-02
DC,2017,42.93,https://cde.ucr.cjis.gov/LATEST/webapp/#/pages/explorer/crime/crime-trend,"FBI Crime Data Explorer, Rape (NIBRS offense 11A), state summarized monthly rates summed to annual",2026-10-02
DC,2018,44.83,https://cde.ucr.cjis.gov/LATEST/webapp/#/pages/explorer/crime/crime-trend,"FBI Crime Data Explorer, Rape (NIBRS offense 11A), state summarized monthly rates summed to annual",2026-10-02
DC,2019,44.8,https://cde.ucr.cjis.gov/LATEST/webapp/#/pages/explorer/crime/crime-trend,"FBI Crime Data Explorer, Rape (NIBRS offense 11A), state summarized monthly rates summed to annual",2026-10-02
DC,2020,40.91,https://cde.ucr.cjis.gov/LATEST/webapp/#/pages/explorer/crime/crime-trend,"FBI Crime Data Explorer, Rape (NIBRS offense 11A), state summarized monthly rates summed to annual",2026-10-02
DC,2021,44.11,https://cde.ucr.cjis.gov/LATEST/webapp/#/pages/explorer/crime/crime-trend,"FBI Crime Data Explorer, Rape (NIBRS offense 11A), state summarized monthly rates summed to annual",2026-10-02
DC,2022,43.52,https://cde.ucr.cjis.gov/LATEST/webapp/#/pages/explorer/crime/crime-trend,"FBI Crime Data Explorer, Rape (NIBRS offense 11A), state summarized monthly rates summed to annual",2026-10-02
DC,2023,41.08,https://cde.ucr.cjis.gov/LATEST/webapp/#/pages/explorer/crime/crime-trend,"FBI Crime Data Explorer, Rape (NIBRS offense 11A), state summarized monthly rates summed to annual",2026-10-02
FL,2014,35.83,https://cde.ucr.cjis.gov/LATEST/webapp/#/pages/explorer/crime/crime-trend,"FBI Crime Data Explorer, Rape (NIBRS offense 11A), state summarized monthly rates summed to annual",2026-10-02
FL,2015,37.25,https://cde.ucr.cjis.gov/LATEST/webapp/#/pages/explorer/crime/crime-trend,"FBI Crime Data Explorer, Rape (NIBRS offense 11A), state summarized monthly rates summed to annual",2026-10-02
FL,2016,36.87,https://cde.ucr.cjis.gov/LATEST/webapp/#/pages/explorer/crime/crime-trend,"FBI Crime Data Explorer, Rape (NIBRS offense 11A), state summarized monthly rates summed to annual",2026-10-02
FL,2017,37.82,https://cde.ucr.cjis.gov/LATEST/webapp/#/pages/explorer/crime/crime-trend,"FBI Crime Data Explorer, Rape (NIBRS offense 11A), state summarized monthly rates summed to annual",2026-10-02
FL,2018,39.64,https://cde.ucr.cjis.gov/LATEST/webapp/#/pages/explorer/crime/crime-trend,"FBI Crime Data Explorer, Rape (NIBRS offense 11A), state summarized monthly rates summed to annual",2026-10-02
FL,2019,39.32,https://cde.ucr.cjis.gov/LATEST/webapp/#/pages/explorer/crime/crime-trend,"FBI Crime Data Explorer, Rape (NIBRS offense 11A), state summarized monthly rates summed to annual",2026-10-02
FL,2020,35.42,https://cde.ucr.cjis.gov/LATEST/webapp/#/pages/explorer/crime/crime-trend,"FBI Crime Data Explorer, Rape (NIBRS offense 11A), state summarized monthly rates summed to annual",2026-10-02
FL,2021,23.66,https://cde.ucr.cjis.gov/LATEST/webapp/#/pages/explorer/crime/crime-trend,"FBI Crime Data Explorer, Rape (NIBRS offense 11A), state summarized monthly rates summed to annual",2026-10-02
FL,2022,34.35,https://cde.ucr.cjis.gov/LATEST/webapp/#/pages/explorer/crime/crime-trend,"FBI Crime Data Explorer, Rape (NIBRS offense 11A), state summarized monthly rates summed to annual",2026-10-02
FL,2023,29.78,https://cde.ucr.cjis.gov/LATEST/webapp/#/pages/explorer/crime/crime-trend,"FBI Crime Data Explorer, Rape (NIBRS offense 11A), state summarized monthly rates summed to annual",2026-10-02
GA,2014,22.18,https://cde.ucr.cjis.gov/LATEST/webapp/#/pages/explorer/crime/crime-trend,"FBI Crime Data Explorer, Rape (NIBRS offense 11A), state summarized monthly rates summed to annual",2026-10-02
GA,2015,22.21,https://cde.ucr.cjis.gov/LATEST/webapp/#/pages/explorer/crime/crime-trend,"FBI Crime Data Explorer, Rape (NIBRS offense 11A), state summarized monthly rates summed to annual",2026-10-02
GA,2016,24.03,https://cde.ucr.cjis.gov/LATEST/webapp/#/pages/explorer/crime/crime-trend,"FBI Crime Data Explorer, Rape (NIBRS offense 11A), state summarized monthly rates summed to annual",2026-10-02
GA,2017,23.43,https://cde.ucr.cjis.gov/LATEST/webapp/#/pages/explorer/crime/crime-trend,"FBI Crime Data Explorer, Rape (NIBRS offense 11A), state summarized monthly rates summed to annual",2026-10-02
GA,2018,26.85,https://cde.ucr.cjis.gov/LATEST/webapp/#/pages/explorer/crime/crime-trend,"FBI Crime Data Explorer, Rape (NIBRS offense 11A), state summarized monthly rates summed to annual",2026-10-02
GA,2019,27.68,https://cde.ucr.cjis.gov/LATEST/webapp/#/pages/explorer/crime/crime-trend,"FBI Crime Data Explorer, Rape (NIBRS offense 11A), state summarized monthly rates summed to annual",2026-10-02
GA,2020,30.23,https://cde.ucr.cjis.gov/LATEST/webapp/#/pages/explorer/crime/crime-trend,"FBI Crime Data Explorer, Rape (NIBRS offense 11A), state summarized monthly rates summed to annual",2026-10-02
GA,2021,34.63,https://cde.ucr.cjis.gov/LATEST/webapp/#/pages/explorer/crime/crime-trend,"FBI Crime Data Explorer, Rape (NIBRS offense 11A), state summarized monthly rates summed to annual",2026-10-02
GA,2022,39.91,https://cde.ucr.cjis.gov/LATEST/webapp/#/pages/explorer/crime/crime-trend,"FBI Crime Data Explorer, Rape (NIBRS offense 11A), state summarized monthly rates summed to annual",2026-10-02
GA,2023,35.95,https://cde.ucr.cjis.gov/LATEST/webapp/#/pages/explorer/crime/crime-trend,"FBI Crime Data Explorer, Rape (NIBRS offense 11A), state summarized monthly rates summed to annual",2026-10-02
HI,2014,48.86,https://cde.ucr.cjis.gov/LATEST/webapp/#/pages/explorer/crime/crime-trend,"FBI Crime Data Explorer, Rape (NIBRS offense 11A), state summarized monthly rates summed to annual",2026-10-02
HI,2015,37.55,https://cde.ucr.cjis.gov/LATEST/webapp/#/pages/explorer/crime/crime-trend,"FBI Crime Data Explorer, Rape (NIBRS offense 11A), state summarized monthly rates summed to annual",2026-10-02
HI,2016,42.07,https://cde.ucr.cjis.gov/LATEST/webapp/#/pages/explorer/crime/crime-trend,"FBI Crime Data Explorer, Rape (NIBRS offense 11A), state summarized monthly rates summed to annual",2026-10-02
HI,2017,39.69,https://cde.ucr.cjis.gov/LATEST/webapp/#/pages/explorer/crime/crime-trend,"FBI Crime Data Explorer, Rape (NIBRS offense 11A), state summarized monthly rates summed to annual",2026-10-02
HI,2018,53.99,https://cde.ucr.cjis.gov/LATEST/webapp/#/pages/explorer/crime/crime-trend,"FBI Crime Data Explorer, Rape (NIBRS offense 11A), state summarized monthly rates summed to annual",2026-10-02
HI,2019,48.81,https://cde.ucr.cjis.gov/LATEST/webapp/#/pages/explorer/crime/crime-trend,"FBI Crime Data Explorer, Rape (NIBRS offense 11A), state summarized monthly rates summed to annual",2026-10-02
HI,2020,45.78,https://cde.ucr.cjis.gov/LATEST/webapp/#/pages/explorer/crime/crime-trend,"FBI Crime Data Explorer, Rape (NIBRS offense 11A), state summarized monthly rates summed to annual",2026-10-02
HI,2021,50.42,https://cde.ucr.cjis.gov/LATEST/webapp/#/pages/explorer/crime/crime-trend,"FBI Crime Data Explorer, Rape (NIBRS offense 11A), state summarized monthly rates summed to annual",2026-10-02
HI,2022,50.35,https://cde.ucr.cjis.gov/LATEST/webapp/#/pages/explorer/crime/crime-trend,"FBI Crime Data Explorer, Rape (NIBRS offense 11A), state summarized monthly rates summed to annual",2026-10-02
HI,2023,49.05,https://cde.ucr.cjis.gov/LATEST/webapp/#/pages/explorer/crime/crime-trend,"FBI Crime Data Explorer, Rape (NIBRS offense 11A), state summarized monthly rates summed to annual",2026-10-02
ID,2014,38.6,https://cde.ucr.cjis.gov/LATEST/webapp/#/pages/explorer/crime/crime-trend,"FBI Crime Data Explorer, Rape (NIBRS offense 11A), state summarized monthly rates summed to annual",2026-10-02
ID,2015,42.38,https://cde.ucr.cjis.gov/LATEST/webapp/#/pages/explorer/crime/crime-trend,"FBI Crime Data Explorer, Rape (NIBRS offense 11A), state summarized monthly rates summed to annual",2026-10-02
ID,2016,41.72,https://cde.ucr.cjis.gov/LATEST/webapp/#/pages/explorer/crime/crime-trend,"FBI Crime Data Explorer, Rape (NIBRS offense 11A), state summarized monthly rates summed to annual",2026-10-02
ID,2017,47.13,https://cde.ucr.cjis.gov/LATEST/webapp/#/pages/explorer/crime/crime-trend,"FBI Crime Data Explorer, Rape (NIBRS offense 11A), state summarized monthly rates summed to annual",2026-10-02
ID,2018,55.49,https://cde.ucr.cjis.gov/LATEST/webapp/#/pages/explorer/crime/crime-trend,"FBI Crime Data Explorer, Rape (NIBRS offense 11A), state summarized monthly rates summed to annual",2026-10-02
ID,2019,55.55,https://cde.ucr.cjis.gov/LATEST/webapp/#/pages/explorer/crime/crime-trend,"FBI Crime Data Explorer, Rape (NIBRS offense 11A), state summarized monthly rates summed to annual",2026-10-02
ID,2020,54.86,https://cde.ucr.cjis.gov/LATEST/webapp/#/pages/explorer/crime/crime-trend,"FBI Crime Data Explorer, Rape (NIBRS offense 11A), state summarized monthly rates summed to annual",2026-10-02
ID,2021,60.73,https://cde.ucr.cjis.gov/LATEST/webapp/#/pages/explorer/crime/crime-trend,"FBI Crime Data Explorer, Rape (NIBRS offense 11A), state summarized monthly rates summed to annual",2026-10-02
ID,2022,54.51,https://cde.ucr.cjis.gov/LATEST/webapp/#/pages/explorer/crime/crime-trend,"FBI Crime Data Explorer, Rape (NIBRS offense 11A), state summarized monthly rates summed to annual",2026-10-02
ID,2023,48.69,https://cde.ucr.cjis.gov/LATEST/webapp/#/pages/explorer/crime/crime-trend,"FBI Crime Data Explorer, Rape (NIBRS offense 11A), state summarized monthly rates summed to annual",2026-10-02
IL,2014,33.41,https://cde.ucr.cjis.gov/LATEST/webapp/#/pages/explorer/crime/crime-trend,"FBI Crime Data Explorer, Rape (NIBRS offense 11A), state summarized monthly rates summed to annual",2026-10-02
IL,2015,38.51,https://cde.ucr.cjis.gov/LATEST/webapp/#/pages/explorer/crime/crime-trend,"FBI Crime Data Explorer, Rape (NIBRS offense 11A), state summarized monthly rates summed to annual",2026-10-02
IL,2016,39.22,https://cde.ucr.cjis.gov/LATEST/webapp/#/pages/explorer/crime/crime-trend,"FBI Crime Data Explorer, Rape (NIBRS offense 11A), state summarized monthly rates summed to annual",2026-10-02
IL,2017,44.14,https://cde.ucr.cjis.gov/LATEST/webapp/#/pages/explorer/crime/crime-trend,"FBI Crime Data Explorer, Rape (NIBRS offense 11A), state summarized monthly rates summed to annual",2026-10-02
IL,2018,48.72,https://cde.ucr.cjis.gov/LATEST/webapp/#/pages/explorer/crime/crime-trend,"FBI Crime Data Explorer, Rape (NIBRS offense 11A), state summarized monthly rates summed to annual",2026-10-02
IL,2019,49.23,https://cde.ucr.cjis.gov/LATEST/webapp/#/pages/explorer/crime/crime-trend,"FBI Crime Data Explorer, Rape (NIBRS offense 11A), state summarized monthly rates summed to annual",2026-10-02
IL,2020,41.52,https://cde.ucr.cjis.gov/LATEST/webapp/#/pages/explorer/crime/crime-trend,"FBI Crime Data Explorer, Rape (NIBRS offense 11A), state summarized monthly rates summed to annual",2026-10-02
IL,2021,46.06,https://cde.ucr.cjis.gov/LATEST/webapp/#/pages/explorer/crime/crime-trend,"FBI Crime Data Explorer, Rape (NIBRS offense 11A), state summarized monthly rates summed to annual",2026-10-02
IL,2022,50.49,https://cde.ucr.cjis.gov/LATEST/webapp/#/pages/explorer/crime/crime-trend,"FBI Crime Data Explorer, Rape (NIBRS offense 11A), state summarized monthly rates summed to annual",2026-10-02
IL,2023,44.38,https://cde.ucr.cjis.gov/LATEST/webapp/#/pages/explorer/crime/crime-trend,"FBI Crime Data Explorer, Rape (NIBRS offense 11A), state summarized monthly rates summed to annual",2026-10-02
IN,2014,31.96,https://cde.ucr.cjis.gov/LATEST/webapp/#/pages/explorer/crime/crime-trend,"FBI Crime Data Explorer, Rape (NIBRS offense 11A), state summarized monthly rates summed to annual",2026-10-02
IN,2015,35.1,https://cde.ucr.cjis.gov/LATEST/webapp/#/pages/explorer/crime/crime-trend,"FBI Crime Data Explorer, Rape (NIBRS offense 11A), state summarized monthly rates summed to annual",2026-10-02
IN,2016,36.87,https://cde.ucr.cjis.gov/LATEST/webapp/#/pages/explorer/crime/crime-trend,"FBI Crime Data Explorer, Rape (NIBRS offense 11A), state summarized monthly rates summed to annual",2026-10-02
IN,2017,42.01,https://cde.ucr.cjis.gov/LATEST/webapp/#/pages/explorer/crime/crime-trend,"FBI Crime Data Explorer, Rape (NIBRS offense 11A), state summarized monthly rates summed to annual",2026-10-02
IN,2018,43.09,https://cde.ucr.cjis.gov/LATEST/webapp/#/pages/explorer/crime/crime-trend,"FBI Crime Data Explorer, Rape (NIBRS offense 11A), state summarized monthly rates summed to annual",2026-10-02
IN,2019,41.57,https://cde.ucr.cjis.gov/LATEST/webapp/#/pages/explorer/crime/crime-trend,"FBI Crime Data Explorer, Rape (NIBRS offense 11A), state summarized monthly rates summed to annual",2026-10-02
IN,2020,39.74,https://cde.ucr.cjis.gov/LATEST/webapp/#/pages/explorer/crime/crime-trend,"FBI Crime Data Explorer, Rape (NIBRS offense 11A), state summarized monthly rates summed to annual",2026-10-02
IN,2021,39.04,https://cde.ucr.cjis.gov/LATEST/webapp/#/pages/explorer/crime/crime-trend,"FBI Crime Data Explorer, Rape (NIBRS offense 11A), state summarized monthly rates summed to annual",2026-10-02
IN,2022,38.9,https://cde.ucr.cjis.gov/LATEST/webapp/#/pages/explorer/crime/crime-trend,"FBI Crime Data Explorer, Rape (NIBRS offense 11A), state summarized monthly rates summed to annual",2026-10-02
IN,2023,38.91,https://cde.ucr.cjis.gov/LATEST/webapp/#/pages/explorer/crime/crime-trend,"FBI Crime Data Explorer, Rape (NIBRS offense 11A), state summarized monthly rates summed to annual",2026-10-02
IA,2014,37.26,https://cde.ucr.cjis.gov/LATEST/webapp/#/pages/explorer/crime/crime-trend,"FBI Crime Data Explorer, Rape (NIBRS offense 11A), state summarized monthly rates summed to annual",2026-10-02
IA,2015,39.03,https://cde.ucr.cjis.gov/LATEST/webapp/#/pages/explorer/crime/crime-trend,"FBI Crime Data Explorer, Rape (NIBRS offense 11A), state summarized monthly rates summed to annual",2026-10-02
IA,2016,41.39,https://cde.ucr.cjis.gov/LATEST/webapp/#/pages/explorer/crime/crime-trend,"FBI Crime Data Explorer, Rape (NIBRS offense 11A), state summarized monthly rates summed to annual",2026-10-02
IA,2017,43.26,https://cde.ucr.cjis.gov/LATEST/webapp/#/pages/explorer/crime/crime-trend,"FBI Crime Data Explorer, Rape (NIBRS offense 11A), state summarized monthly rates summed to annual",2026-10-02
IA,2018,35.89,https://cde.ucr.cjis.gov/LATEST/webapp/#/pages/explorer/crime/crime-trend,"FBI Crime Data Explorer, Rape (NIBRS offense 11A), state summarized monthly rates summed to annual",2026-10-02
IA,2019,45.17,https://cde.ucr.cjis.gov/LATEST/webapp/#/pages/explorer/crime/crime-trend,"FBI Crime Data Explorer, Rape (NIBRS offense 11A), state summarized monthly rates summed to annual",2026-10-02
IA,2020,45.91,https://cde.ucr.cjis.gov/LATEST/webapp/#/pages/explorer/crime/crime-trend,"FBI Crime Data Explorer, Rape (NIBRS offense 11A), state summarized monthly rates summed to annual",2026-10-02
IA,2021,50.33,https://cde.ucr.cjis.gov/LATEST/webapp/#/pages/explorer/crime/crime-trend,"FBI Crime Data Explorer, Rape (NIBRS offense 11A), state summarized monthly rates summed to annual",2026-10-02
IA,2022,47.46,https://cde.ucr.cjis.gov/LATEST/webapp/#/pages/explorer/crime/crime-trend,"FBI Crime Data Explorer, Rape (NIBRS offense 11A), state summarized monthly rates summed to annual",2026-10-02
IA,2023,44.03,https://cde.ucr.cjis.gov/LATEST/webapp/#/pages/explorer/crime/crime-trend,"FBI Crime Data Explorer, Rape (NIBRS offense 11A), state summarized monthly rates summed to annual",2026-10-02
KS,2014,51.01,https://cde.ucr.cjis.gov/LATEST/webapp/#/pages/explorer/crime/crime-trend,"FBI Crime Data Explorer, Rape (NIBRS offense 11A), state summarized monthly rates summed to annual",2026-10-02
KS,2015,60.02,https://cde.ucr.cjis.gov/LATEST/webapp/#/pages/explorer/crime/crime-trend,"FBI Crime Data Explorer, Rape (NIBRS offense 11A), state summarized monthly rates summed to annual",2026-10-02
KS,2016,49.31,https://cde.ucr.cjis.gov/LATEST/webapp/#/pages/explorer/crime/crime-trend,"FBI Crime Data Explorer, Rape (NIBRS offense 11A), state summarized monthly rates summed to annual",2026-10-02
KS,2017,54.5,https://cde.ucr.cjis.gov/LATEST/webapp/#/pages/explorer/crime/crime-trend,"FBI Crime Data Explorer, Rape (NIBRS offense 11A), state summarized monthly rates summed to annual",2026-10-02
KS,2018,58.47,https://cde.ucr.cjis.gov/LATEST/webapp/#/pages/explorer/crime/crime-trend,"FBI Crime Data Explorer, Rape (NIBRS offense 11A), state summarized monthly rates summed to annual",2026-10-02
KS,2019,54.02,https://cde.ucr.cjis.gov/LATEST/webapp/#/pages/explorer/crime/crime-trend,"FBI Crime Data Explorer, Rape (NIBRS offense 11A), state summarized monthly rates summed to annual",2026-10-02
KS,2020,50.04,https://cde.ucr.cjis.gov/LATEST/webapp/#/pages/explorer/crime/crime-trend,"FBI Crime Data Explorer, Rape (NIBRS offense 11A), state summarized monthly rates summed to annual",2026-10-02
KS,2021,52.28,https://cde.ucr.cjis.gov/LATEST/webapp/#/pages/explorer/crime/crime-trend,"FBI Crime Data Explorer, Rape (NIBRS offense 11A), state summarized monthly rates summed to annual",2026-10-02
KS,2022,51.62,https://cde.ucr.cjis.gov/LATEST/webapp/#/pages/explorer/crime/crime-trend,"FBI Crime Data Explorer, Rape (NIBRS offense 11A), state summarized monthly rates summed to annual",2026-10-02
KS,2023,47.16,https://cde.ucr.cjis.gov/LATEST/webapp/#/pages/explorer/crime/crime-trend,"FBI Crime Data Explorer, Rape (NIBRS offense 11A), state summarized monthly rates summed to annual",2026-10-02
KY,2014,35.33,https://cde.ucr.cjis.gov/LATEST/webapp/#/pages/explorer/crime/crime-trend,"FBI Crime Data Explorer, Rape (NIBRS offense 11A), state summarized monthly rates summed to annual",2026-10-02
KY,2015,37.24,https://cde.ucr.cjis.gov/LATEST/webapp/#/pages/explorer/crime/crime-trend,"FBI Crime Data Explorer, Rape (NIBRS offense 11A), state summarized monthly rates summed to annual",2026-10-02
KY,2016,39.4,https://cde.ucr.cjis.gov/LATEST/webapp/#/pages/explorer/crime/crime-trend,"FBI Crime Data Explorer, Rape (NIBRS offense 11A), state summarized monthly rates summed to annual",2026-10-02
KY,2017,44.31,https://cde.ucr.cjis.gov/LATEST/webapp/#/pages/explorer/crime/crime-trend,"FBI Crime Data Explorer, Rape (NIBRS offense 11A), state summarized monthly rates summed to annual",2026-10-02
KY,2018,46.12,https://cde.ucr.cjis.gov/LATEST/webapp/#/pages/explorer/crime/crime-trend,"FBI Crime Data Explorer, Rape (NIBRS offense 11A), state summarized monthly rates summed to annual",2026-10-02
KY,2019,42.14,https://cde.ucr.cjis.gov/LATEST/webapp/#/pages/explorer/crime/crime-trend,"FBI Crime Data Explorer, Rape (NIBRS offense 11A), state summarized monthly rates summed to annual",2026-10-02
KY,2020,39.12,https://cde.ucr.cjis.gov/LATEST/webapp/#/pages/explorer/crime/crime-trend,"FBI Crime Data Explorer, Rape (NIBRS offense 11A), state summarized monthly rates summed to annual",2026-10-02
KY,2021,41.11,https://cde.ucr.cjis.gov/LATEST/webapp/#/pages/explorer/crime/crime-trend,"FBI Crime Data Explorer, Rape (NIBRS offense 11A), state summarized monthly rates summed to annual",2026-10-02
KY,2022,39.69,https://cde.ucr.cjis.gov/LATEST/webapp/#/pages/explorer/crime/crime-trend,"FBI Crime Data Explorer, Rape (NIBRS offense 11A), state summarized monthly rates summed to annual",2026-10-02
KY,2023,38.03,https://cde.ucr.cjis.gov/LATEST/webapp/#/pages/explorer/crime/crime-trend,"FBI Crime Data Explorer, Rape (NIBRS offense 11A), state summarized monthly rates summed to annual",2026-10-02
LA,2014,29.59,https://cde.ucr.cjis.gov/LATEST/webapp/#/pages/explorer/crime/crime-trend,"FBI Crime Data Explorer, Rape (NIBRS offense 11A), state summarized monthly rates summed to annual",2026-10-02
LA,2015,37.59,https://cde.ucr.cjis.gov/LATEST/webapp/#/pages/explorer/crime/crime-trend,"FBI Crime Data Explorer, Rape (NIBRS offense 11A), state summarized monthly rates summed to annual",2026-10-02
LA,2016,39.11,https://cde.ucr.cjis.gov/LATEST/webapp/#/pages/explorer/crime/crime-trend,"FBI Crime Data Explorer, Rape (NIBRS offense 11A), state summarized monthly rates summed to annual",2026-10-02
LA,2017,40.39,https://cde.ucr.cjis.gov/LATEST/webapp/#/pages/explorer/crime/crime-trend,"FBI Crime Data Explorer, Rape (NIBRS offense 11A), state summarized monthly rates summed to annual",2026-10-02
LA,2018,46.09,https://cde.ucr.cjis.gov/LATEST/webapp/#/pages/explorer/crime/crime-trend,"FBI Crime Data Explorer, Rape (NIBRS offense 11A), state summarized monthly rates summed to annual",2026-10-02
LA,2019,50.69,https://cde.ucr.cjis.gov/LATEST/webapp/#/pages/explorer/crime/crime-trend,"FBI Crime Data Explorer, Rape (NIBRS offense 11A), state summarized monthly rates summed to annual",2026-10-02
LA,2020,45.9,https://cde.ucr.cjis.gov/LATEST/webapp/#/pages/explorer/crime/crime-trend,"FBI Crime Data Explorer, Rape (NIBRS offense 11A), state summarized monthly rates summed to annual",2026-10-02
LA,2021,47.94,https://cde.ucr.cjis.gov/LATEST/webapp/#/pages/explorer/crime/crime-trend,"FBI Crime Data Explorer, Rape (NIBRS offense 11A), state summarized monthly rates summed to annual",2026-10-02
LA,2022,51.96,https://cde.ucr.cjis.gov/LATEST/webapp/#/pages/explorer/crime/crime-trend,"FBI Crime Data Explorer, Rape (NIBRS offense 11A), state summarized monthly rates summed to annual",2026-10-02
LA,2023,48.65,https://cde.ucr.cjis.gov/LATEST/webapp/#/pages/explorer/crime/crime-trend,"FBI Crime Data Explorer, Rape (NIBRS offense 11A), state summarized monthly rates summed to annual",2026-10-02
ME,2014,29.32,https://cde.ucr.cjis.gov/LATEST/webapp/#/pages/explorer/crime/crime-trend,"FBI Crime Data Explorer, Rape (NIBRS offense 11A), state summarized monthly rates summed to annual",2026-10-02
ME,2015,28.36,https://cde.ucr.cjis.gov/LATEST/webapp/#/pages/explorer/crime/crime-trend,"FBI Crime Data Explorer, Rape (NIBRS offense 11A), state summarized monthly rates summed to annual",2026-10-02
ME,2016,30.87,https://cde.ucr.cjis.gov/LATEST/webapp/#/pages/explorer/crime/crime-trend,"FBI Crime Data Explorer, Rape (NIBRS offense 11A), state summarized monthly rates summed to annual",2026-10-02
ME,2017,35.19,https://cde.ucr.cjis.gov/LATEST/webapp/#/pages/explorer/crime/crime-trend,"FBI Crime Data Explorer, Rape (NIBRS offense 11A), state summarized monthly rates summed to annual",2026-10-02
ME,2018,33.41,https://cde.ucr.cjis.gov/LATEST/webapp/#/pages/explorer/crime/crime-trend,"FBI Crime Data Explorer, Rape (NIBRS offense 11A), state summarized monthly rates summed to annual",2026-10-02
ME,2019,38.68,https://cde.ucr.cjis.gov/LATEST/webapp/#/pages/explorer/crime/crime-trend,"FBI Crime Data Explorer, Rape (NIBRS offense 11A), state summarized monthly rates summed to annual",2026-10-02
ME,2020,37.48,https://cde.ucr.cjis.gov/LATEST/webapp/#/pages/explorer/crime/crime-trend,"FBI Crime Data Explorer, Rape (NIBRS offense 11A), state summarized monthly rates summed to annual",2026-10-02
ME,2021,38.6,https://cde.ucr.cjis.gov/LATEST/webapp/#/pages/explorer/crime/crime-trend,"FBI Crime Data Explorer, Rape (NIBRS offense 11A), state summarized monthly rates summed to annual",2026-10-02
ME,2022,33.25,https://cde.ucr.cjis.gov/LATEST/webapp/#/pages/explorer/crime/crime-trend,"FBI Crime Data Explorer, Rape (NIBRS offense 11A), state summarized monthly rates summed to annual",2026-10-02
ME,2023,31.16,https://cde.ucr.cjis.gov/LATEST/webapp/#/pages/explorer/crime/crime-trend,"FBI Crime Data Explorer, Rape (NIBRS offense 11A), state summarized monthly rates summed to annual",2026-10-02
MD,2014,19.36,https://cde.ucr.cjis.gov/LATEST/webapp/#/pages/explorer/crime/crime-trend,"FBI Crime Data Explorer, Rape (NIBRS offense 11A), state summarized monthly rates summed to annual",2026-10-02
MD,2015,27.98,https://cde.ucr.cjis.gov/LATEST/webapp/#/pages/explorer/crime/crime-trend,"FBI Crime Data Explorer, Rape (NIBRS offense 11A), state summarized monthly rates summed to annual",2026-10-02
MD,2016,30.2,https://cde.ucr.cjis.gov/LATEST/webapp/#/pages/explorer/crime/crime-trend,"FBI Crime Data Explorer, Rape (NIBRS offense 11A), state summarized monthly rates summed to annual",2026-10-02
MD,2017,28.19,https://cde.ucr.cjis.gov/LATEST/webapp/#/pages/explorer/crime/crime-trend,"FBI Crime Data Explorer, Rape (NIBRS offense 11A), state summarized monthly rates summed to annual",2026-10-02
MD,2018,32.97,https://cde.ucr.cjis.gov/LATEST/webapp/#/pages/explorer/crime/crime-trend,"FBI Crime Data Explorer, Rape (NIBRS offense 11A), state summarized monthly rates summed to annual",2026-10-02
MD,2019,32.16,https://cde.ucr.cjis.gov/LATEST/webapp/#/pages/explorer/crime/crime-trend,"FBI Crime Data Explorer, Rape (NIBRS offense 11A), state summarized monthly rates summed to annual",2026-10-02
MD,2020,30.1,https://cde.ucr.cjis.gov/LATEST/webapp/#/pages/explorer/crime/crime-trend,"FBI Crime Data Explorer, Rape (NIBRS offense 11A), state summarized monthly rates summed to annual",2026-10-02
MD,2021,36.85,https://cde.ucr.cjis.gov/LATEST/webapp/#/pages/explorer/crime/crime-trend,"FBI Crime Data Explorer, Rape (NIBRS offense 11A), state summarized monthly rates summed to annual",2026-10-02
MD,2022,35.24,https://cde.ucr.cjis.gov/LATEST/webapp/#/pages/explorer/crime/crime-trend,"FBI Crime Data Explorer, Rape (NIBRS offense 11A), state summarized monthly rates summed to annual",2026-10-02
MD,2023,35.93,https://cde.ucr.cjis.gov/LATEST/webapp/#/pages/explorer/crime/crime-trend,"FBI Crime Data Explorer, Rape (NIBRS offense 11A), state summarized monthly rates summed to annual",2026-10-02
MA,2014,30.49,https://cde.ucr.cjis.gov/LATEST/webapp/#/pages/explorer/crime/crime-trend,"FBI Crime Data Explorer, Rape (NIBRS offense 11A), state summarized monthly rates summed to annual",2026-10-02
MA,2015,30.48,https://cde.ucr.cjis.gov/LATEST/webapp/#/pages/explorer/crime/crime-trend,"FBI Crime Data Explorer, Rape (NIBRS offense 11A), state summarized monthly rates summed to annual",2026-10-02
MA,2016,31.16,https://cde.ucr.cjis.gov/LATEST/webapp/#/pages/explorer/crime/crime-trend,"FBI Crime Data Explorer, Rape (NIBRS offense 11A), state summarized monthly rates summed to annual",2026-10-02
MA,2017,32.91,https://cde.ucr.cjis.gov/LATEST/webapp/#/pages/explorer/crime/crime-trend,"FBI Crime Data Explorer, Rape (NIBRS offense 11A), state summarized monthly rates summed to annual",2026-10-02
MA,2018,36.07,https://cde.ucr.cjis.gov/LATEST/webapp/#/pages/explorer/crime/crime-trend,"FBI Crime Data Explorer, Rape (NIBRS offense 11A), state summarized monthly rates summed to annual",2026-10-02
MA,2019,32.84,https://cde.ucr.cjis.gov/LATEST/webapp/#/pages/explorer/crime/crime-trend,"FBI Crime Data Explorer, Rape (NIBRS offense 11A), state summarized monthly rates summed to annual",2026-10-02
MA,2020,27.84,https://cde.ucr.cjis.gov/LATEST/webapp/#/pages/explorer/crime/crime-trend,"FBI Crime Data Explorer, Rape (NIBRS offense 11A), state summarized monthly rates summed to annual",2026-10-02
MA,2021,29.84,https://cde.ucr.cjis.gov/LATEST/webapp/#/pages/explorer/crime/crime-trend,"FBI Crime Data Explorer, Rape (NIBRS offense 11A), state summarized monthly rates summed to annual",2026-10-02
MA,2022,30.18,https://cde.ucr.cjis.gov/LATEST/webapp/#/pages/explorer/crime/crime-trend,"FBI Crime Data Explorer, Rape (NIBRS offense 11A), state summarized monthly rates summed to annual",2026-10-02
MA,2023,28.34,https://cde.ucr.cjis.gov/LATEST/webapp/#/pages/explorer/crime/crime-trend,"FBI Crime Data Explorer, Rape (NIBRS offense 11A), state summarized monthly rates summed to annual",2026-10-02
MI,2014,63.82,https://cde.ucr.cjis.gov/LATEST/webapp/#/pages/explorer/crime/crime-trend,"FBI Crime Data Explorer, Rape (NIBRS offense 11A), state summarized monthly rates summed to annual",2026-10-02
MI,2015,67.43,https://cde.ucr.cjis.gov/LATEST/webapp/#/pages/explorer/crime/crime-trend,"FBI Crime Data Explorer, Rape (NIBRS offense 11A), state summarized monthly rates summed to annual",2026-10-02
MI,2016,72.77,https://cde.ucr.cjis.gov/LATEST/webapp/#/pages/explorer/crime/crime-trend,"FBI Crime Data Explorer, Rape (NIBRS offense 11A), state summarized monthly rates summed to annual",2026-10-02
MI,2017,73.36,https://cde.ucr.cjis.gov/LATEST/webapp/#/pages/explorer/crime/crime-trend,"FBI Crime Data Explorer, Rape (NIBRS offense 11A), state summarized monthly rates summed to annual",2026-10-02
MI,2018,81.22,https://cde.ucr.cjis.gov/LATEST/webapp/#/pages/explorer/crime/crime-trend,"FBI Crime Data Explorer, Rape (NIBRS offense 11A), state summarized monthly rates summed to annual",2026-10-02
MI,2019,75.51,https://cde.ucr.cjis.gov/LATEST/webapp/#/pages/explorer/crime/crime-trend,"FBI Crime Data Explorer, Rape (NIBRS offense 11A), state summarized monthly rates summed to annual",2026-10-02
MI,2020,65.84,https://cde.ucr.cjis.gov/LATEST/webapp/#/pages/explorer/crime/crime-trend,"FBI Crime Data Explorer, Rape (NIBRS offense 11A), state summarized monthly rates summed to annual",2026-10-02
MI,2021,69.54,https://cde.ucr.cjis.gov/LATEST/webapp/#/pages/explorer/crime/crime-trend,"FBI Crime Data Explorer, Rape (NIBRS offense 11A), state summarized monthly rates summed to annual",2026-10-02
MI,2022,67.5,https://cde.ucr.cjis.gov/LATEST/webapp/#/pages/explorer/crime/crime-trend,"FBI Crime Data Explorer, Rape (NIBRS offense 11A), state summarized monthly rates summed to annual",2026-10-02
MI,2023,61.47,https://cde.ucr.cjis.gov/LATEST/webapp/#/pages/explorer/crime/crime-trend,"FBI Crime Data Explorer, Rape (NIBRS offense 11A), state summarized monthly rates summed to annual",2026-10-02
MN,2014,36.59,https://cde.ucr.cjis.gov/LATEST/webapp/#/pages/explorer/crime/crime-trend,"FBI Crime Data Explorer, Rape (NIBRS offense 11A), state summarized monthly rates summed to annual",2026-10-02
MN,2015,42.65,https://cde.ucr.cjis.gov/LATEST/webapp/#/pages/explorer/crime/crime-trend,"FBI Crime Data Explorer, Rape (NIBRS offense 11A), state summarized monthly rates summed to annual",2026-10-02
MN,2016,42.1,https://cde.ucr.cjis.gov/LATEST/webapp/#/pages/explorer/crime/crime-trend,"FBI Crime Data Explorer, Rape (NIBRS offense 11A), state summarized monthly rates summed to annual",2026-10-02
MN,2017,43.03,https://cde.ucr.cjis.gov/LATEST/webapp/#/pages/explorer/crime/crime-trend,"FBI Crime Data Explorer, Rape (NIBRS offense 11A), state summarized monthly rates summed to annual",2026-10-02
MN,2018,44.08,https://cde.ucr.cjis.gov/LATEST/webapp/#/pages/explorer/crime/crime-trend,"FBI Crime Data Explorer, Rape (NIBRS offense 11A), state summarized monthly rates summed to annual",2026-10-02
MN,2019,44.89,https://cde.ucr.cjis.gov/LATEST/webapp/#/pages/explorer/crime/crime-trend,"FBI Crime Data Explorer, Rape (NIBRS offense 11A), state summarized monthly rates summed to annual",2026-10-02
MN,2020,41.65,https://cde.ucr.cjis.gov/LATEST/webapp/#/pages/explorer/crime/crime-trend,"FBI Crime Data Explorer, Rape (NIBRS offense 11A), state summarized monthly rates summed to annual",2026-10-02
MN,2021,46.79,https://cde.ucr.cjis.gov/LATEST/webapp/#/pages/explorer/crime/crime-trend,"FBI Crime Data Explorer, Rape (NIBRS offense 11A), state summarized monthly rates summed to annual",2026-10-02
MN,2022,43.25,https://cde.ucr.cjis.gov/LATEST/webapp/#/pages/explorer/crime/crime-trend,"FBI Crime Data Explorer, Rape (NIBRS offense 11A), state summarized monthly rates summed to annual",2026-10-02
MN,2023,37.82,https://cde.ucr.cjis.gov/LATEST/webapp/#/pages/explorer/crime/crime-trend,"FBI Crime Data Explorer, Rape (NIBRS offense 11A), state summarized monthly rates summed to annual",2026-10-02
MS,2014,30.11,https://cde.ucr.cjis.gov/LATEST/webapp/#/pages/explorer/crime/crime-trend,"FBI Crime Data Explorer, Rape (NIBRS offense 11A), state summarized monthly rates summed to annual",2026-10-02
MS,2015,30.79,https://cde.ucr.cjis.gov/LATEST/webapp/#/pages/explorer/crime/crime-trend,"FBI Crime Data Explorer, Rape (NIBRS offense 11A), state summarized monthly rates summed to annual",2026-10-02
MS,2016,33.04,https://cde.ucr.cjis.gov/LATEST/webapp/#/pages/explorer/crime/crime-trend,"FBI Crime Data Explorer, Rape (NIBRS offense 11A), state summarized monthly rates summed to annual",2026-10-02
MS,2017,30.09,https://cde.ucr.cjis.gov/LATEST/webapp/#/pages/explorer/crime/crime-trend,"FBI Crime Data Explorer, Rape (NIBRS offense 11A), state summarized monthly rates summed to annual",2026-10-02
MS,2018,28.59,https://cde.ucr.cjis.gov/LATEST/webapp/#/pages/explorer/crime/crime-trend,"FBI Crime Data Explorer, Rape (NIBRS offense 11A), state summarized monthly rates summed to annual",2026-10-02
MS,2019,36.67,https://cde.ucr.cjis.gov/LATEST/webapp/#/pages/explorer/crime/crime-trend,"FBI Crime Data Explorer, Rape (NIBRS offense 11A), state summarized monthly rates summed to annual",2026-10-02
MS,2020,37.64,https://cde.ucr.cjis.gov/LATEST/webapp/#/pages/explorer/crime/crime-trend,"FBI Crime Data Explorer, Rape (NIBRS offense 11A), state summarized monthly rates summed to annual",2026-10-02
MS,2021,41.23,https://cde.ucr.cjis.gov/LATEST/webapp/#/pages/explorer/crime/crime-trend,"FBI Crime Data Explorer, Rape (NIBRS offense 11A), state summarized monthly rates summed to annual",2026-10-02
MS,2022,34.78,https://cde.ucr.cjis.gov/LATEST/webapp/#/pages/explorer/crime/crime-trend,"FBI Crime Data Explorer, Rape (NIBRS offense 11A), state summarized monthly rates summed to annual",2026-10-02
MS,2023,33.67,https://cde.ucr.cjis.gov/LATEST/webapp/#/pages/explorer/crime/crime-trend,"FBI Crime Data Explorer, Rape (NIBRS offense 11A), state summarized monthly rates summed to annual",2026-10-02
MO,2014,39.62,https://cde.ucr.cjis.gov/LATEST/webapp/#/pages/explorer/crime/crime-trend,"FBI Crime Data Explorer, Rape (NIBRS offense 11A), state summarized monthly rates summed to annual",2026-10-02
MO,2015,42.36,https://cde.ucr.cjis.gov/LATEST/webapp/#/pages/explorer/crime/crime-trend,"FBI Crime Data Explorer, Rape (NIBRS offense 11A), state summarized monthly rates summed to annual",2026-10-02
MO,2016,42.08,https://cde.ucr.cjis.gov/LATEST/webapp/#/pages/explorer/crime/crime-trend,"FBI Crime Data Explorer, Rape (NIBRS offense 11A), state summarized monthly rates summed to annual",2026-10-02
MO,2017,46.03,https://cde.ucr.cjis.gov/LATEST/webapp/#/pages/explorer/crime/crime-trend,"FBI Crime Data Explorer, Rape (NIBRS offense 11A), state summarized monthly rates summed to annual",2026-10-02
MO,2018,48.82,https://cde.ucr.cjis.gov/LATEST/webapp/#/pages/explorer/crime/crime-trend,"FBI Crime Data Explorer, Rape (NIBRS offense 11A), state summarized monthly rates summed to annual",2026-10-02
MO,2019,50.13,https://cde.ucr.cjis.gov/LATEST/webapp/#/pages/explorer/crime/crime-trend,"FBI Crime Data Explorer, Rape (NIBRS offense 11A), state summarized monthly rates summed to annual",2026-10-02
MO,2020,49.53,https://cde.ucr.cjis.gov/LATEST/webapp/#/pages/explorer/crime/crime-trend,"FBI Crime Data Explorer, Rape (NIBRS offense 11A), state summarized monthly rates summed to annual",2026-10-02
MO,2021,59.27,https://cde.ucr.cjis.gov/LATEST/webapp/#/pages/explorer/crime/crime-trend,"FBI Crime Data Explorer, Rape (NIBRS offense 11A), state summarized monthly rates summed to annual",2026-10-02
MO,2022,54.05,https://cde.ucr.cjis.gov/LATEST/webapp/#/pages/explorer/crime/crime-trend,"FBI Crime Data Explorer, Rape (NIBRS offense 11A), state summarized monthly rates summed to annual",2026-10-02
MO,2023,51.51,https://cde.ucr.cjis.gov/LATEST/webapp/#/pages/explorer/crime/crime-trend,"FBI Crime Data Explorer, Rape (NIBRS offense 11A), state summarized monthly rates summed to annual",2026-10-02
MT,2014,52.36,https://cde.ucr.cjis.gov/LATEST/webapp/#/pages/explorer/crime/crime-trend,"FBI Crime Data Explorer, Rape (NIBRS offense 11A), state summarized monthly rates summed to annual",2026-10-02
MT,2015,55.27,https://cde.ucr.cjis.gov/LATEST/webapp/#/pages/explorer/crime/crime-trend,"FBI Crime Data Explorer, Rape (NIBRS offense 11A), state summarized monthly rates summed to annual",2026-10-02
MT,2016,57.45,https://cde.ucr.cjis.gov/LATEST/webapp/#/pages/explorer/crime/crime-trend,"FBI Crime Data Explorer, Rape (NIBRS offense 11A), state summarized monthly rates summed to annual",2026-10-02
MT,2017,63.77,https://cde.ucr.cjis.gov/LATEST/webapp/#/pages/explorer/crime/crime-trend,"FBI Crime Data Explorer, Rape (NIBRS offense 11A), state summarized monthly rates summed to annual",2026-10-02
MT,2018,57.11,https://cde.ucr.cjis.gov/LATEST/webapp/#/pages/explorer/crime/crime-trend,"FBI Crime Data Explorer, Rape (NIBRS offense 11A), state summarized monthly rates summed to annual",2026-10-02
MT,2019,67.53,https://cde.ucr.cjis.gov/LATEST/webapp/#/pages/explorer/crime/crime-trend,"FBI Crime Data Explorer, Rape (NIBRS offense 11A), state summarized monthly rates summed to annual",2026-10-02
MT,2020,63.84,https://cde.ucr.cjis.gov/LATEST/webapp/#/pages/explorer/crime/crime-trend,"FBI Crime Data Explorer, Rape (NIBRS offense 11A), state summarized monthly rates summed to annual",2026-10-02
MT,2021,65.78,https://cde.ucr.cjis.gov/LATEST/webapp/#/pages/explorer/crime/crime-trend,"FBI Crime Data Explorer, Rape (NIBRS offense 11A), state summarized monthly rates summed to annual",2026-10-02
MT,2022,58.82,https://cde.ucr.cjis.gov/LATEST/webapp/#/pages/explorer/crime/crime-trend,"FBI Crime Data Explorer, Rape (NIBRS offense 11A), state summarized monthly rates summed to annual",2026-10-02
MT,2023,58.83,https://cde.ucr.cjis.gov/LATEST/webapp/#/pages/explorer/crime/crime-trend,"FBI Crime Data Explorer, Rape (NIBRS offense 11A), state summarized monthly rates summed to annual",2026-10-02
NE,2014,39.1,https://cde.ucr.cjis.gov/LATEST/webapp/#/pages/explorer/crime/crime-trend,"FBI Crime Data Explorer, Rape (NIBRS offense 11A), state summarized monthly rates summed to annual",2026-10-02
NE,2015,41.86,https://cde.ucr.cjis.gov/LATEST/webapp/#/pages/explorer/crime/crime-trend,"FBI Crime Data Explorer, Rape (NIBRS offense 11A), state summarized monthly rates summed to annual",2026-10-02
NE,2016,48.66,https://cde.ucr.cjis.gov/LATEST/webapp/#/pages/explorer/crime/crime-trend,"FBI Crime Data Explorer, Rape (NIBRS offense 11A), state summarized monthly rates summed to annual",2026-10-02
NE,2017,64.29,https://cde.ucr.cjis.gov/LATEST/webapp/#/pages/explorer/crime/crime-trend,"FBI Crime Data Explorer, Rape (NIBRS offense 11A), state summarized monthly rates summed to annual",2026-10-02
NE,2018,68.37,https://cde.ucr.cjis.gov/LATEST/webapp/#/pages/explorer/crime/crime-trend,"FBI Crime Data Explorer, Rape (NIBRS offense 11A), state summarized monthly rates summed to annual",2026-10-02
NE,2019,66.56,https://cde.ucr.cjis.gov/LATEST/webapp/#/pages/explorer/crime/crime-trend,"FBI Crime Data Explorer, Rape (NIBRS offense 11A), state summarized monthly rates summed to annual",2026-10-02
NE,2020,61.15,https://cde.ucr.cjis.gov/LATEST/webapp/#/pages/explorer/crime/crime-trend,"FBI Crime Data Explorer, Rape (NIBRS offense 11A), state summarized monthly rates summed to annual",2026-10-02
NE,2021,60.3,https://cde.ucr.cjis.gov/LATEST/webapp/#/pages/explorer/crime/crime-trend,"FBI Crime Data Explorer, Rape (NIBRS offense 11A), state summarized monthly rates summed to annual",2026-10-02
NE,2022,60.11,https://cde.ucr.cjis.gov/LATEST/webapp/#/pages/explorer/crime/crime-trend,"FBI Crime Data Explorer, Rape (NIBRS offense 11A), state summarized monthly rates summed to annual",2026-10-02
NE,2023,52.06,https://cde.ucr.cjis.gov/LATEST/webapp/#/pages/explorer/crime/crime-trend,"FBI Crime Data Explorer, Rape (NIBRS offense 11A), state summarized monthly rates summed to annual",2026-10-02
NV,2014,47.77,https://cde.ucr.cjis.gov/LATEST/webapp/#/pages/explorer/crime/crime-trend,"FBI Crime Data Explorer, Rape (NIBRS offense 11A), state summarized monthly rates summed to annual",2026-10-02
NV,2015,58.42,https://cde.ucr.cjis.gov/LATEST/webapp/#/pages/explorer/crime/crime-trend,"FBI Crime Data Explorer, Rape (NIBRS offense 11A), state summarized monthly rates summed to annual",2026-10-02
NV,2016,58.8,https://cde.ucr.cjis.gov/LATEST/webapp/#/pages/explorer/crime/crime-trend,"FBI Crime Data Explorer, Rape (NIBRS offense 11A), state summarized monthly rates summed to annual",2026-10-02
NV,2017,63.05,https://cde.ucr.cjis.gov/LATEST/webapp/#/pages/explorer/crime/crime-trend,"FBI Crime Data Explorer, Rape (NIBRS offense 11A), state summarized monthly rates summed to annual",2026-10-02
NV,2018,76.73,https://cde.ucr.cjis.gov/LATEST/webapp/#/pages/explorer/crime/crime-trend,"FBI Crime Data Explorer, Rape (NIBRS offense 11A), state summarized monthly rates summed to annual",2026-10-02
NV,2019,70.09,https://cde.ucr.cjis.gov/LATEST/webapp/#/pages/explorer/crime/crime-trend,"FBI Crime Data Explorer, Rape (NIBRS offense 11A), state summarized monthly rates summed to annual",2026-10-02
NV,2020,61.91,https://cde.ucr.cjis.gov/LATEST/webapp/#/pages/explorer/crime/crime-trend,"FBI Crime Data Explorer, Rape (NIBRS offense 11A), state summarized monthly rates summed to annual",2026-10-02
NV,2021,61.44,https://cde.ucr.cjis.gov/LATEST/webapp/#/pages/explorer/crime/crime-trend,"FBI Crime Data Explorer, Rape (NIBRS offense 11A), state summarized monthly rates summed to annual",2026-10-02
NV,2022,61.33,https://cde.ucr.cjis.gov/LATEST/webapp/#/pages/explorer/crime/crime-trend,"FBI Crime Data Explorer, Rape (NIBRS offense 11A), state summarized monthly rates summed to annual",2026-10-02
NV,2023,53.66,https://cde.ucr.cjis.gov/LATEST/webapp/#/pages/explorer/crime/crime-trend,"FBI Crime Data Explorer, Rape (NIBRS offense 11A), state summarized monthly rates summed to annual",2026-10-02
NH,2014,43.54,https://cde.ucr.cjis.gov/LATEST/webapp/#/pages/explorer/crime/crime-trend,"FBI Crime Data Explorer, Rape (NIBRS offense 11A), state summarized monthly rates summed to annual",2026-10-02
NH,2015,47.65,https://cde.ucr.cjis.gov/LATEST/webapp/#/pages/explorer/crime/crime-trend,"FBI Crime Data Explorer, Rape (NIBRS offense 11A), state summarized monthly rates summed to annual",2026-10-02
NH,2016,44.22,https://cde.ucr.cjis.gov/LATEST/webapp/#/pages/explorer/crime/crime-trend,"FBI Crime Data Explorer, Rape (NIBRS offense 11A), state summarized monthly rates summed to annual",2026-10-02
NH,2017,48.81,https://cde.ucr.cjis.gov/LATEST/webapp/#/pages/explorer/crime/crime-trend,"FBI Crime Data Explorer, Rape (NIBRS offense 11A), state summarized monthly rates summed to annual",2026-10-02
NH,2018,43.17,https://cde.ucr.cjis.gov/LATEST/webapp/#/pages/explorer/crime/crime-trend,"FBI Crime Data Explorer, Rape (NIBRS offense 11A), state summarized monthly rates summed to annual",2026-10-02
NH,2019,46.18,https://cde.ucr.cjis.gov/LATEST/webapp/#/pages/explorer/crime/crime-trend,"FBI Crime Data Explorer, Rape (NIBRS offense 11A), state summarized monthly rates summed to annual",2026-10-02
NH,2020,42.77,https://cde.ucr.cjis.gov/LATEST/webapp/#/pages/explorer/crime/crime-trend,"FBI Crime Data Explorer, Rape (NIBRS offense 11A), state summarized monthly rates summed to annual",2026-10-02
NH,2021,51.4,https://cde.ucr.cjis.gov/LATEST/webapp/#/pages/explorer/crime/crime-trend,"FBI Crime Data Explorer, Rape (NIBRS offense 11A), state summarized monthly rates summed to annual",2026-10-02
NH,2022,42.62,https://cde.ucr.cjis.gov/LATEST/webapp/#/pages/explorer/crime/crime-trend,"FBI Crime Data Explorer, Rape (NIBRS offense 11A), state summarized monthly rates summed to annual",2026-10-02
NH,2023,38.58,https://cde.ucr.cjis.gov/LATEST/webapp/#/pages/explorer/crime/crime-trend,"FBI Crime Data Explorer, Rape (NIBRS offense 11A), state summarized monthly rates summed to annual",2026-10-02
NJ,2014,10.64,https://cde.ucr.cjis.gov/LATEST/webapp/#/pages/explorer/crime/crime-trend,"FBI Crime Data Explorer, Rape (NIBRS offense 11A), state summarized monthly rates summed to annual",2026-10-02
NJ,2015,15.26,https://cde.ucr.cjis.gov/LATEST/webapp/#/pages/explorer/crime/crime-trend,"FBI Crime Data Explorer, Rape (NIBRS offense 11A), state summarized monthly rates summed to annual",2026-10-02
NJ,2016,16.25,https://cde.ucr.cjis.gov/LATEST/webapp/#/pages/explorer/crime/crime-trend,"FBI Crime Data Explorer, Rape (NIBRS offense 11A), state summarized monthly rates summed to annual",2026-10-02
NJ,2017,16.7,https://cde.ucr.cjis.gov/LATEST/webapp/#/pages/explorer/crime/crime-trend,"FBI Crime Data Explorer, Rape (NIBRS offense 11A), state summarized monthly rates summed to annual",2026-10-02
NJ,2018,15.98,https://cde.ucr.cjis.gov/LATEST/webapp/#/pages/explorer/crime/crime-trend,"FBI Crime Data Explorer, Rape (NIBRS offense 11A), state summarized monthly rates summed to annual",2026-10-02
NJ,2019,17.34,https://cde.ucr.cjis.gov/LATEST/webapp/#/pages/explorer/crime/crime-trend,"FBI Crime Data Explorer, Rape (NIBRS offense 11A), state summarized monthly rates summed to annual",2026-10-02
NJ,2020,14.39,https://cde.ucr.cjis.gov/LATEST/webapp/#/pages/explorer/crime/crime-trend,"FBI Crime Data Explorer, Rape (NIBRS offense 11A), state summarized monthly rates summed to annual",2026-10-02
NJ,2021,14.73,https://cde.ucr.cjis.gov/LATEST/webapp/#/pages/explorer/crime/crime-trend,"FBI Crime Data Explorer, Rape (NIBRS offense 11A), state summarized monthly rates summed to annual",2026-10-02
NJ,2022,16.96,https://cde.ucr.cjis.gov/LATEST/webapp/#/pages/explorer/crime/crime-trend,"FBI Crime Data Explorer, Rape (NIBRS offense 11A), state summarized monthly rates summed to annual",2026-10-02
NJ,2023,18.22,https://cde.ucr.cjis.gov/LATEST/webapp/#/pages/explorer/crime/crime-trend,"FBI Crime Data Explorer, Rape (NIBRS offense 11A), state summarized monthly rates summed to annual",2026-10-02
NM,2014,51.88,https://cde.ucr.cjis.gov/LATEST/webapp/#/pages/explorer/crime/crime-trend,"FBI Crime Data Explorer, Rape (NIBRS offense 11A), state summarized monthly rates summed to annual",2026-10-02
NM,2015,59.22,https://cde.ucr.cjis.gov/LATEST/webapp/#/pages/explorer/crime/crime-trend,"FBI Crime Data Explorer, Rape (NIBRS offense 11A), state summarized monthly rates summed to annual",2026-10-02
NM,2016,53.93,https://cde.ucr.cjis.gov/LATEST/webapp/#/pages/explorer/crime/crime-trend,"FBI Crime Data Explorer, Rape (NIBRS offense 11A), state summarized monthly rates summed to annual",2026-10-02
NM,2017,59.35,https://cde.ucr.cjis.gov/LATEST/webapp/#/pages/explorer/crime/crime-trend,"FBI Crime Data Explorer, Rape (NIBRS offense 11A), state summarized monthly rates summed to annual",2026-10-02
NM,2018,64.05,https://cde.ucr.cjis.gov/LATEST/webapp/#/pages/explorer/crime/crime-trend,"FBI Crime Data Explorer, Rape (NIBRS offense 11A), state summarized monthly rates summed to annual",2026-10-02
NM,2019,61.42,https://cde.ucr.cjis.gov/LATEST/webapp/#/pages/explorer/crime/crime-trend,"FBI Crime Data Explorer, Rape (NIBRS offense 11A), state summarized monthly rates summed to annual",2026-10-02
NM,2020,59.72,https://cde.ucr.cjis.gov/LATEST/webapp/#/pages/explorer/crime/crime-trend,"FBI Crime Data Explorer, Rape (NIBRS offense 11A), state summarized monthly rates summed to annual",2026-10-02
NM,2021,66.47,https://cde.ucr.cjis.gov/LATEST/webapp/#/pages/explorer/crime/crime-trend,"FBI Crime Data Explorer, Rape (NIBRS offense 11A), state summarized monthly rates summed to annual",2026-10-02
NM,2022,59.31,https://cde.ucr.cjis.gov/LATEST/webapp/#/pages/explorer/crime/crime-trend,"FBI Crime Data Explorer, Rape (NIBRS offense 11A), state summarized monthly rates summed to annual",2026-10-02
NM,2023,58.06,https://cde.ucr.cjis.gov/LATEST/webapp/#/pages/explorer/crime/crime-trend,"FBI Crime Data Explorer, Rape (NIBRS offense 11A), state summarized monthly rates summed to annual",2026-10-02
NY,2014,30.23,https://cde.ucr.cjis.gov/LATEST/webapp/#/pages/explorer/crime/crime-trend,"FBI Crime Data Explorer, Rape (NIBRS offense 11A), state summarized monthly rates summed to annual",2026-10-02
NY,2015,30.97,https://cde.ucr.cjis.gov/LATEST/webapp/#/pages/explorer/crime/crime-trend,"FBI Crime Data Explorer, Rape (NIBRS offense 11A), state summarized monthly rates summed to annual",2026-10-02
NY,2016,31.74,https://cde.ucr.cjis.gov/LATEST/webapp/#/pages/explorer/crime/crime-trend,"FBI Crime Data Explorer, Rape (NIBRS offense 11A), state summarized monthly rates summed to annual",2026-10-02
NY,2017,32.07,https://cde.ucr.cjis.gov/LATEST/webapp/#/pages/explorer/crime/crime-trend,"FBI Crime Data Explorer, Rape (NIBRS offense 11A), state summarized monthly rates summed to annual",2026-10-02
NY,2018,33.81,https://cde.ucr.cjis.gov/LATEST/webapp/#/pages/explorer/crime/crime-trend,"FBI Crime Data Explorer, Rape (NIBRS offense 11A), state summarized monthly rates summed to annual",2026-10-02
NY,2019,34.21,https://cde.ucr.cjis.gov/LATEST/webapp/#/pages/explorer/crime/crime-trend,"FBI Crime Data Explorer, Rape (NIBRS offense 11A), state summarized monthly rates summed to annual",2026-10-02
NY,2020,28.69,https://cde.ucr.cjis.gov/LATEST/webapp/#/pages/explorer/crime/crime-trend,"FBI Crime Data Explorer, Rape (NIBRS offense 11A), state summarized monthly rates summed to annual",2026-10-02
NY,2021,8.81,https://cde.ucr.cjis.gov/LATEST/webapp/#/pages/explorer/crime/crime-trend,"FBI Crime Data Explorer, Rape (NIBRS offense 11A), state summarized monthly rates summed to annual",2026-10-02
NY,2022,30.37,https://cde.ucr.cjis.gov/LATEST/webapp/#/pages/explorer/crime/crime-trend,"FBI Crime Data Explorer, Rape (NIBRS offense 11A), state summarized monthly rates summed to annual",2026-10-02
NY,2023,27.6,https://cde.ucr.cjis.gov/LATEST/webapp/#/pages/explorer/crime/crime-trend,"FBI Crime Data Explorer, Rape (NIBRS offense 11A), state summarized monthly rates summed to annual",2026-10-02
NC,2014,34.93,https://cde.ucr.cjis.gov/LATEST/webapp/#/pages/explorer/crime/crime-trend,"FBI Crime Data Explorer, Rape (NIBRS offense 11A), state summarized monthly rates summed to annual",2026-10-02
NC,2015,38.14,https://cde.ucr.cjis.gov/LATEST/webapp/#/pages/explorer/crime/crime-trend,"FBI Crime Data Explorer, Rape (NIBRS offense 11A), state summarized monthly rates summed to annual",2026-10-02
NC,2016,40.01,https://cde.ucr.cjis.gov/LATEST/webapp/#/pages/explorer/crime/crime-trend,"FBI Crime Data Explorer, Rape (NIBRS offense 11A), state summarized monthly rates summed to annual",2026-10-02
NC,2017,42.93,https://cde.ucr.cjis.gov/LATEST/webapp/#/pages/explorer/crime/crime-trend,"FBI Crime Data Explorer, Rape (NIBRS offense 11A), state summarized monthly rates summed to annual",2026-10-02
NC,2018,44.83,https://cde.ucr.cjis.gov/LATEST/webapp/#/pages/explorer/crime/crime-trend,"FBI Crime Data Explorer, Rape (NIBRS offense 11A), state summarized monthly rates summed to annual",2026-10-02
NC,2019,44.8,https://cde.ucr.cjis.gov/LATEST/webapp/#/pages/explorer/crime/crime-trend,"FBI Crime Data Explorer, Rape (NIBRS offense 11A), state summarized monthly rates summed to annual",2026-10-02
NC,2020,40.91,https://cde.ucr.cjis.gov/LATEST/webapp/#/pages/explorer/crime/crime-trend,"FBI Crime Data Explorer, Rape (NIBRS offense 11A), state summarized monthly rates summed to annual",2026-10-02
NC,2021,44.11,https://cde.ucr.cjis.gov/LATEST/webapp/#/pages/explorer/crime/crime-trend,"FBI Crime Data Explorer, Rape (NIBRS offense 11A), state summarized monthly rates summed to annual",2026-10-02
NC,2022,43.52,https://cde.ucr.cjis.gov/LATEST/webapp/#/pages/explorer/crime/crime-trend,"FBI Crime Data Explorer, Rape (NIBRS offense 11A), state summarized monthly rates summed to annual",2026-10-02
NC,2023,41.08,https://cde.ucr.cjis.gov/LATEST/webapp/#/pages/explorer/crime/crime-trend,"FBI Crime Data Explorer, Rape (NIBRS offense 11A), state summarized monthly rates summed to annual",2026-10-02
ND,2014,51.67,https://cde.ucr.cjis.gov/LATEST/webapp/#/pages/explorer/crime/crime-trend,"FBI Crime Data Explorer, Rape (NIBRS offense 11A), state summarized monthly rates summed to annual",2026-10-02
ND,2015,51.28,https://cde.ucr.cjis.gov/LATEST/webapp/#/pages/explorer/crime/crime-trend,"FBI Crime Data Explorer, Rape (NIBRS offense 11A), state summarized monthly rates summed to annual",2026-10-02
ND,2016,47.09,https://cde.ucr.cjis.gov/LATEST/webapp/#/pages/explorer/crime/crime-trend,"FBI Crime Data Explorer, Rape (NIBRS offense 11A), state summarized monthly rates summed to annual",2026-10-02
ND,2017,55.02,https://cde.ucr.cjis.gov/LATEST/webapp/#/pages/explorer/crime/crime-trend,"FBI Crime Data Explorer, Rape (NIBRS offense 11A), state summarized monthly rates summed to annual",2026-10-02
ND,2018,52.52,https://cde.ucr.cjis.gov/LATEST/webapp/#/pages/explorer/crime/crime-trend,"FBI Crime Data Explorer, Rape (NIBRS offense 11A), state summarized monthly rates summed to annual",2026-10-02
ND,2019,61.61,https://cde.ucr.cjis.gov/LATEST/webapp/#/pages/explorer/crime/crime-trend,"FBI Crime Data Explorer, Rape (NIBRS offense 11A), state summarized monthly rates summed to annual",2026-10-02
ND,2020,57.0,https://cde.ucr.cjis.gov/LATEST/webapp/#/pages/explorer/crime/crime-trend,"FBI Crime Data Explorer, Rape (NIBRS offense 11A), state summarized monthly rates summed to annual",2026-10-02
ND,2021,57.63,https://cde.ucr.cjis.gov/LATEST/webapp/#/pages/explorer/crime/crime-trend,"FBI Crime Data Explorer, Rape (NIBRS offense 11A), state summarized monthly rates summed to annual",2026-10-02
ND,2022,60.95,https://cde.ucr.cjis.gov/LATEST/webapp/#/pages/explorer/crime/crime-trend,"FBI Crime Data Explorer, Rape (NIBRS offense 11A), state summarized monthly rates summed to annual",2026-10-02
ND,2023,52.82,https://cde.ucr.cjis.gov/LATEST/webapp/#/pages/explorer/crime/crime-trend,"FBI Crime Data Explorer, Rape (NIBRS offense 11A), state summarized monthly rates summed to annual",2026-10-02
OH,2014,44.42,https://cde.ucr.cjis.gov/LATEST/webapp/#/pages/explorer/crime/crime-trend,"FBI Crime Data Explorer, Rape (NIBRS offense 11A), state summarized monthly rates summed to annual",2026-10-02
OH,2015,46.35,https://cde.ucr.cjis.gov/LATEST/webapp/#/pages/explorer/crime/crime-trend,"FBI Crime Data Explorer, Rape (NIBRS offense 11A), state summarized monthly rates summed to annual",2026-10-02
OH,2016,49.55,https://cde.ucr.cjis.gov/LATEST/webapp/#/pages/explorer/crime/crime-trend,"FBI Crime Data Explorer, Rape (NIBRS offense 11A), state summarized monthly rates summed to annual",2026-10-02
OH,2017,54.26,https://cde.ucr.cjis.gov/LATEST/webapp/#/pages/explorer/crime/crime-trend,"FBI Crime Data Explorer, Rape (NIBRS offense 11A), state summarized monthly rates summed to annual",2026-10-02
OH,2018,55.96,https://cde.ucr.cjis.gov/LATEST/webapp/#/pages/explorer/crime/crime-trend,"FBI Crime Data Explorer, Rape (NIBRS offense 11A), state summarized monthly rates summed to annual",2026-10-02
OH,2019,56.05,https://cde.ucr.cjis.gov/LATEST/webapp/#/pages/explorer/crime/crime-trend,"FBI Crime Data Explorer, Rape (NIBRS offense 11A), state summarized monthly rates summed to annual",2026-10-02
OH,2020,52.24,https://cde.ucr.cjis.gov/LATEST/webapp/#/pages/explorer/crime/crime-trend,"FBI Crime Data Explorer, Rape (NIBRS offense 11A), state summarized monthly rates summed to annual",2026-10-02
OH,2021,54.56,https://cde.ucr.cjis.gov/LATEST/webapp/#/pages/explorer/crime/crime-trend,"FBI Crime Data Explorer, Rape (NIBRS offense 11A), state summarized monthly rates summed to annual",2026-10-02
OH,2022,55.81,https://cde.ucr.cjis.gov/LATEST/webapp/#/pages/explorer/crime/crime-trend,"FBI Crime Data Explorer, Rape (NIBRS offense 11A), state summarized monthly rates summed to annual",2026-10-02
OH,2023,53.3,https://cde.ucr.cjis.gov/LATEST/webapp/#/pages/explorer/crime/crime-trend,"FBI Crime Data Explorer, Rape (NIBRS offense 11A), state summarized monthly rates summed to annual",2026-10-02
OK,2014,48.14,https://cde.ucr.cjis.gov/LATEST/webapp/#/pages/explorer/crime/crime-trend,"FBI Crime Data Explorer, Rape (NIBRS offense 11A), state summarized monthly rates summed to annual",2026-10-02
OK,2015,50.28,https://cde.ucr.cjis.gov/LATEST/webapp/#/pages/explorer/crime/crime-trend,"FBI Crime Data Explorer, Rape (NIBRS offense 11A), state summarized monthly rates summed to annual",2026-10-02
OK,2016,53.99,https://cde.ucr.cjis.gov/LATEST/webapp/#/pages/explorer/crime/crime-trend,"FBI Crime Data Explorer, Rape (NIBRS offense 11A), state summarized monthly rates summed to annual",2026-10-02
OK,2017,56.72,https://cde.ucr.cjis.gov/LATEST/webapp/#/pages/explorer/crime/crime-trend,"FBI Crime Data Explorer, Rape (NIBRS offense 11A), state summarized monthly rates summed to annual",2026-10-02
OK,2018,61.9,https://cde.ucr.cjis.gov/LATEST/webapp/#/pages/explorer/crime/crime-trend,"FBI Crime Data Explorer, Rape (NIBRS offense 11A), state summarized monthly rates summed to annual",2026-10-02
OK,2019,59.85,https://cde.ucr.cjis.gov/LATEST/webapp/#/pages/explorer/crime/crime-trend,"FBI Crime Data Explorer, Rape (NIBRS offense 11A), state summarized monthly rates summed to annual",2026-10-02
OK,2020,55.65,https://cde.ucr.cjis.gov/LATEST/webapp/#/pages/explorer/crime/crime-trend,"FBI Crime Data Explorer, Rape (NIBRS offense 11A), state summarized monthly rates summed to annual",2026-10-02
OK,2021,65.45,https://cde.ucr.cjis.gov/LATEST/webapp/#/pages/explorer/crime/crime-trend,"FBI Crime Data Explorer, Rape (NIBRS offense 11A), state summarized monthly rates summed to annual",2026-10-02
OK,2022,63.78,https://cde.ucr.cjis.gov/LATEST/webapp/#/pages/explorer/crime/crime-trend,"FBI Crime Data Explorer, Rape (NIBRS offense 11A), state summarized monthly rates summed to annual",2026-10-02
OK,2023,64.87,https://cde.ucr.cjis.gov/LATEST/webapp/#/pages/explorer/crime/crime-trend,"FBI Crime Data Explorer, Rape (NIBRS offense 11A), state summarized monthly rates summed to annual",2026-10-02
OR,2014,33.06,https://cde.ucr.cjis.gov/LATEST/webapp/#/pages/explorer/crime/crime-trend,"FBI Crime Data Explorer, Rape (NIBRS offense 11A), state summarized monthly rates summed to annual",2026-10-02
OR,2015,23.82,https://cde.ucr.cjis.gov/LATEST/webapp/#/pages/explorer/crime/crime-trend,"FBI Crime Data Explorer, Rape (NIBRS offense 11A), state summarized monthly rates summed to annual",2026-10-02
OR,2016,42.25,https://cde.ucr.cjis.gov/LATEST/webapp/#/pages/explorer/crime/crime-trend,"FBI Crime Data Explorer, Rape (NIBRS offense 11A), state summarized monthly rates summed to annual",2026-10-02
OR,2017,51.81,https://cde.ucr.cjis.gov/LATEST/webapp/#/pages/explorer/crime/crime-trend,"FBI Crime Data Explorer, Rape (NIBRS offense 11A), state summarized monthly rates summed to annual",2026-10-02
OR,2018,53.72,https://cde.ucr.cjis.gov/LATEST/webapp/#/pages/explorer/crime/crime-trend,"FBI Crime Data Explorer, Rape (NIBRS offense 11A), state summarized monthly rates summed to annual",2026-10-02
OR,2019,47.73,https://cde.ucr.cjis.gov/LATEST/webapp/#/pages/explorer/crime/crime-trend,"FBI Crime Data Explorer, Rape (NIBRS offense 11A), state summarized monthly rates summed to annual",2026-10-02
OR,2020,42.26,https://cde.ucr.cjis.gov/LATEST/webapp/#/pages/explorer/crime/crime-trend,"FBI Crime Data Explorer, Rape (NIBRS offense 11A), state summarized monthly rates summed to annual",2026-10-02
OR,2021,45.88,https://cde.ucr.cjis.gov/LATEST/webapp/#/pages/explorer/crime/crime-trend,"FBI Crime Data Explorer, Rape (NIBRS offense 11A), state summarized monthly rates summed to annual",2026-10-02
OR,2022,45.45,https://cde.ucr.cjis.gov/LATEST/webapp/#/pages/explorer/crime/crime-trend,"FBI Crime Data Explorer, Rape (NIBRS offense 11A), state summarized monthly rates summed to annual",2026-10-02
OR,2023,45.1,https://cde.ucr.cjis.gov/LATEST/webapp/#/pages/explorer/crime/crime-trend,"FBI Crime Data Explorer, Rape (NIBRS offense 11A), state summarized monthly rates summed to annual",2026-10-02
PA,2014,30.02,https://cde.ucr.cjis.gov/LATEST/webapp/#/pages/explorer/crime/crime-trend,"FBI Crime Data Explorer, Rape (NIBRS offense 11A), state summarized monthly rates summed to annual",2026-10-02
PA,2015,32.35,https://cde.ucr.cjis.gov/LATEST/webapp/#/pages/explorer/crime/crime-trend,"FBI Crime Data Explorer, Rape (NIBRS offense 11A), state summarized monthly rates summed to annual",2026-10-02
PA,2016,34.8,https://cde.ucr.cjis.gov/LATEST/webapp/#/pages/explorer/crime/crime-trend,"FBI Crime Data Explorer, Rape (NIBRS offense 11A), state summarized monthly rates summed to annual",2026-10-02
PA,2017,32.97,https://cde.ucr.cjis.gov/LATEST/webapp/#/pages/explorer/crime/crime-trend,"FBI Crime Data Explorer, Rape (NIBRS offense 11A), state summarized monthly rates summed to annual",2026-10-02
PA,2018,35.14,https://cde.ucr.cjis.gov/LATEST/webapp/#/pages/explorer/crime/crime-trend,"FBI Crime Data Explorer, Rape (NIBRS offense 11A), state summarized monthly rates summed to annual",2026-10-02
PA,2019,33.37,https://cde.ucr.cjis.gov/LATEST/webapp/#/pages/explorer/crime/crime-trend,"FBI Crime Data Explorer, Rape (NIBRS offense 11A), state summarized monthly rates summed to annual",2026-10-02
PA,2020,26.36,https://cde.ucr.cjis.gov/LATEST/webapp/#/pages/explorer/crime/crime-trend,"FBI Crime Data Explorer, Rape (NIBRS offense 11A), state summarized monthly rates summed to annual",2026-10-02
PA,2021,52.89,https://cde.ucr.cjis.gov/LATEST/webapp/#/pages/explorer/crime/crime-trend,"FBI Crime Data Explorer, Rape (NIBRS offense 11A), state summarized monthly rates summed to annual",2026-10-02
PA,2022,36.78,https://cde.ucr.cjis.gov/LATEST/webapp/#/pages/explorer/crime/crime-trend,"FBI Crime Data Explorer, Rape (NIBRS offense 11A), state summarized monthly rates summed to annual",2026-10-02
PA,2023,30.28,https://cde.ucr.cjis.gov/LATEST/webapp/#/pages/explorer/crime/crime-trend,"FBI Crime Data Explorer, Rape (NIBRS offense 11A), state summarized monthly rates summed to annual",2026-10-02
RI,2014,34.67,https://cde.ucr.cjis.gov/LATEST/webapp/#/pages/explorer/crime/crime-trend,"FBI Crime Data Explorer, Rape (NIBRS offense 11A), state summarized monthly rates summed to annual",2026-10-02
RI,2015,44.2,https://cde.ucr.cjis.gov/LATEST/webapp/#/pages/explorer/crime/crime-trend,"FBI Crime Data Explorer, Rape (NIBRS offense 11A), state summarized monthly rates summed to annual",2026-10-02
RI,2016,42.12,https://cde.ucr.cjis.gov/LATEST/webapp/#/pages/explorer/crime/crime-trend,"FBI Crime Data Explorer, Rape (NIBRS offense 11A), state summarized monthly rates summed to annual",2026-10-02
RI,2017,42.85,https://cde.ucr.cjis.gov/LATEST/webapp/#/pages/explorer/crime/crime-trend,"FBI Crime Data Explorer, Rape (NIBRS offense 11A), state summarized monthly rates summed to annual",2026-10-02
RI,2018,47.19,https://cde.ucr.cjis.gov/LATEST/webapp/#/pages/explorer/crime/crime-trend,"FBI Crime Data Explorer, Rape (NIBRS offense 11A), state summarized monthly rates summed to annual",2026-10-02
RI,2019,47.51,https://cde.ucr.cjis.gov/LATEST/webapp/#/pages/explorer/crime/crime-trend,"FBI Crime Data Explorer, Rape (NIBRS offense 11A), state summarized monthly rates summed to annual",2026-10-02
RI,2020,39.25,https://cde.ucr.cjis.gov/LATEST/webapp/#/pages/explorer/crime/crime-trend,"FBI Crime Data Explorer, Rape (NIBRS offense 11A), state summarized monthly rates summed to annual",2026-10-02
RI,2021,42.3,https://cde.ucr.cjis.gov/LATEST/webapp/#/pages/explorer/crime/crime-trend,"FBI Crime Data Explorer, Rape (NIBRS offense 11A), state summarized monthly rates summed to annual",2026-10-02
RI,2022,39.31,https://cde.ucr.cjis.gov/LATEST/webapp/#/pages/explorer/crime/crime-trend,"FBI Crime Data Explorer, Rape (NIBRS offense 11A), state summarized monthly rates summed to annual",2026-10-02
RI,2023,37.3,https://cde.ucr.cjis.gov/LATEST/webapp/#/pages/explorer/crime/crime-trend,"FBI Crime Data Explorer, Rape (NIBRS offense 11A), state summarized monthly rates summed to annual",2026-10-02
SC,2014,34.93,https://cde.ucr.cjis.gov/LATEST/webapp/#/pages/explorer/crime/crime-trend,"FBI Crime Data Explorer, Rape (NIBRS offense 11A), state summarized monthly rates summed to annual",2026-10-02
SC,2015,38.14,https://cde.ucr.cjis.gov/LATEST/webapp/#/pages/explorer/crime/crime-trend,"FBI Crime Data Explorer, Rape (NIBRS offense 11A), state summarized monthly rates summed to annual",2026-10-02
SC,2016,40.01,https://cde.ucr.cjis.gov/LATEST/webapp/#/pages/explorer/crime/crime-trend,"FBI Crime Data Explorer, Rape (NIBRS offense 11A), state summarized monthly rates summed to annual",2026-10-02
SC,2017,42.93,https://cde.ucr.cjis.gov/LATEST/webapp/#/pages/explorer/crime/crime-trend,"FBI Crime Data Explorer, Rape (NIBRS offense 11A), state summarized monthly rates summed to annual",2026-10-02
SC,2018,44.83,https://cde.ucr.cjis.gov/LATEST/webapp/#/pages/explorer/crime/crime-trend,"FBI Crime Data Explorer, Rape (NIBRS offense 11A), state summarized monthly rates summed to annual",2026-10-02
SC,2019,44.8,https://cde.ucr.cjis.gov/LATEST/webapp/#/pages/explorer/crime/crime-trend,"FBI Crime Data Explorer, Rape (NIBRS offense 11A), state summarized monthly rates summed to annual",2026-10-02
SC,2020,40.91,https://cde.ucr.cjis.gov/LATEST/webapp/#/pages/explorer/crime/crime-trend,"FBI Crime Data Explorer, Rape (NIBRS offense 11A), state summarized monthly rates summed to annual",2026-10-02
SC,2021,44.11,https://cde.ucr.cjis.gov/LATEST/webapp/#/pages/explorer/crime/crime-trend,"FBI Crime Data Explorer, Rape (NIBRS offense 11A), state summarized monthly rates summed to annual",2026-10-02
SC,2022,43.52,https://cde.ucr.cjis.gov/LATEST/webapp/#/pages/explorer/crime/crime-trend,"FBI Crime Data Explorer, Rape (NIBRS offense 11A), state summarized monthly rates summed to annual",2026-10-02
SC,2023,41.08,https://cde.ucr.cjis.gov/LATEST/webapp/#/pages/explorer/crime/crime-trend,"FBI Crime Data Explorer, Rape (NIBRS offense 11A), state summarized monthly rates summed to annual",2026-10-02
SD,2014,57.45,https://cde.ucr.cjis.gov/LATEST/webapp/#/pages/explorer/crime/crime-trend,"FBI Crime Data Explorer, Rape (NIBRS offense 11A), state summarized monthly rates summed to annual",2026-10-02
SD,2015,62.18,https://cde.ucr.cjis.gov/LATEST/webapp/#/pages/explorer/crime/crime-trend,"FBI Crime Data Explorer, Rape (NIBRS offense 11A), state summarized monthly rates summed to annual",2026-10-02
SD,2016,62.84,https://cde.ucr.cjis.gov/LATEST/webapp/#/pages/explorer/crime/crime-trend,"FBI Crime Data Explorer, Rape (NIBRS offense 11A), state summarized monthly rates summed to annual",2026-10-02
SD,2017,72.44,https://cde.ucr.cjis.gov/LATEST/webapp/#/pages/explorer/crime/crime-trend,"FBI Crime Data Explorer, Rape (NIBRS offense 11A), state summarized monthly rates summed to annual",2026-10-02
SD,2018,68.88,https://cde.ucr.cjis.gov/LATEST/webapp/#/pages/explorer/crime/crime-trend,"FBI Crime Data Explorer, Rape (NIBRS offense 11A), state summarized monthly rates summed to annual",2026-10-02
SD,2019,68.88,https://cde.ucr.cjis.gov/LATEST/webapp/#/pages/explorer/crime/crime-trend,"FBI Crime Data Explorer, Rape (NIBRS offense 11A), state summarized monthly rates summed to annual",2026-10-02
SD,2020,66.64,https://cde.ucr.cjis.gov/LATEST/webapp/#/pages/explorer/crime/crime-trend,"FBI Crime Data Explorer, Rape (NIBRS offense 11A), state summarized monthly rates summed to annual",2026-10-02
SD,2021,69.89,https://cde.ucr.cjis.gov/LATEST/webapp/#/pages/explorer/crime/crime-trend,"FBI Crime Data Explorer, Rape (NIBRS offense 11A), state summarized monthly rates summed to annual",2026-10-02
SD,2022,60.65,https://cde.ucr.cjis.gov/LATEST/webapp/#/pages/explorer/crime/crime-trend,"FBI Crime Data Explorer, Rape (NIBRS offense 11A), state summarized monthly rates summed to annual",2026-10-02
SD,2023,53.06,https://cde.ucr.cjis.gov/LATEST/webapp/#/pages/explorer/crime/crime-trend,"FBI Crime Data Explorer, Rape (NIBRS offense 11A), state summarized monthly rates summed to annual",2026-10-02
TN,2014,39.44,https://cde.ucr.cjis.gov/LATEST/webapp/#/pages/explorer/crime/crime-trend,"FBI Crime Data Explorer, Rape (NIBRS offense 11A), state summarized monthly rates summed to annual",2026-10-02
TN,2015,42.45,https://cde.ucr.cjis.gov/LATEST/webapp/#/pages/explorer/crime/crime-trend,"FBI Crime Data Explorer, Rape (NIBRS offense 11A), state summarized monthly rates summed to annual",2026-10-02
TN,2016,42.41,https://cde.ucr.cjis.gov/LATEST/webapp/#/pages/explorer/crime/crime-trend,"FBI Crime Data Explorer, Rape (NIBRS offense 11A), state summarized monthly rates summed to annual",2026-10-02
TN,2017,48.13,https://cde.ucr.cjis.gov/LATEST/webapp/#/pages/explorer/crime/crime-trend,"FBI Crime Data Explorer, Rape (NIBRS offense 11A), state summarized monthly rates summed to annual",2026-10-02
TN,2018,47.73,https://cde.ucr.cjis.gov/LATEST/webapp/#/pages/explorer/crime/crime-trend,"FBI Crime Data Explorer, Rape (NIBRS offense 11A), state summarized monthly rates summed to annual",2026-10-02
TN,2019,46.83,https://cde.ucr.cjis.gov/LATEST/webapp/#/pages/explorer/crime/crime-trend,"FBI Crime Data Explorer, Rape (NIBRS offense 11A), state summarized monthly rates summed to annual",2026-10-02
TN,2020,44.49,https://cde.ucr.cjis.gov/LATEST/webapp/#/pages/explorer/crime/crime-trend,"FBI Crime Data Explorer, Rape (NIBRS offense 11A), state summarized monthly rates summed to annual",2026-10-02
TN,2021,46.14,https://cde.ucr.cjis.gov/LATEST/webapp/#/pages/explorer/crime/crime-trend,"FBI Crime Data Explorer, Rape (NIBRS offense 11A), state summarized monthly rates summed to annual",2026-10-02
TN,2022,42.33,https://cde.ucr.cjis.gov/LATEST/webapp/#/pages/explorer/crime/crime-trend,"FBI Crime Data Explorer, Rape (NIBRS offense 11A), state summarized monthly rates summed to annual",2026-10-02
TN,2023,41.59,https://cde.ucr.cjis.gov/LATEST/webapp/#/pages/explorer/crime/crime-trend,"FBI Crime Data Explorer, Rape (NIBRS offense 11A), state summarized monthly rates summed to annual",2026-10-02
TX,2014,43.17,https://cde.ucr.cjis.gov/LATEST/webapp/#/pages/explorer/crime/crime-trend,"FBI Crime Data Explorer, Rape (NIBRS offense 11A), state summarized monthly rates summed to annual",2026-10-02
TX,2015,44.88,https://cde.ucr.cjis.gov/LATEST/webapp/#/pages/explorer/crime/crime-trend,"FBI Crime Data Explorer, Rape (NIBRS offense 11A), state summarized monthly rates summed to annual",2026-10-02
TX,2016,48.26,https://cde.ucr.cjis.gov/LATEST/webapp/#/pages/explorer/crime/crime-trend,"FBI Crime Data Explorer, Rape (NIBRS offense 11A), state summarized monthly rates summed to annual",2026-10-02
TX,2017,52.15,https://cde.ucr.cjis.gov/LATEST/webapp/#/pages/explorer/crime/crime-trend,"FBI Crime Data Explorer, Rape (NIBRS offense 11A), state summarized monthly rates summed to annual",2026-10-02
TX,2018,53.35,https://cde.ucr.cjis.gov/LATEST/webapp/#/pages/explorer/crime/crime-trend,"FBI Crime Data Explorer, Rape (NIBRS offense 11A), state summarized monthly rates summed to annual",2026-10-02
TX,2019,55.13,https://cde.ucr.cjis.gov/LATEST/webapp/#/pages/explorer/crime/crime-trend,"FBI Crime Data Explorer, Rape (NIBRS offense 11A), state summarized monthly rates summed to annual",2026-10-02
TX,2020,51.39,https://cde.ucr.cjis.gov/LATEST/webapp/#/pages/explorer/crime/crime-trend,"FBI Crime Data Explorer, Rape (NIBRS offense 11A), state summarized monthly rates summed to annual",2026-10-02
TX,2021,57.37,https://cde.ucr.cjis.gov/LATEST/webapp/#/pages/explorer/crime/crime-trend,"FBI Crime Data Explorer, Rape (NIBRS offense 11A), state summarized monthly rates summed to annual",2026-10-02
TX,2022,54.6,https://cde.ucr.cjis.gov/LATEST/webapp/#/pages/explorer/crime/crime-trend,"FBI Crime Data Explorer, Rape (NIBRS offense 11A), state summarized monthly rates summed to annual",2026-10-02
TX,2023,53.48,https://cde.ucr.cjis.gov/LATEST/webapp/#/pages/explorer/crime/crime-trend,"FBI Crime Data Explorer, Rape (NIBRS offense 11A), state summarized monthly rates summed to annual",2026-10-02
UT,2014,49.81,https://cde.ucr.cjis.gov/LATEST/webapp/#/pages/explorer/crime/crime-trend,"FBI Crime Data Explorer, Rape (NIBRS offense 11A), state summarized monthly rates summed to annual",2026-10-02
UT,2015,55.12,https://cde.ucr.cjis.gov/LATEST/webapp/#/pages/explorer/crime/crime-trend,"FBI Crime Data Explorer, Rape (NIBRS offense 11A), state summarized monthly rates summed to annual",2026-10-02
UT,2016,51.0,https://cde.ucr.cjis.gov/LATEST/webapp/#/pages/explorer/crime/crime-trend,"FBI Crime Data Explorer, Rape (NIBRS offense 11A), state summarized monthly rates summed to annual",2026-10-02
UT,2017,59.34,https://cde.ucr.cjis.gov/LATEST/webapp/#/pages/explorer/crime/crime-trend,"FBI Crime Data Explorer, Rape (NIBRS offense 11A), state summarized monthly rates summed to annual",2026-10-02
UT,2018,60.2,https://cde.ucr.cjis.gov/LATEST/webapp/#/pages/explorer/crime/crime-trend,"FBI Crime Data Explorer, Rape (NIBRS offense 11A), state summarized monthly rates summed to annual",2026-10-02
UT,2019,59.62,https://cde.ucr.cjis.gov/LATEST/webapp/#/pages/explorer/crime/crime-trend,"FBI Crime Data Explorer, Rape (NIBRS offense 11A), state summarized monthly rates summed to annual",2026-10-02
UT,2020,55.6,https://cde.ucr.cjis.gov/LATEST/webapp/#/pages/explorer/crime/crime-trend,"FBI Crime Data Explorer, Rape (NIBRS offense 11A), state summarized monthly rates summed to annual",2026-10-02
UT,2021,65.82,https://cde.ucr.cjis.gov/LATEST/webapp/#/pages/explorer/crime/crime-trend,"FBI Crime Data Explorer, Rape (NIBRS offense 11A), state summarized monthly rates summed to annual",2026-10-02
UT,2022,62.65,https://cde.ucr.cjis.gov/LATEST/webapp/#/pages/explorer/crime/crime-trend,"FBI Crime Data Explorer, Rape (NIBRS offense 11A), state summarized monthly rates summed to annual",2026-10-02
UT,2023,57.93,https://cde.ucr.cjis.gov/LATEST/webapp/#/pages/explorer/crime/crime-trend,"FBI Crime Data Explorer, Rape (NIBRS offense 11A), state summarized monthly rates summed to annual",2026-10-02
VT,2014,18.91,https://cde.ucr.cjis.gov/LATEST/webapp/#/pages/explorer/crime/crime-trend,"FBI Crime Data Explorer, Rape (NIBRS offense 11A), state summarized monthly rates summed to annual",2026-10-02
VT,2015,25.15,https://cde.ucr.cjis.gov/LATEST/webapp/#/pages/explorer/crime/crime-trend,"FBI Crime Data Explorer, Rape (NIBRS offense 11A), state summarized monthly rates summed to annual",2026-10-02
VT,2016,25.79,https://cde.ucr.cjis.gov/LATEST/webapp/#/pages/explorer/crime/crime-trend,"FBI Crime Data Explorer, Rape (NIBRS offense 11A), state summarized monthly rates summed to annual",2026-10-02
VT,2017,43.24,https://cde.ucr.cjis.gov/LATEST/webapp/#/pages/explorer/crime/crime-trend,"FBI Crime Data Explorer, Rape (NIBRS offense 11A), state summarized monthly rates summed to annual",2026-10-02
VT,2018,52.92,https://cde.ucr.cjis.gov/LATEST/webapp/#/pages/explorer/crime/crime-trend,"FBI Crime Data Explorer, Rape (NIBRS offense 11A), state summarized monthly rates summed to annual",2026-10-02
VT,2019,48.58,https://cde.ucr.cjis.gov/LATEST/webapp/#/pages/explorer/crime/crime-trend,"FBI Crime Data Explorer, Rape (NIBRS offense 11A), state summarized monthly rates summed to annual",2026-10-02
VT,2020,40.93,https://cde.ucr.cjis.gov/LATEST/webapp/#/pages/explorer/crime/crime-trend,"FBI Crime Data Explorer, Rape (NIBRS offense 11A), state summarized monthly rates summed to annual",2026-10-02
VT,2021,43.89,https://cde.ucr.cjis.gov/LATEST/webapp/#/pages/explorer/crime/crime-trend,"FBI Crime Data Explorer, Rape (NIBRS offense 11A), state summarized monthly rates summed to annual",2026-10-02
VT,2022,42.65,https://cde.ucr.cjis.gov/LATEST/webapp/#/pages/explorer/crime/crime-trend,"FBI Crime Data Explorer, Rape (NIBRS offense 11A), state summarized monthly rates summed to annual",2026-10-02
VT,2023,35.26,https://cde.ucr.cjis.gov/LATEST/webapp/#/pages/explorer/crime/crime-trend,"FBI Crime Data Explorer, Rape (NIBRS offense 11A), state summarized monthly rates summed to annual",2026-10-02
VA,2014,28.93,https://cde.ucr.cjis.gov/LATEST/webapp/#/pages/explorer/crime/crime-trend,"FBI Crime Data Explorer, Rape (NIBRS offense 11A), state summarized monthly rates summed to annual",2026-10-02
VA,2015,29.8,https://cde.ucr.cjis.gov/LATEST/webapp/#/pages/explorer/crime/crime-trend,"FBI Crime Data Explorer, Rape (NIBRS offense 11A), state summarized monthly rates summed to annual",2026-10-02
VA,2016,33.67,https://cde.ucr.cjis.gov/LATEST/webapp/#/pages/explorer/crime/crime-trend,"FBI Crime Data Explorer, Rape (NIBRS offense 11A), state summarized monthly rates summed to annual",2026-10-02
VA,2017,37.64,https://cde.ucr.cjis.gov/LATEST/webapp/#/pages/explorer/crime/crime-trend,"FBI Crime Data Explorer, Rape (NIBRS offense 11A), state summarized monthly rates summed to annual",2026-10-02
VA,2018,37.77,https://cde.ucr.cjis.gov/LATEST/webapp/#/pages/explorer/crime/crime-trend,"FBI Crime Data Explorer, Rape (NIBRS offense 11A), state summarized monthly rates summed to annual",2026-10-02
VA,2019,36.42,https://cde.ucr.cjis.gov/LATEST/webapp/#/pages/explorer/crime/crime-trend,"FBI Crime Data Explorer, Rape (NIBRS offense 11A), state summarized monthly rates summed to annual",2026-10-02
VA,2020,30.91,https://cde.ucr.cjis.gov/LATEST/webapp/#/pages/explorer/crime/crime-trend,"FBI Crime Data Explorer, Rape (NIBRS offense 11A), state summarized monthly rates summed to annual",2026-10-02
VA,2021,34.19,https://cde.ucr.cjis.gov/LATEST/webapp/#/pages/explorer/crime/crime-trend,"FBI Crime Data Explorer, Rape (NIBRS offense 11A), state summarized monthly rates summed to annual",2026-10-02
VA,2022,33.19,https://cde.ucr.cjis.gov/LATEST/webapp/#/pages/explorer/crime/crime-trend,"FBI Crime Data Explorer, Rape (NIBRS offense 11A), state summarized monthly rates summed to annual",2026-10-02
VA,2023,32.46,https://cde.ucr.cjis.gov/LATEST/webapp/#/pages/explorer/crime/crime-trend,"FBI Crime Data Explorer, Rape (NIBRS offense 11A), state summarized monthly rates summed to annual",2026-10-02
WA,2014,35.87,https://cde.ucr.cjis.gov/LATEST/webapp/#/pages/explorer/crime/crime-trend,"FBI Crime Data Explorer, Rape (NIBRS offense 11A), state summarized monthly rates summed to annual",2026-10-02
WA,2015,36.65,https://cde.ucr.cjis.gov/LATEST/webapp/#/pages/explorer/crime/crime-trend,"FBI Crime Data Explorer, Rape (NIBRS offense 11A), state summarized monthly rates summed to annual",2026-10-02
WA,2016,41.85,https://cde.ucr.cjis.gov/LATEST/webapp/#/pages/explorer/crime/crime-trend,"FBI Crime Data Explorer, Rape (NIBRS offense 11A), state summarized monthly rates summed to annual",2026-10-02
WA,2017,45.55,https://cde.ucr.cjis.gov/LATEST/webapp/#/pages/explorer/crime/crime-trend,"FBI Crime Data Explorer, Rape (NIBRS offense 11A), state summarized monthly rates summed to annual",2026-10-02
WA,2018,49.13,https://cde.ucr.cjis.gov/LATEST/webapp/#/pages/explorer/crime/crime-trend,"FBI Crime Data Explorer, Rape (NIBRS offense 11A), state summarized monthly rates summed to annual",2026-10-02
WA,2019,47.87,https://cde.ucr.cjis.gov/LATEST/webapp/#/pages/explorer/crime/crime-trend,"FBI Crime Data Explorer, Rape (NIBRS offense 11A), state summarized monthly rates summed to annual",2026-10-02
WA,2020,38.74,https://cde.ucr.cjis.gov/LATEST/webapp/#/pages/explorer/crime/crime-trend,"FBI Crime Data Explorer, Rape (NIBRS offense 11A), state summarized monthly rates summed to annual",2026-10-02
WA,2021,41.41,https://cde.ucr.cjis.gov/LATEST/webapp/#/pages/explorer/crime/crime-trend,"FBI Crime Data Explorer, Rape (NIBRS offense 11A), state summarized monthly rates summed to annual",2026-10-02
WA,2022,42.22,https://cde.ucr.cjis.gov/LATEST/webapp/#/pages/explorer/crime/crime-trend,"FBI Crime Data Explorer, Rape (NIBRS offense 11A), state summarized monthly rates summed to annual",2026-10-02
WA,2023,40.97,https://cde.ucr.cjis.gov/LATEST/webapp/#/pages/explorer/crime/crime-trend,"FBI Crime Data Explorer, Rape (NIBRS offense 11A), state summarized monthly rates summed to annual",2026-10-02
WV,2014,34.93,https://cde.ucr.cjis.gov/LATEST/webapp/#/pages/explorer/crime/crime-trend,"FBI Crime Data Explorer, Rape (NIBRS offense 11A), state summarized monthly rates summed to annual",2026-10-02
WV,2015,38.14,https://cde.ucr.cjis.gov/LATEST/webapp/#/pages/explorer/crime/crime-trend,"FBI Crime Data Explorer, Rape (NIBRS offense 11A), state summarized monthly rates summed to annual",2026-10-02
WV,2016,40.01,https://cde.ucr.cjis.gov/LATEST/webapp/#/pages/explorer/crime/crime-trend,"FBI Crime Data Explorer, Rape (NIBRS offense 11A), state summarized monthly rates summed to annual",2026-10-02
WV,2017,42.93,https://cde.ucr.cjis.gov/LATEST/webapp/#/pages/explorer/crime/crime-trend,"FBI Crime Data Explorer, Rape (NIBRS offense 11A), state summarized monthly rates summed to annual",2026-10-02
WV,2018,44.83,https://cde.ucr.cjis.gov/LATEST/webapp/#/pages/explorer/crime/crime-trend,"FBI Crime Data Explorer, Rape (NIBRS offense 11A), state summarized monthly rates summed to annual",2026-10-02
WV,2019,44.8,https://cde.ucr.cjis.gov/LATEST/webapp/#/pages/explorer/crime/crime-trend,"FBI Crime Data Explorer, Rape (NIBRS offense 11A), state summarized monthly rates summed to annual",2026-10-02
WV,2020,40.91,https://cde.ucr.cjis.gov/LATEST/webapp/#/pages/explorer/crime/crime-trend,"FBI Crime Data Explorer, Rape (NIBRS offense 11A), state summarized monthly rates summed to annual",2026-10-02
WV,2021,44.11,https://cde.ucr.cjis.gov/LATEST/webapp/#/pages/explorer/crime/crime-trend,"FBI Crime Data Explorer, Rape (NIBRS offense 11A), state summarized monthly rates summed to annual",2026-10-02
WV,2022,43.52,https://cde.ucr.cjis.gov/LATEST/webapp/#/pages/explorer/crime/crime-trend,"FBI Crime Data Explorer, Rape (NIBRS offense 11A), state summarized monthly rates summed to annual",2026-10-02
WV,2023,41.08,https://cde.ucr.cjis.gov/LATEST/webapp/#/pages/explorer/crime/crime-trend,"FBI Crime Data Explorer, Rape (NIBRS offense 11A), state summarized monthly rates summed to annual",2026-10-02
WI,2014,25.29,https://cde.ucr.cjis.gov/LATEST/webapp/#/pages/explorer/crime/crime-trend,"FBI Crime Data Explorer, Rape (NIBRS offense 11A), state summarized monthly rates summed to annual",2026-10-02
WI,2015,27.58,https://cde.ucr.cjis.gov/LATEST/webapp/#/pages/explorer/crime/crime-trend,"FBI Crime Data Explorer, Rape (NIBRS offense 11A), state summarized monthly rates summed to annual",2026-10-02
WI,2016,31.19,https://cde.ucr.cjis.gov/LATEST/webapp/#/pages/explorer/crime/crime-trend,"FBI Crime Data Explorer, Rape (NIBRS offense 11A), state summarized monthly rates summed to annual",2026-10-02
WI,2017,37.81,https://cde.ucr.cjis.gov/LATEST/webapp/#/pages/explorer/crime/crime-trend,"FBI Crime Data Explorer, Rape (NIBRS offense 11A), state summarized monthly rates summed to annual",2026-10-02
WI,2018,40.63,https://cde.ucr.cjis.gov/LATEST/webapp/#/pages/explorer/crime/crime-trend,"FBI Crime Data Explorer, Rape (NIBRS offense 11A), state summarized monthly rates summed to annual",2026-10-02
WI,2019,41.24,https://cde.ucr.cjis.gov/LATEST/webapp/#/pages/explorer/crime/crime-trend,"FBI Crime Data Explorer, Rape (NIBRS offense 11A), state summarized monthly rates summed to annual",2026-10-02
WI,2020,37.17,https://cde.ucr.cjis.gov/LATEST/webapp/#/pages/explorer/crime/crime-trend,"FBI Crime Data Explorer, Rape (NIBRS offense 11A), state summarized monthly rates summed to annual",2026-10-02
WI,2021,45.79,https://cde.ucr.cjis.gov/LATEST/webapp/#/pages/explorer/crime/crime-trend,"FBI Crime Data Explorer, Rape (NIBRS offense 11A), state summarized monthly rates summed to annual",2026-10-02
WI,2022,42.18,https://cde.ucr.cjis.gov/LATEST/webapp/#/pages/explorer/crime/crime-trend,"FBI Crime Data Explorer, Rape (NIBRS offense 11A), state summarized monthly rates summed to annual",2026-10-02
WI,2023,40.46,https://cde.ucr.cjis.gov/LATEST/webapp/#/pages/explorer/crime/crime-trend,"FBI Crime Data Explorer, Rape (NIBRS offense 11A), state summarized monthly rates summed to annual",2026-10-02
WY,2014,29.34,https://cde.ucr.cjis.gov/LATEST/webapp/#/pages/explorer/crime/crime-trend,"FBI Crime Data Explorer, Rape (NIBRS offense 11A), state summarized monthly rates summed to annual",2026-10-02
WY,2015,28.94,https://cde.ucr.cjis.gov/LATEST/webapp/#/pages/explorer/crime/crime-trend,"FBI Crime Data Explorer, Rape (NIBRS offense 11A), state summarized monthly rates summed to annual",2026-10-02
WY,2016,35.41,https://cde.ucr.cjis.gov/LATEST/webapp/#/pages/explorer/crime/crime-trend,"FBI Crime Data Explorer, Rape (NIBRS offense 11A), state summarized monthly rates summed to annual",2026-10-02
WY,2017,44.98,https://cde.ucr.cjis.gov/LATEST/webapp/#/pages/explorer/crime/crime-trend,"FBI Crime Data Explorer, Rape (NIBRS offense 11A), state summarized monthly rates summed to annual",2026-10-02
WY,2018,46.12,https://cde.ucr.cjis.gov/LATEST/webapp/#/pages/explorer/crime/crime-trend,"FBI Crime Data Explorer, Rape (NIBRS offense 11A), state summarized monthly rates summed to annual",2026-10-02
WY,2019,58.33,https://cde.ucr.cjis.gov/LATEST/webapp/#/pages/explorer/crime/crime-trend,"FBI Crime Data Explorer, Rape (NIBRS offense 11A), state summarized monthly rates summed to annual",2026-10-02
WY,2020,59.25,https://cde.ucr.cjis.gov/LATEST/webapp/#/pages/explorer/crime/crime-trend,"FBI Crime Data Explorer, Rape (NIBRS offense 11A), state summarized monthly rates summed to annual",2026-10-02
WY,2021,72.09,https://cde.ucr.cjis.gov/LATEST/webapp/#/pages/explorer/crime/crime-trend,"FBI Crime Data Explorer, Rape (NIBRS offense 11A), state summarized monthly rates summed to annual",2026-10-02
WY,2022,62.59,https://cde.ucr.cjis.gov/LATEST/webapp/#/pages/explorer/crime/crime-trend,"FBI Crime Data Explorer, Rape (NIBRS offense 11A), state summarized monthly rates summed to annual",2026-10-02
WY,2023,58.76,https://cde.ucr.cjis.gov/LATEST/webapp/#/pages/explorer/crime/crime-trend,"FBI Crime Data Explorer, Rape (NIBRS offense 11A), state summarized monthly rates summed to annual",2026-10-02
